image_path,image_name,brand
../datasets/sampled_sneakers_1024x1024\resized_padded_vans_167.jpg,resized_padded_vans_167.jpg,vans
../datasets/sampled_sneakers_1024x1024\normalized_nike_15.jpg,normalized_nike_15.jpg,nike
../datasets/sampled_sneakers_1024x1024\resized_padded_reebok_415.jpg,resized_padded_reebok_415.jpg,reebok
../datasets/sampled_sneakers_1024x1024\resized_all_vans_575.jpg,resized_all_vans_575.jpg,vans
../datasets/sampled_sneakers_1024x1024\resized_padded_underarmour_269.jpg,resized_padded_underarmour_269.jpg,underarmour
../datasets/sampled_sneakers_1024x1024\resized_all_vans_610.jpg,resized_all_vans_610.jpg,vans
../datasets/sampled_sneakers_1024x1024\resized_padded_reebok_245.jpg,resized_padded_reebok_245.jpg,reebok
../datasets/sampled_sneakers_1024x1024\normalized_nike_439.jpg,normalized_nike_439.jpg,nike
../datasets/sampled_sneakers_1024x1024\resized_padded_vans_532.jpg,resized_padded_vans_532.jpg,vans
../datasets/sampled_sneakers_1024x1024\resized_padded_puma_409.jpg,resized_padded_puma_409.jpg,puma
../datasets/sampled_sneakers_1024x1024\normalized_nike_225.jpg,normalized_nike_225.jpg,nike
../datasets/sampled_sneakers_1024x1024\resized_padded_underarmour_181.jpg,resized_padded_underarmour_181.jpg,underarmour
../datasets/sampled_sneakers_1024x1024\resized_all_vans_244.jpg,resized_all_vans_244.jpg,vans
../datasets/sampled_sneakers_1024x1024\resized_padded_vans_19.jpg,resized_padded_vans_19.jpg,vans
../datasets/sampled_sneakers_1024x1024\resized_padded_puma_5.jpg,resized_padded_puma_5.jpg,puma
../datasets/sampled_sneakers_1024x1024\resized_padded_reebok_367.jpg,resized_padded_reebok_367.jpg,reebok
../datasets/sampled_sneakers_1024x1024\resized_padded_puma_514.jpg,resized_padded_puma_514.jpg,puma
../datasets/sampled_sneakers_1024x1024\resized_all_vans_79.jpg,resized_all_vans_79.jpg,vans
../datasets/sampled_sneakers_1024x1024\resized_all_vans_57.jpg,resized_all_vans_57.jpg,vans
../datasets/sampled_sneakers_1024x1024\resized_padded_new_newbalance_13.jpg,resized_padded_new_newbalance_13.jpg,newbalance
../datasets/sampled_sneakers_1024x1024\resized_padded_reebok_204.jpg,resized_padded_reebok_204.jpg,reebok
../datasets/sampled_sneakers_1024x1024\resized_padded_puma_228.jpg,resized_padded_puma_228.jpg,puma
../datasets/sampled_sneakers_1024x1024\resized_padded_puma_307.jpg,resized_padded_puma_307.jpg,puma
../datasets/sampled_sneakers_1024x1024\normalized_nike_143.jpg,normalized_nike_143.jpg,nike
../datasets/sampled_sneakers_1024x1024\resized_padded_underarmour_22.jpg,resized_padded_underarmour_22.jpg,underarmour
../datasets/sampled_sneakers_1024x1024\resized_padded_puma_391.jpg,resized_padded_puma_391.jpg,puma
../datasets/sampled_sneakers_1024x1024\resized_padded_new_newbalance_122.jpg,resized_padded_new_newbalance_122.jpg,newbalance
../datasets/sampled_sneakers_1024x1024\resized_padded_vans_56.jpg,resized_padded_vans_56.jpg,vans
../datasets/sampled_sneakers_1024x1024\resized_all_vans_692.jpg,resized_all_vans_692.jpg,vans
../datasets/sampled_sneakers_1024x1024\resized_padded_new_newbalance_208.jpg,resized_padded_new_newbalance_208.jpg,newbalance
../datasets/sampled_sneakers_1024x1024\resized_padded_vans_338.jpg,resized_padded_vans_338.jpg,vans
../datasets/sampled_sneakers_1024x1024\resized_padded_vans_104.jpg,resized_padded_vans_104.jpg,vans
../datasets/sampled_sneakers_1024x1024\resized_padded_vans_507.jpg,resized_padded_vans_507.jpg,vans
../datasets/sampled_sneakers_1024x1024\resized_padded_puma_53.jpg,resized_padded_puma_53.jpg,puma
../datasets/sampled_sneakers_1024x1024\resized_padded_underarmour_285.jpg,resized_padded_underarmour_285.jpg,underarmour
../datasets/sampled_sneakers_1024x1024\resized_padded_puma_285.jpg,resized_padded_puma_285.jpg,puma
../datasets/sampled_sneakers_1024x1024\resized_padded_vans_182.jpg,resized_padded_vans_182.jpg,vans
../datasets/sampled_sneakers_1024x1024\resized_padded_puma_107.jpg,resized_padded_puma_107.jpg,puma
../datasets/sampled_sneakers_1024x1024\resized_padded_vans_360.jpg,resized_padded_vans_360.jpg,vans
../datasets/sampled_sneakers_1024x1024\resized_padded_reebok_339.jpg,resized_padded_reebok_339.jpg,reebok
../datasets/sampled_sneakers_1024x1024\resized_padded_vans_557.jpg,resized_padded_vans_557.jpg,vans
../datasets/sampled_sneakers_1024x1024\resized_padded_underarmour_246.jpg,resized_padded_underarmour_246.jpg,underarmour
../datasets/sampled_sneakers_1024x1024\resized_padded_reebok_377.jpg,resized_padded_reebok_377.jpg,reebok
../datasets/sampled_sneakers_1024x1024\normalized_nike_222.jpg,normalized_nike_222.jpg,nike
../datasets/sampled_sneakers_1024x1024\normalized_nike_129.jpg,normalized_nike_129.jpg,nike
../datasets/sampled_sneakers_1024x1024\resized_padded_puma_479.jpg,resized_padded_puma_479.jpg,puma
../datasets/sampled_sneakers_1024x1024\resized_all_vans_48.jpg,resized_all_vans_48.jpg,vans
../datasets/sampled_sneakers_1024x1024\normalized_nike_303.jpg,normalized_nike_303.jpg,nike
../datasets/sampled_sneakers_1024x1024\resized_padded_puma_649.jpg,resized_padded_puma_649.jpg,puma
../datasets/sampled_sneakers_1024x1024\resized_padded_underarmour_283.jpg,resized_padded_underarmour_283.jpg,underarmour
../datasets/sampled_sneakers_1024x1024\resized_padded_puma_423.jpg,resized_padded_puma_423.jpg,puma
../datasets/sampled_sneakers_1024x1024\resized_padded_vans_55.jpg,resized_padded_vans_55.jpg,vans
../datasets/sampled_sneakers_1024x1024\resized_padded_puma_465.jpg,resized_padded_puma_465.jpg,puma
../datasets/sampled_sneakers_1024x1024\resized_padded_vans_331.jpg,resized_padded_vans_331.jpg,vans
../datasets/sampled_sneakers_1024x1024\resized_padded_puma_394.jpg,resized_padded_puma_394.jpg,puma
../datasets/sampled_sneakers_1024x1024\resized_padded_vans_445.jpg,resized_padded_vans_445.jpg,vans
../datasets/sampled_sneakers_1024x1024\normalized_nike_231.jpg,normalized_nike_231.jpg,nike
../datasets/sampled_sneakers_1024x1024\normalized_nike_388.jpg,normalized_nike_388.jpg,nike
../datasets/sampled_sneakers_1024x1024\resized_padded_reebok_362.jpg,resized_padded_reebok_362.jpg,reebok
../datasets/sampled_sneakers_1024x1024\resized_padded_vans_545.jpg,resized_padded_vans_545.jpg,vans
../datasets/sampled_sneakers_1024x1024\resized_padded_new_newbalance_106.jpg,resized_padded_new_newbalance_106.jpg,newbalance
../datasets/sampled_sneakers_1024x1024\normalized_nike_197.jpg,normalized_nike_197.jpg,nike
../datasets/sampled_sneakers_1024x1024\resized_all_vans_11.jpg,resized_all_vans_11.jpg,vans
../datasets/sampled_sneakers_1024x1024\resized_all_vans_277.jpg,resized_all_vans_277.jpg,vans
../datasets/sampled_sneakers_1024x1024\resized_padded_new_newbalance_71.jpg,resized_padded_new_newbalance_71.jpg,newbalance
../datasets/sampled_sneakers_1024x1024\resized_padded_vans_490.jpg,resized_padded_vans_490.jpg,vans
../datasets/sampled_sneakers_1024x1024\resized_padded_vans_275.jpg,resized_padded_vans_275.jpg,vans
../datasets/sampled_sneakers_1024x1024\resized_padded_reebok_105.jpg,resized_padded_reebok_105.jpg,reebok
../datasets/sampled_sneakers_1024x1024\resized_padded_vans_539.jpg,resized_padded_vans_539.jpg,vans
../datasets/sampled_sneakers_1024x1024\resized_all_vans_359.jpg,resized_all_vans_359.jpg,vans
../datasets/sampled_sneakers_1024x1024\resized_all_vans_273.jpg,resized_all_vans_273.jpg,vans
../datasets/sampled_sneakers_1024x1024\normalized_nike_385.jpg,normalized_nike_385.jpg,nike
../datasets/sampled_sneakers_1024x1024\resized_all_vans_704.jpg,resized_all_vans_704.jpg,vans
../datasets/sampled_sneakers_1024x1024\resized_padded_puma_143.jpg,resized_padded_puma_143.jpg,puma
../datasets/sampled_sneakers_1024x1024\resized_padded_new_newbalance_146.jpg,resized_padded_new_newbalance_146.jpg,newbalance
../datasets/sampled_sneakers_1024x1024\normalized_nike_258.jpg,normalized_nike_258.jpg,nike
../datasets/sampled_sneakers_1024x1024\resized_padded_new_newbalance_112.jpg,resized_padded_new_newbalance_112.jpg,newbalance
../datasets/sampled_sneakers_1024x1024\resized_padded_underarmour_232.jpg,resized_padded_underarmour_232.jpg,underarmour
../datasets/sampled_sneakers_1024x1024\resized_padded_underarmour_137.jpg,resized_padded_underarmour_137.jpg,underarmour
../datasets/sampled_sneakers_1024x1024\resized_padded_reebok_365.jpg,resized_padded_reebok_365.jpg,reebok
../datasets/sampled_sneakers_1024x1024\normalized_nike_159.jpg,normalized_nike_159.jpg,nike
../datasets/sampled_sneakers_1024x1024\resized_padded_vans_588.jpg,resized_padded_vans_588.jpg,vans
../datasets/sampled_sneakers_1024x1024\resized_padded_puma_435.jpg,resized_padded_puma_435.jpg,puma
../datasets/sampled_sneakers_1024x1024\resized_all_vans_551.jpg,resized_all_vans_551.jpg,vans
../datasets/sampled_sneakers_1024x1024\resized_padded_puma_35.jpg,resized_padded_puma_35.jpg,puma
../datasets/sampled_sneakers_1024x1024\resized_padded_puma_319.jpg,resized_padded_puma_319.jpg,puma
../datasets/sampled_sneakers_1024x1024\resized_padded_puma_474.jpg,resized_padded_puma_474.jpg,puma
../datasets/sampled_sneakers_1024x1024\normalized_nike_167.jpg,normalized_nike_167.jpg,nike
../datasets/sampled_sneakers_1024x1024\resized_padded_puma_242.jpg,resized_padded_puma_242.jpg,puma
../datasets/sampled_sneakers_1024x1024\resized_padded_reebok_18.jpg,resized_padded_reebok_18.jpg,reebok
../datasets/sampled_sneakers_1024x1024\resized_padded_puma_292.jpg,resized_padded_puma_292.jpg,puma
../datasets/sampled_sneakers_1024x1024\resized_padded_underarmour_184.jpg,resized_padded_underarmour_184.jpg,underarmour
../datasets/sampled_sneakers_1024x1024\resized_padded_puma_389.jpg,resized_padded_puma_389.jpg,puma
../datasets/sampled_sneakers_1024x1024\resized_all_vans_280.jpg,resized_all_vans_280.jpg,vans
../datasets/sampled_sneakers_1024x1024\resized_padded_new_newbalance_44.jpg,resized_padded_new_newbalance_44.jpg,newbalance
../datasets/sampled_sneakers_1024x1024\resized_padded_new_newbalance_103.jpg,resized_padded_new_newbalance_103.jpg,newbalance
../datasets/sampled_sneakers_1024x1024\resized_padded_puma_263.jpg,resized_padded_puma_263.jpg,puma
../datasets/sampled_sneakers_1024x1024\resized_padded_reebok_85.jpg,resized_padded_reebok_85.jpg,reebok
../datasets/sampled_sneakers_1024x1024\resized_padded_reebok_310.jpg,resized_padded_reebok_310.jpg,reebok
../datasets/sampled_sneakers_1024x1024\resized_padded_puma_432.jpg,resized_padded_puma_432.jpg,puma
../datasets/sampled_sneakers_1024x1024\resized_padded_new_newbalance_175.jpg,resized_padded_new_newbalance_175.jpg,newbalance
../datasets/sampled_sneakers_1024x1024\resized_padded_underarmour_81.jpg,resized_padded_underarmour_81.jpg,underarmour
../datasets/sampled_sneakers_1024x1024\normalized_nike_421.jpg,normalized_nike_421.jpg,nike
../datasets/sampled_sneakers_1024x1024\resized_padded_new_newbalance_53.jpg,resized_padded_new_newbalance_53.jpg,newbalance
../datasets/sampled_sneakers_1024x1024\resized_all_vans_559.jpg,resized_all_vans_559.jpg,vans
../datasets/sampled_sneakers_1024x1024\resized_padded_reebok_400.jpg,resized_padded_reebok_400.jpg,reebok
../datasets/sampled_sneakers_1024x1024\resized_all_vans_75.jpg,resized_all_vans_75.jpg,vans
../datasets/sampled_sneakers_1024x1024\resized_padded_reebok_170.jpg,resized_padded_reebok_170.jpg,reebok
../datasets/sampled_sneakers_1024x1024\resized_padded_puma_580.jpg,resized_padded_puma_580.jpg,puma
../datasets/sampled_sneakers_1024x1024\resized_padded_new_newbalance_185.jpg,resized_padded_new_newbalance_185.jpg,newbalance
../datasets/sampled_sneakers_1024x1024\resized_padded_puma_178.jpg,resized_padded_puma_178.jpg,puma
../datasets/sampled_sneakers_1024x1024\resized_all_vans_271.jpg,resized_all_vans_271.jpg,vans
../datasets/sampled_sneakers_1024x1024\resized_all_vans_618.jpg,resized_all_vans_618.jpg,vans
../datasets/sampled_sneakers_1024x1024\resized_all_vans_427.jpg,resized_all_vans_427.jpg,vans
../datasets/sampled_sneakers_1024x1024\resized_padded_puma_411.jpg,resized_padded_puma_411.jpg,puma
../datasets/sampled_sneakers_1024x1024\normalized_nike_320.jpg,normalized_nike_320.jpg,nike
../datasets/sampled_sneakers_1024x1024\resized_padded_new_newbalance_23.jpg,resized_padded_new_newbalance_23.jpg,newbalance
../datasets/sampled_sneakers_1024x1024\resized_padded_underarmour_155.jpg,resized_padded_underarmour_155.jpg,underarmour
../datasets/sampled_sneakers_1024x1024\resized_padded_puma_445.jpg,resized_padded_puma_445.jpg,puma
../datasets/sampled_sneakers_1024x1024\normalized_nike_149.jpg,normalized_nike_149.jpg,nike
../datasets/sampled_sneakers_1024x1024\resized_padded_new_newbalance_267.jpg,resized_padded_new_newbalance_267.jpg,newbalance
../datasets/sampled_sneakers_1024x1024\resized_padded_underarmour_264.jpg,resized_padded_underarmour_264.jpg,underarmour
../datasets/sampled_sneakers_1024x1024\resized_padded_new_newbalance_139.jpg,resized_padded_new_newbalance_139.jpg,newbalance
../datasets/sampled_sneakers_1024x1024\resized_padded_vans_583.jpg,resized_padded_vans_583.jpg,vans
../datasets/sampled_sneakers_1024x1024\resized_padded_vans_370.jpg,resized_padded_vans_370.jpg,vans
../datasets/sampled_sneakers_1024x1024\normalized_nike_158.jpg,normalized_nike_158.jpg,nike
../datasets/sampled_sneakers_1024x1024\normalized_nike_263.jpg,normalized_nike_263.jpg,nike
../datasets/sampled_sneakers_1024x1024\resized_padded_puma_602.jpg,resized_padded_puma_602.jpg,puma
../datasets/sampled_sneakers_1024x1024\resized_padded_new_newbalance_20.jpg,resized_padded_new_newbalance_20.jpg,newbalance
../datasets/sampled_sneakers_1024x1024\normalized_nike_47.jpg,normalized_nike_47.jpg,nike
../datasets/sampled_sneakers_1024x1024\normalized_nike_223.jpg,normalized_nike_223.jpg,nike
../datasets/sampled_sneakers_1024x1024\resized_padded_vans_94.jpg,resized_padded_vans_94.jpg,vans
../datasets/sampled_sneakers_1024x1024\resized_padded_reebok_237.jpg,resized_padded_reebok_237.jpg,reebok
../datasets/sampled_sneakers_1024x1024\resized_padded_puma_521.jpg,resized_padded_puma_521.jpg,puma
../datasets/sampled_sneakers_1024x1024\resized_all_vans_421.jpg,resized_all_vans_421.jpg,vans
../datasets/sampled_sneakers_1024x1024\resized_padded_puma_321.jpg,resized_padded_puma_321.jpg,puma
../datasets/sampled_sneakers_1024x1024\resized_padded_vans_584.jpg,resized_padded_vans_584.jpg,vans
../datasets/sampled_sneakers_1024x1024\resized_all_vans_132.jpg,resized_all_vans_132.jpg,vans
../datasets/sampled_sneakers_1024x1024\resized_padded_reebok_364.jpg,resized_padded_reebok_364.jpg,reebok
../datasets/sampled_sneakers_1024x1024\resized_padded_vans_380.jpg,resized_padded_vans_380.jpg,vans
../datasets/sampled_sneakers_1024x1024\resized_all_vans_284.jpg,resized_all_vans_284.jpg,vans
../datasets/sampled_sneakers_1024x1024\resized_padded_new_newbalance_264.jpg,resized_padded_new_newbalance_264.jpg,newbalance
../datasets/sampled_sneakers_1024x1024\resized_padded_vans_405.jpg,resized_padded_vans_405.jpg,vans
../datasets/sampled_sneakers_1024x1024\normalized_nike_288.jpg,normalized_nike_288.jpg,nike
../datasets/sampled_sneakers_1024x1024\resized_padded_reebok_332.jpg,resized_padded_reebok_332.jpg,reebok
../datasets/sampled_sneakers_1024x1024\resized_padded_new_newbalance_131.jpg,resized_padded_new_newbalance_131.jpg,newbalance
../datasets/sampled_sneakers_1024x1024\normalized_nike_42.jpg,normalized_nike_42.jpg,nike
../datasets/sampled_sneakers_1024x1024\resized_padded_reebok_12.jpg,resized_padded_reebok_12.jpg,reebok
../datasets/sampled_sneakers_1024x1024\resized_padded_reebok_99.jpg,resized_padded_reebok_99.jpg,reebok
../datasets/sampled_sneakers_1024x1024\resized_all_vans_398.jpg,resized_all_vans_398.jpg,vans
../datasets/sampled_sneakers_1024x1024\resized_padded_underarmour_100.jpg,resized_padded_underarmour_100.jpg,underarmour
../datasets/sampled_sneakers_1024x1024\resized_padded_vans_82.jpg,resized_padded_vans_82.jpg,vans
../datasets/sampled_sneakers_1024x1024\resized_padded_underarmour_54.jpg,resized_padded_underarmour_54.jpg,underarmour
../datasets/sampled_sneakers_1024x1024\resized_padded_new_newbalance_5.jpg,resized_padded_new_newbalance_5.jpg,newbalance
../datasets/sampled_sneakers_1024x1024\resized_padded_puma_645.jpg,resized_padded_puma_645.jpg,puma
../datasets/sampled_sneakers_1024x1024\resized_padded_vans_181.jpg,resized_padded_vans_181.jpg,vans
../datasets/sampled_sneakers_1024x1024\resized_padded_vans_537.jpg,resized_padded_vans_537.jpg,vans
../datasets/sampled_sneakers_1024x1024\resized_all_vans_122.jpg,resized_all_vans_122.jpg,vans
../datasets/sampled_sneakers_1024x1024\resized_padded_reebok_416.jpg,resized_padded_reebok_416.jpg,reebok
../datasets/sampled_sneakers_1024x1024\resized_padded_puma_369.jpg,resized_padded_puma_369.jpg,puma
../datasets/sampled_sneakers_1024x1024\resized_padded_underarmour_222.jpg,resized_padded_underarmour_222.jpg,underarmour
../datasets/sampled_sneakers_1024x1024\resized_padded_puma_628.jpg,resized_padded_puma_628.jpg,puma
../datasets/sampled_sneakers_1024x1024\resized_padded_new_newbalance_202.jpg,resized_padded_new_newbalance_202.jpg,newbalance
../datasets/sampled_sneakers_1024x1024\resized_padded_reebok_329.jpg,resized_padded_reebok_329.jpg,reebok
../datasets/sampled_sneakers_1024x1024\resized_padded_vans_389.jpg,resized_padded_vans_389.jpg,vans
../datasets/sampled_sneakers_1024x1024\resized_padded_puma_162.jpg,resized_padded_puma_162.jpg,puma
../datasets/sampled_sneakers_1024x1024\resized_padded_reebok_181.jpg,resized_padded_reebok_181.jpg,reebok
../datasets/sampled_sneakers_1024x1024\resized_padded_vans_564.jpg,resized_padded_vans_564.jpg,vans
../datasets/sampled_sneakers_1024x1024\resized_padded_vans_129.jpg,resized_padded_vans_129.jpg,vans
../datasets/sampled_sneakers_1024x1024\resized_padded_puma_604.jpg,resized_padded_puma_604.jpg,puma
../datasets/sampled_sneakers_1024x1024\resized_padded_reebok_147.jpg,resized_padded_reebok_147.jpg,reebok
../datasets/sampled_sneakers_1024x1024\resized_all_vans_620.jpg,resized_all_vans_620.jpg,vans
../datasets/sampled_sneakers_1024x1024\resized_padded_puma_209.jpg,resized_padded_puma_209.jpg,puma
../datasets/sampled_sneakers_1024x1024\resized_all_vans_336.jpg,resized_all_vans_336.jpg,vans
../datasets/sampled_sneakers_1024x1024\resized_padded_new_newbalance_4.jpg,resized_padded_new_newbalance_4.jpg,newbalance
../datasets/sampled_sneakers_1024x1024\normalized_nike_21.jpg,normalized_nike_21.jpg,nike
../datasets/sampled_sneakers_1024x1024\resized_padded_puma_504.jpg,resized_padded_puma_504.jpg,puma
../datasets/sampled_sneakers_1024x1024\resized_padded_reebok_5.jpg,resized_padded_reebok_5.jpg,reebok
../datasets/sampled_sneakers_1024x1024\resized_all_vans_285.jpg,resized_all_vans_285.jpg,vans
../datasets/sampled_sneakers_1024x1024\resized_padded_puma_47.jpg,resized_padded_puma_47.jpg,puma
../datasets/sampled_sneakers_1024x1024\resized_all_vans_59.jpg,resized_all_vans_59.jpg,vans
../datasets/sampled_sneakers_1024x1024\resized_padded_underarmour_216.jpg,resized_padded_underarmour_216.jpg,underarmour
../datasets/sampled_sneakers_1024x1024\resized_all_vans_589.jpg,resized_all_vans_589.jpg,vans
../datasets/sampled_sneakers_1024x1024\resized_padded_vans_551.jpg,resized_padded_vans_551.jpg,vans
../datasets/sampled_sneakers_1024x1024\resized_padded_reebok_322.jpg,resized_padded_reebok_322.jpg,reebok
../datasets/sampled_sneakers_1024x1024\resized_padded_underarmour_210.jpg,resized_padded_underarmour_210.jpg,underarmour
../datasets/sampled_sneakers_1024x1024\resized_padded_new_newbalance_170.jpg,resized_padded_new_newbalance_170.jpg,newbalance
../datasets/sampled_sneakers_1024x1024\resized_padded_puma_511.jpg,resized_padded_puma_511.jpg,puma
../datasets/sampled_sneakers_1024x1024\resized_padded_puma_382.jpg,resized_padded_puma_382.jpg,puma
../datasets/sampled_sneakers_1024x1024\normalized_nike_428.jpg,normalized_nike_428.jpg,nike
../datasets/sampled_sneakers_1024x1024\resized_all_vans_738.jpg,resized_all_vans_738.jpg,vans
../datasets/sampled_sneakers_1024x1024\resized_padded_underarmour_252.jpg,resized_padded_underarmour_252.jpg,underarmour
../datasets/sampled_sneakers_1024x1024\resized_padded_new_newbalance_279.jpg,resized_padded_new_newbalance_279.jpg,newbalance
../datasets/sampled_sneakers_1024x1024\resized_padded_reebok_100.jpg,resized_padded_reebok_100.jpg,reebok
../datasets/sampled_sneakers_1024x1024\resized_all_vans_225.jpg,resized_all_vans_225.jpg,vans
../datasets/sampled_sneakers_1024x1024\resized_padded_reebok_198.jpg,resized_padded_reebok_198.jpg,reebok
../datasets/sampled_sneakers_1024x1024\resized_padded_puma_531.jpg,resized_padded_puma_531.jpg,puma
../datasets/sampled_sneakers_1024x1024\resized_all_vans_557.jpg,resized_all_vans_557.jpg,vans
../datasets/sampled_sneakers_1024x1024\resized_padded_puma_49.jpg,resized_padded_puma_49.jpg,puma
../datasets/sampled_sneakers_1024x1024\resized_padded_new_newbalance_93.jpg,resized_padded_new_newbalance_93.jpg,newbalance
../datasets/sampled_sneakers_1024x1024\resized_padded_new_newbalance_290.jpg,resized_padded_new_newbalance_290.jpg,newbalance
../datasets/sampled_sneakers_1024x1024\resized_padded_puma_44.jpg,resized_padded_puma_44.jpg,puma
../datasets/sampled_sneakers_1024x1024\resized_padded_vans_255.jpg,resized_padded_vans_255.jpg,vans
../datasets/sampled_sneakers_1024x1024\resized_all_vans_95.jpg,resized_all_vans_95.jpg,vans
../datasets/sampled_sneakers_1024x1024\resized_padded_vans_261.jpg,resized_padded_vans_261.jpg,vans
../datasets/sampled_sneakers_1024x1024\resized_padded_reebok_368.jpg,resized_padded_reebok_368.jpg,reebok
../datasets/sampled_sneakers_1024x1024\resized_all_vans_715.jpg,resized_all_vans_715.jpg,vans
../datasets/sampled_sneakers_1024x1024\resized_padded_puma_212.jpg,resized_padded_puma_212.jpg,puma
../datasets/sampled_sneakers_1024x1024\resized_all_vans_739.jpg,resized_all_vans_739.jpg,vans
../datasets/sampled_sneakers_1024x1024\resized_padded_vans_495.jpg,resized_padded_vans_495.jpg,vans
../datasets/sampled_sneakers_1024x1024\resized_padded_new_newbalance_275.jpg,resized_padded_new_newbalance_275.jpg,newbalance
../datasets/sampled_sneakers_1024x1024\resized_padded_puma_218.jpg,resized_padded_puma_218.jpg,puma
../datasets/sampled_sneakers_1024x1024\normalized_nike_118.jpg,normalized_nike_118.jpg,nike
../datasets/sampled_sneakers_1024x1024\resized_padded_reebok_47.jpg,resized_padded_reebok_47.jpg,reebok
../datasets/sampled_sneakers_1024x1024\resized_padded_vans_543.jpg,resized_padded_vans_543.jpg,vans
../datasets/sampled_sneakers_1024x1024\resized_padded_new_newbalance_239.jpg,resized_padded_new_newbalance_239.jpg,newbalance
../datasets/sampled_sneakers_1024x1024\resized_padded_underarmour_151.jpg,resized_padded_underarmour_151.jpg,underarmour
../datasets/sampled_sneakers_1024x1024\resized_all_vans_229.jpg,resized_all_vans_229.jpg,vans
../datasets/sampled_sneakers_1024x1024\normalized_nike_162.jpg,normalized_nike_162.jpg,nike
../datasets/sampled_sneakers_1024x1024\resized_padded_underarmour_26.jpg,resized_padded_underarmour_26.jpg,underarmour
../datasets/sampled_sneakers_1024x1024\resized_padded_reebok_347.jpg,resized_padded_reebok_347.jpg,reebok
../datasets/sampled_sneakers_1024x1024\resized_padded_vans_140.jpg,resized_padded_vans_140.jpg,vans
../datasets/sampled_sneakers_1024x1024\normalized_nike_41.jpg,normalized_nike_41.jpg,nike
../datasets/sampled_sneakers_1024x1024\resized_all_vans_269.jpg,resized_all_vans_269.jpg,vans
../datasets/sampled_sneakers_1024x1024\resized_padded_puma_15.jpg,resized_padded_puma_15.jpg,puma
../datasets/sampled_sneakers_1024x1024\resized_padded_reebok_126.jpg,resized_padded_reebok_126.jpg,reebok
../datasets/sampled_sneakers_1024x1024\resized_padded_reebok_155.jpg,resized_padded_reebok_155.jpg,reebok
../datasets/sampled_sneakers_1024x1024\resized_padded_vans_189.jpg,resized_padded_vans_189.jpg,vans
../datasets/sampled_sneakers_1024x1024\resized_all_vans_433.jpg,resized_all_vans_433.jpg,vans
../datasets/sampled_sneakers_1024x1024\resized_padded_underarmour_292.jpg,resized_padded_underarmour_292.jpg,underarmour
../datasets/sampled_sneakers_1024x1024\resized_all_vans_299.jpg,resized_all_vans_299.jpg,vans
../datasets/sampled_sneakers_1024x1024\resized_padded_vans_229.jpg,resized_padded_vans_229.jpg,vans
../datasets/sampled_sneakers_1024x1024\resized_padded_vans_110.jpg,resized_padded_vans_110.jpg,vans
../datasets/sampled_sneakers_1024x1024\resized_all_vans_68.jpg,resized_all_vans_68.jpg,vans
../datasets/sampled_sneakers_1024x1024\resized_padded_puma_96.jpg,resized_padded_puma_96.jpg,puma
../datasets/sampled_sneakers_1024x1024\resized_padded_reebok_159.jpg,resized_padded_reebok_159.jpg,reebok
../datasets/sampled_sneakers_1024x1024\resized_padded_puma_134.jpg,resized_padded_puma_134.jpg,puma
../datasets/sampled_sneakers_1024x1024\resized_padded_puma_441.jpg,resized_padded_puma_441.jpg,puma
../datasets/sampled_sneakers_1024x1024\resized_padded_reebok_247.jpg,resized_padded_reebok_247.jpg,reebok
../datasets/sampled_sneakers_1024x1024\normalized_nike_368.jpg,normalized_nike_368.jpg,nike
../datasets/sampled_sneakers_1024x1024\resized_padded_new_newbalance_87.jpg,resized_padded_new_newbalance_87.jpg,newbalance
../datasets/sampled_sneakers_1024x1024\resized_all_vans_413.jpg,resized_all_vans_413.jpg,vans
../datasets/sampled_sneakers_1024x1024\normalized_nike_12.jpg,normalized_nike_12.jpg,nike
../datasets/sampled_sneakers_1024x1024\resized_padded_underarmour_243.jpg,resized_padded_underarmour_243.jpg,underarmour
../datasets/sampled_sneakers_1024x1024\resized_padded_puma_121.jpg,resized_padded_puma_121.jpg,puma
../datasets/sampled_sneakers_1024x1024\normalized_nike_465.jpg,normalized_nike_465.jpg,nike
../datasets/sampled_sneakers_1024x1024\resized_padded_puma_638.jpg,resized_padded_puma_638.jpg,puma
../datasets/sampled_sneakers_1024x1024\resized_all_vans_308.jpg,resized_all_vans_308.jpg,vans
../datasets/sampled_sneakers_1024x1024\resized_padded_vans_319.jpg,resized_padded_vans_319.jpg,vans
../datasets/sampled_sneakers_1024x1024\resized_padded_puma_164.jpg,resized_padded_puma_164.jpg,puma
../datasets/sampled_sneakers_1024x1024\resized_padded_underarmour_235.jpg,resized_padded_underarmour_235.jpg,underarmour
../datasets/sampled_sneakers_1024x1024\resized_padded_reebok_429.jpg,resized_padded_reebok_429.jpg,reebok
../datasets/sampled_sneakers_1024x1024\resized_padded_puma_337.jpg,resized_padded_puma_337.jpg,puma
../datasets/sampled_sneakers_1024x1024\normalized_nike_475.jpg,normalized_nike_475.jpg,nike
../datasets/sampled_sneakers_1024x1024\resized_padded_vans_437.jpg,resized_padded_vans_437.jpg,vans
../datasets/sampled_sneakers_1024x1024\normalized_nike_2.jpg,normalized_nike_2.jpg,nike
../datasets/sampled_sneakers_1024x1024\resized_padded_new_newbalance_188.jpg,resized_padded_new_newbalance_188.jpg,newbalance
../datasets/sampled_sneakers_1024x1024\resized_all_vans_651.jpg,resized_all_vans_651.jpg,vans
../datasets/sampled_sneakers_1024x1024\resized_all_vans_449.jpg,resized_all_vans_449.jpg,vans
../datasets/sampled_sneakers_1024x1024\resized_padded_new_newbalance_21.jpg,resized_padded_new_newbalance_21.jpg,newbalance
../datasets/sampled_sneakers_1024x1024\resized_padded_new_newbalance_277.jpg,resized_padded_new_newbalance_277.jpg,newbalance
../datasets/sampled_sneakers_1024x1024\resized_padded_reebok_240.jpg,resized_padded_reebok_240.jpg,reebok
../datasets/sampled_sneakers_1024x1024\resized_padded_puma_251.jpg,resized_padded_puma_251.jpg,puma
../datasets/sampled_sneakers_1024x1024\resized_padded_vans_95.jpg,resized_padded_vans_95.jpg,vans
../datasets/sampled_sneakers_1024x1024\resized_padded_puma_246.jpg,resized_padded_puma_246.jpg,puma
../datasets/sampled_sneakers_1024x1024\normalized_nike_243.jpg,normalized_nike_243.jpg,nike
../datasets/sampled_sneakers_1024x1024\resized_padded_underarmour_59.jpg,resized_padded_underarmour_59.jpg,underarmour
../datasets/sampled_sneakers_1024x1024\resized_padded_puma_534.jpg,resized_padded_puma_534.jpg,puma
../datasets/sampled_sneakers_1024x1024\resized_padded_underarmour_61.jpg,resized_padded_underarmour_61.jpg,underarmour
../datasets/sampled_sneakers_1024x1024\resized_padded_vans_162.jpg,resized_padded_vans_162.jpg,vans
../datasets/sampled_sneakers_1024x1024\resized_all_vans_414.jpg,resized_all_vans_414.jpg,vans
../datasets/sampled_sneakers_1024x1024\resized_all_vans_87.jpg,resized_all_vans_87.jpg,vans
../datasets/sampled_sneakers_1024x1024\resized_padded_underarmour_63.jpg,resized_padded_underarmour_63.jpg,underarmour
../datasets/sampled_sneakers_1024x1024\resized_padded_vans_233.jpg,resized_padded_vans_233.jpg,vans
../datasets/sampled_sneakers_1024x1024\resized_all_vans_705.jpg,resized_all_vans_705.jpg,vans
../datasets/sampled_sneakers_1024x1024\normalized_nike_251.jpg,normalized_nike_251.jpg,nike
../datasets/sampled_sneakers_1024x1024\resized_padded_underarmour_15.jpg,resized_padded_underarmour_15.jpg,underarmour
../datasets/sampled_sneakers_1024x1024\resized_padded_underarmour_193.jpg,resized_padded_underarmour_193.jpg,underarmour
../datasets/sampled_sneakers_1024x1024\normalized_nike_51.jpg,normalized_nike_51.jpg,nike
../datasets/sampled_sneakers_1024x1024\resized_padded_reebok_10.jpg,resized_padded_reebok_10.jpg,reebok
../datasets/sampled_sneakers_1024x1024\resized_padded_new_newbalance_42.jpg,resized_padded_new_newbalance_42.jpg,newbalance
../datasets/sampled_sneakers_1024x1024\resized_all_vans_714.jpg,resized_all_vans_714.jpg,vans
../datasets/sampled_sneakers_1024x1024\resized_padded_vans_321.jpg,resized_padded_vans_321.jpg,vans
../datasets/sampled_sneakers_1024x1024\resized_padded_reebok_260.jpg,resized_padded_reebok_260.jpg,reebok
../datasets/sampled_sneakers_1024x1024\resized_padded_vans_435.jpg,resized_padded_vans_435.jpg,vans
../datasets/sampled_sneakers_1024x1024\resized_padded_vans_173.jpg,resized_padded_vans_173.jpg,vans
../datasets/sampled_sneakers_1024x1024\resized_padded_vans_130.jpg,resized_padded_vans_130.jpg,vans
../datasets/sampled_sneakers_1024x1024\resized_padded_reebok_4.jpg,resized_padded_reebok_4.jpg,reebok
../datasets/sampled_sneakers_1024x1024\resized_padded_puma_415.jpg,resized_padded_puma_415.jpg,puma
../datasets/sampled_sneakers_1024x1024\resized_padded_new_newbalance_226.jpg,resized_padded_new_newbalance_226.jpg,newbalance
../datasets/sampled_sneakers_1024x1024\resized_padded_reebok_150.jpg,resized_padded_reebok_150.jpg,reebok
../datasets/sampled_sneakers_1024x1024\normalized_nike_473.jpg,normalized_nike_473.jpg,nike
../datasets/sampled_sneakers_1024x1024\resized_all_vans_310.jpg,resized_all_vans_310.jpg,vans
../datasets/sampled_sneakers_1024x1024\resized_padded_puma_184.jpg,resized_padded_puma_184.jpg,puma
../datasets/sampled_sneakers_1024x1024\resized_padded_underarmour_46.jpg,resized_padded_underarmour_46.jpg,underarmour
../datasets/sampled_sneakers_1024x1024\resized_padded_vans_521.jpg,resized_padded_vans_521.jpg,vans
../datasets/sampled_sneakers_1024x1024\resized_padded_vans_281.jpg,resized_padded_vans_281.jpg,vans
../datasets/sampled_sneakers_1024x1024\normalized_nike_169.jpg,normalized_nike_169.jpg,nike
../datasets/sampled_sneakers_1024x1024\resized_padded_vans_597.jpg,resized_padded_vans_597.jpg,vans
../datasets/sampled_sneakers_1024x1024\normalized_nike_32.jpg,normalized_nike_32.jpg,nike
../datasets/sampled_sneakers_1024x1024\resized_padded_vans_295.jpg,resized_padded_vans_295.jpg,vans
../datasets/sampled_sneakers_1024x1024\resized_padded_puma_193.jpg,resized_padded_puma_193.jpg,puma
../datasets/sampled_sneakers_1024x1024\resized_all_vans_160.jpg,resized_all_vans_160.jpg,vans
../datasets/sampled_sneakers_1024x1024\resized_padded_puma_583.jpg,resized_padded_puma_583.jpg,puma
../datasets/sampled_sneakers_1024x1024\resized_padded_puma_305.jpg,resized_padded_puma_305.jpg,puma
../datasets/sampled_sneakers_1024x1024\resized_padded_underarmour_196.jpg,resized_padded_underarmour_196.jpg,underarmour
../datasets/sampled_sneakers_1024x1024\resized_padded_reebok_189.jpg,resized_padded_reebok_189.jpg,reebok
../datasets/sampled_sneakers_1024x1024\resized_padded_underarmour_51.jpg,resized_padded_underarmour_51.jpg,underarmour
../datasets/sampled_sneakers_1024x1024\normalized_nike_408.jpg,normalized_nike_408.jpg,nike
../datasets/sampled_sneakers_1024x1024\resized_all_vans_416.jpg,resized_all_vans_416.jpg,vans
../datasets/sampled_sneakers_1024x1024\resized_padded_vans_575.jpg,resized_padded_vans_575.jpg,vans
../datasets/sampled_sneakers_1024x1024\normalized_nike_188.jpg,normalized_nike_188.jpg,nike
../datasets/sampled_sneakers_1024x1024\resized_all_vans_287.jpg,resized_all_vans_287.jpg,vans
../datasets/sampled_sneakers_1024x1024\resized_padded_puma_383.jpg,resized_padded_puma_383.jpg,puma
../datasets/sampled_sneakers_1024x1024\normalized_nike_140.jpg,normalized_nike_140.jpg,nike
../datasets/sampled_sneakers_1024x1024\resized_all_vans_27.jpg,resized_all_vans_27.jpg,vans
../datasets/sampled_sneakers_1024x1024\resized_all_vans_65.jpg,resized_all_vans_65.jpg,vans
../datasets/sampled_sneakers_1024x1024\resized_padded_underarmour_281.jpg,resized_padded_underarmour_281.jpg,underarmour
../datasets/sampled_sneakers_1024x1024\resized_padded_puma_540.jpg,resized_padded_puma_540.jpg,puma
../datasets/sampled_sneakers_1024x1024\resized_padded_puma_151.jpg,resized_padded_puma_151.jpg,puma
../datasets/sampled_sneakers_1024x1024\resized_padded_reebok_102.jpg,resized_padded_reebok_102.jpg,reebok
../datasets/sampled_sneakers_1024x1024\resized_padded_underarmour_166.jpg,resized_padded_underarmour_166.jpg,underarmour
../datasets/sampled_sneakers_1024x1024\resized_all_vans_328.jpg,resized_all_vans_328.jpg,vans
../datasets/sampled_sneakers_1024x1024\resized_padded_puma_367.jpg,resized_padded_puma_367.jpg,puma
../datasets/sampled_sneakers_1024x1024\resized_all_vans_389.jpg,resized_all_vans_389.jpg,vans
../datasets/sampled_sneakers_1024x1024\normalized_nike_299.jpg,normalized_nike_299.jpg,nike
../datasets/sampled_sneakers_1024x1024\resized_padded_new_newbalance_296.jpg,resized_padded_new_newbalance_296.jpg,newbalance
../datasets/sampled_sneakers_1024x1024\resized_padded_reebok_177.jpg,resized_padded_reebok_177.jpg,reebok
../datasets/sampled_sneakers_1024x1024\resized_padded_vans_430.jpg,resized_padded_vans_430.jpg,vans
../datasets/sampled_sneakers_1024x1024\resized_padded_puma_344.jpg,resized_padded_puma_344.jpg,puma
../datasets/sampled_sneakers_1024x1024\resized_padded_new_newbalance_130.jpg,resized_padded_new_newbalance_130.jpg,newbalance
../datasets/sampled_sneakers_1024x1024\resized_padded_puma_581.jpg,resized_padded_puma_581.jpg,puma
../datasets/sampled_sneakers_1024x1024\resized_all_vans_574.jpg,resized_all_vans_574.jpg,vans
../datasets/sampled_sneakers_1024x1024\resized_padded_vans_392.jpg,resized_padded_vans_392.jpg,vans
../datasets/sampled_sneakers_1024x1024\resized_padded_puma_198.jpg,resized_padded_puma_198.jpg,puma
../datasets/sampled_sneakers_1024x1024\resized_padded_vans_49.jpg,resized_padded_vans_49.jpg,vans
../datasets/sampled_sneakers_1024x1024\resized_padded_reebok_163.jpg,resized_padded_reebok_163.jpg,reebok
../datasets/sampled_sneakers_1024x1024\resized_padded_puma_174.jpg,resized_padded_puma_174.jpg,puma
../datasets/sampled_sneakers_1024x1024\normalized_nike_453.jpg,normalized_nike_453.jpg,nike
../datasets/sampled_sneakers_1024x1024\resized_all_vans_151.jpg,resized_all_vans_151.jpg,vans
../datasets/sampled_sneakers_1024x1024\normalized_nike_284.jpg,normalized_nike_284.jpg,nike
../datasets/sampled_sneakers_1024x1024\resized_padded_vans_461.jpg,resized_padded_vans_461.jpg,vans
../datasets/sampled_sneakers_1024x1024\resized_padded_puma_224.jpg,resized_padded_puma_224.jpg,puma
../datasets/sampled_sneakers_1024x1024\resized_all_vans_332.jpg,resized_all_vans_332.jpg,vans
../datasets/sampled_sneakers_1024x1024\resized_padded_vans_541.jpg,resized_padded_vans_541.jpg,vans
../datasets/sampled_sneakers_1024x1024\resized_padded_vans_594.jpg,resized_padded_vans_594.jpg,vans
../datasets/sampled_sneakers_1024x1024\normalized_nike_450.jpg,normalized_nike_450.jpg,nike
../datasets/sampled_sneakers_1024x1024\resized_all_vans_257.jpg,resized_all_vans_257.jpg,vans
../datasets/sampled_sneakers_1024x1024\resized_padded_new_newbalance_59.jpg,resized_padded_new_newbalance_59.jpg,newbalance
../datasets/sampled_sneakers_1024x1024\resized_padded_puma_129.jpg,resized_padded_puma_129.jpg,puma
../datasets/sampled_sneakers_1024x1024\resized_padded_puma_260.jpg,resized_padded_puma_260.jpg,puma
../datasets/sampled_sneakers_1024x1024\resized_padded_vans_388.jpg,resized_padded_vans_388.jpg,vans
../datasets/sampled_sneakers_1024x1024\resized_all_vans_240.jpg,resized_all_vans_240.jpg,vans
../datasets/sampled_sneakers_1024x1024\resized_padded_puma_398.jpg,resized_padded_puma_398.jpg,puma
../datasets/sampled_sneakers_1024x1024\resized_padded_puma_29.jpg,resized_padded_puma_29.jpg,puma
../datasets/sampled_sneakers_1024x1024\resized_padded_vans_208.jpg,resized_padded_vans_208.jpg,vans
../datasets/sampled_sneakers_1024x1024\resized_padded_reebok_264.jpg,resized_padded_reebok_264.jpg,reebok
../datasets/sampled_sneakers_1024x1024\resized_padded_puma_43.jpg,resized_padded_puma_43.jpg,puma
../datasets/sampled_sneakers_1024x1024\resized_padded_reebok_433.jpg,resized_padded_reebok_433.jpg,reebok
../datasets/sampled_sneakers_1024x1024\normalized_nike_346.jpg,normalized_nike_346.jpg,nike
../datasets/sampled_sneakers_1024x1024\normalized_nike_464.jpg,normalized_nike_464.jpg,nike
../datasets/sampled_sneakers_1024x1024\normalized_nike_220.jpg,normalized_nike_220.jpg,nike
../datasets/sampled_sneakers_1024x1024\resized_padded_puma_372.jpg,resized_padded_puma_372.jpg,puma
../datasets/sampled_sneakers_1024x1024\resized_all_vans_205.jpg,resized_all_vans_205.jpg,vans
../datasets/sampled_sneakers_1024x1024\resized_all_vans_292.jpg,resized_all_vans_292.jpg,vans
../datasets/sampled_sneakers_1024x1024\resized_padded_underarmour_2.jpg,resized_padded_underarmour_2.jpg,underarmour
../datasets/sampled_sneakers_1024x1024\resized_padded_puma_144.jpg,resized_padded_puma_144.jpg,puma
../datasets/sampled_sneakers_1024x1024\normalized_nike_11.jpg,normalized_nike_11.jpg,nike
../datasets/sampled_sneakers_1024x1024\resized_all_vans_198.jpg,resized_all_vans_198.jpg,vans
../datasets/sampled_sneakers_1024x1024\resized_padded_reebok_88.jpg,resized_padded_reebok_88.jpg,reebok
../datasets/sampled_sneakers_1024x1024\resized_padded_puma_470.jpg,resized_padded_puma_470.jpg,puma
../datasets/sampled_sneakers_1024x1024\resized_padded_vans_305.jpg,resized_padded_vans_305.jpg,vans
../datasets/sampled_sneakers_1024x1024\resized_padded_underarmour_226.jpg,resized_padded_underarmour_226.jpg,underarmour
../datasets/sampled_sneakers_1024x1024\resized_padded_vans_37.jpg,resized_padded_vans_37.jpg,vans
../datasets/sampled_sneakers_1024x1024\resized_padded_new_newbalance_184.jpg,resized_padded_new_newbalance_184.jpg,newbalance
../datasets/sampled_sneakers_1024x1024\resized_padded_underarmour_211.jpg,resized_padded_underarmour_211.jpg,underarmour
../datasets/sampled_sneakers_1024x1024\resized_padded_vans_148.jpg,resized_padded_vans_148.jpg,vans
../datasets/sampled_sneakers_1024x1024\resized_padded_puma_258.jpg,resized_padded_puma_258.jpg,puma
../datasets/sampled_sneakers_1024x1024\resized_all_vans_214.jpg,resized_all_vans_214.jpg,vans
../datasets/sampled_sneakers_1024x1024\resized_padded_underarmour_13.jpg,resized_padded_underarmour_13.jpg,underarmour
../datasets/sampled_sneakers_1024x1024\resized_padded_puma_158.jpg,resized_padded_puma_158.jpg,puma
../datasets/sampled_sneakers_1024x1024\normalized_nike_171.jpg,normalized_nike_171.jpg,nike
../datasets/sampled_sneakers_1024x1024\normalized_nike_242.jpg,normalized_nike_242.jpg,nike
../datasets/sampled_sneakers_1024x1024\normalized_nike_495.jpg,normalized_nike_495.jpg,nike
../datasets/sampled_sneakers_1024x1024\resized_padded_puma_368.jpg,resized_padded_puma_368.jpg,puma
../datasets/sampled_sneakers_1024x1024\resized_padded_underarmour_199.jpg,resized_padded_underarmour_199.jpg,underarmour
../datasets/sampled_sneakers_1024x1024\normalized_nike_293.jpg,normalized_nike_293.jpg,nike
../datasets/sampled_sneakers_1024x1024\resized_padded_puma_124.jpg,resized_padded_puma_124.jpg,puma
../datasets/sampled_sneakers_1024x1024\resized_padded_reebok_282.jpg,resized_padded_reebok_282.jpg,reebok
../datasets/sampled_sneakers_1024x1024\resized_padded_new_newbalance_74.jpg,resized_padded_new_newbalance_74.jpg,newbalance
../datasets/sampled_sneakers_1024x1024\resized_padded_puma_620.jpg,resized_padded_puma_620.jpg,puma
../datasets/sampled_sneakers_1024x1024\resized_padded_reebok_366.jpg,resized_padded_reebok_366.jpg,reebok
../datasets/sampled_sneakers_1024x1024\resized_padded_new_newbalance_268.jpg,resized_padded_new_newbalance_268.jpg,newbalance
../datasets/sampled_sneakers_1024x1024\resized_padded_puma_61.jpg,resized_padded_puma_61.jpg,puma
../datasets/sampled_sneakers_1024x1024\resized_padded_new_newbalance_251.jpg,resized_padded_new_newbalance_251.jpg,newbalance
../datasets/sampled_sneakers_1024x1024\resized_all_vans_591.jpg,resized_all_vans_591.jpg,vans
../datasets/sampled_sneakers_1024x1024\resized_all_vans_282.jpg,resized_all_vans_282.jpg,vans
../datasets/sampled_sneakers_1024x1024\resized_padded_puma_352.jpg,resized_padded_puma_352.jpg,puma
../datasets/sampled_sneakers_1024x1024\resized_all_vans_189.jpg,resized_all_vans_189.jpg,vans
../datasets/sampled_sneakers_1024x1024\resized_padded_vans_117.jpg,resized_padded_vans_117.jpg,vans
../datasets/sampled_sneakers_1024x1024\normalized_nike_230.jpg,normalized_nike_230.jpg,nike
../datasets/sampled_sneakers_1024x1024\normalized_nike_363.jpg,normalized_nike_363.jpg,nike
../datasets/sampled_sneakers_1024x1024\resized_padded_puma_633.jpg,resized_padded_puma_633.jpg,puma
../datasets/sampled_sneakers_1024x1024\resized_all_vans_401.jpg,resized_all_vans_401.jpg,vans
../datasets/sampled_sneakers_1024x1024\normalized_nike_461.jpg,normalized_nike_461.jpg,nike
../datasets/sampled_sneakers_1024x1024\normalized_nike_341.jpg,normalized_nike_341.jpg,nike
../datasets/sampled_sneakers_1024x1024\normalized_nike_276.jpg,normalized_nike_276.jpg,nike
../datasets/sampled_sneakers_1024x1024\resized_padded_reebok_113.jpg,resized_padded_reebok_113.jpg,reebok
../datasets/sampled_sneakers_1024x1024\resized_padded_vans_413.jpg,resized_padded_vans_413.jpg,vans
../datasets/sampled_sneakers_1024x1024\resized_padded_new_newbalance_162.jpg,resized_padded_new_newbalance_162.jpg,newbalance
../datasets/sampled_sneakers_1024x1024\resized_all_vans_675.jpg,resized_all_vans_675.jpg,vans
../datasets/sampled_sneakers_1024x1024\resized_padded_vans_219.jpg,resized_padded_vans_219.jpg,vans
../datasets/sampled_sneakers_1024x1024\resized_all_vans_233.jpg,resized_all_vans_233.jpg,vans
../datasets/sampled_sneakers_1024x1024\resized_padded_reebok_231.jpg,resized_padded_reebok_231.jpg,reebok
../datasets/sampled_sneakers_1024x1024\resized_padded_puma_10.jpg,resized_padded_puma_10.jpg,puma
../datasets/sampled_sneakers_1024x1024\resized_padded_underarmour_253.jpg,resized_padded_underarmour_253.jpg,underarmour
../datasets/sampled_sneakers_1024x1024\resized_padded_vans_344.jpg,resized_padded_vans_344.jpg,vans
../datasets/sampled_sneakers_1024x1024\resized_padded_vans_447.jpg,resized_padded_vans_447.jpg,vans
../datasets/sampled_sneakers_1024x1024\resized_padded_new_newbalance_157.jpg,resized_padded_new_newbalance_157.jpg,newbalance
../datasets/sampled_sneakers_1024x1024\resized_padded_vans_35.jpg,resized_padded_vans_35.jpg,vans
../datasets/sampled_sneakers_1024x1024\normalized_nike_427.jpg,normalized_nike_427.jpg,nike
../datasets/sampled_sneakers_1024x1024\resized_padded_vans_352.jpg,resized_padded_vans_352.jpg,vans
../datasets/sampled_sneakers_1024x1024\resized_padded_underarmour_91.jpg,resized_padded_underarmour_91.jpg,underarmour
../datasets/sampled_sneakers_1024x1024\resized_padded_puma_353.jpg,resized_padded_puma_353.jpg,puma
../datasets/sampled_sneakers_1024x1024\resized_padded_reebok_297.jpg,resized_padded_reebok_297.jpg,reebok
../datasets/sampled_sneakers_1024x1024\resized_padded_new_newbalance_56.jpg,resized_padded_new_newbalance_56.jpg,newbalance
../datasets/sampled_sneakers_1024x1024\resized_padded_underarmour_121.jpg,resized_padded_underarmour_121.jpg,underarmour
../datasets/sampled_sneakers_1024x1024\resized_all_vans_506.jpg,resized_all_vans_506.jpg,vans
../datasets/sampled_sneakers_1024x1024\resized_padded_new_newbalance_160.jpg,resized_padded_new_newbalance_160.jpg,newbalance
../datasets/sampled_sneakers_1024x1024\resized_padded_puma_181.jpg,resized_padded_puma_181.jpg,puma
../datasets/sampled_sneakers_1024x1024\resized_padded_underarmour_40.jpg,resized_padded_underarmour_40.jpg,underarmour
../datasets/sampled_sneakers_1024x1024\resized_padded_puma_582.jpg,resized_padded_puma_582.jpg,puma
../datasets/sampled_sneakers_1024x1024\resized_all_vans_395.jpg,resized_all_vans_395.jpg,vans
../datasets/sampled_sneakers_1024x1024\resized_padded_vans_359.jpg,resized_padded_vans_359.jpg,vans
../datasets/sampled_sneakers_1024x1024\resized_all_vans_619.jpg,resized_all_vans_619.jpg,vans
../datasets/sampled_sneakers_1024x1024\resized_padded_puma_349.jpg,resized_padded_puma_349.jpg,puma
../datasets/sampled_sneakers_1024x1024\normalized_nike_221.jpg,normalized_nike_221.jpg,nike
../datasets/sampled_sneakers_1024x1024\resized_all_vans_576.jpg,resized_all_vans_576.jpg,vans
../datasets/sampled_sneakers_1024x1024\resized_padded_vans_476.jpg,resized_padded_vans_476.jpg,vans
../datasets/sampled_sneakers_1024x1024\resized_all_vans_604.jpg,resized_all_vans_604.jpg,vans
../datasets/sampled_sneakers_1024x1024\resized_all_vans_568.jpg,resized_all_vans_568.jpg,vans
../datasets/sampled_sneakers_1024x1024\resized_padded_vans_62.jpg,resized_padded_vans_62.jpg,vans
../datasets/sampled_sneakers_1024x1024\resized_padded_new_newbalance_58.jpg,resized_padded_new_newbalance_58.jpg,newbalance
../datasets/sampled_sneakers_1024x1024\normalized_nike_161.jpg,normalized_nike_161.jpg,nike
../datasets/sampled_sneakers_1024x1024\resized_padded_reebok_20.jpg,resized_padded_reebok_20.jpg,reebok
../datasets/sampled_sneakers_1024x1024\resized_padded_puma_476.jpg,resized_padded_puma_476.jpg,puma
../datasets/sampled_sneakers_1024x1024\normalized_nike_383.jpg,normalized_nike_383.jpg,nike
../datasets/sampled_sneakers_1024x1024\resized_padded_reebok_350.jpg,resized_padded_reebok_350.jpg,reebok
../datasets/sampled_sneakers_1024x1024\resized_padded_underarmour_108.jpg,resized_padded_underarmour_108.jpg,underarmour
../datasets/sampled_sneakers_1024x1024\resized_padded_puma_461.jpg,resized_padded_puma_461.jpg,puma
../datasets/sampled_sneakers_1024x1024\resized_all_vans_263.jpg,resized_all_vans_263.jpg,vans
../datasets/sampled_sneakers_1024x1024\resized_all_vans_652.jpg,resized_all_vans_652.jpg,vans
../datasets/sampled_sneakers_1024x1024\resized_padded_puma_341.jpg,resized_padded_puma_341.jpg,puma
../datasets/sampled_sneakers_1024x1024\resized_all_vans_634.jpg,resized_all_vans_634.jpg,vans
../datasets/sampled_sneakers_1024x1024\resized_padded_puma_489.jpg,resized_padded_puma_489.jpg,puma
../datasets/sampled_sneakers_1024x1024\resized_padded_underarmour_84.jpg,resized_padded_underarmour_84.jpg,underarmour
../datasets/sampled_sneakers_1024x1024\resized_padded_vans_394.jpg,resized_padded_vans_394.jpg,vans
../datasets/sampled_sneakers_1024x1024\resized_padded_underarmour_282.jpg,resized_padded_underarmour_282.jpg,underarmour
../datasets/sampled_sneakers_1024x1024\normalized_nike_463.jpg,normalized_nike_463.jpg,nike
../datasets/sampled_sneakers_1024x1024\resized_all_vans_177.jpg,resized_all_vans_177.jpg,vans
../datasets/sampled_sneakers_1024x1024\resized_padded_vans_170.jpg,resized_padded_vans_170.jpg,vans
../datasets/sampled_sneakers_1024x1024\resized_all_vans_124.jpg,resized_all_vans_124.jpg,vans
../datasets/sampled_sneakers_1024x1024\resized_padded_reebok_411.jpg,resized_padded_reebok_411.jpg,reebok
../datasets/sampled_sneakers_1024x1024\resized_all_vans_150.jpg,resized_all_vans_150.jpg,vans
../datasets/sampled_sneakers_1024x1024\resized_all_vans_115.jpg,resized_all_vans_115.jpg,vans
../datasets/sampled_sneakers_1024x1024\resized_padded_underarmour_80.jpg,resized_padded_underarmour_80.jpg,underarmour
../datasets/sampled_sneakers_1024x1024\resized_padded_puma_326.jpg,resized_padded_puma_326.jpg,puma
../datasets/sampled_sneakers_1024x1024\resized_all_vans_685.jpg,resized_all_vans_685.jpg,vans
../datasets/sampled_sneakers_1024x1024\normalized_nike_295.jpg,normalized_nike_295.jpg,nike
../datasets/sampled_sneakers_1024x1024\resized_padded_vans_160.jpg,resized_padded_vans_160.jpg,vans
../datasets/sampled_sneakers_1024x1024\resized_padded_reebok_128.jpg,resized_padded_reebok_128.jpg,reebok
../datasets/sampled_sneakers_1024x1024\resized_all_vans_584.jpg,resized_all_vans_584.jpg,vans
../datasets/sampled_sneakers_1024x1024\resized_padded_puma_297.jpg,resized_padded_puma_297.jpg,puma
../datasets/sampled_sneakers_1024x1024\normalized_nike_281.jpg,normalized_nike_281.jpg,nike
../datasets/sampled_sneakers_1024x1024\resized_padded_new_newbalance_3.jpg,resized_padded_new_newbalance_3.jpg,newbalance
../datasets/sampled_sneakers_1024x1024\resized_padded_puma_607.jpg,resized_padded_puma_607.jpg,puma
../datasets/sampled_sneakers_1024x1024\resized_padded_vans_422.jpg,resized_padded_vans_422.jpg,vans
../datasets/sampled_sneakers_1024x1024\resized_padded_puma_421.jpg,resized_padded_puma_421.jpg,puma
../datasets/sampled_sneakers_1024x1024\resized_padded_new_newbalance_105.jpg,resized_padded_new_newbalance_105.jpg,newbalance
../datasets/sampled_sneakers_1024x1024\resized_padded_new_newbalance_234.jpg,resized_padded_new_newbalance_234.jpg,newbalance
../datasets/sampled_sneakers_1024x1024\resized_padded_reebok_290.jpg,resized_padded_reebok_290.jpg,reebok
../datasets/sampled_sneakers_1024x1024\resized_padded_new_newbalance_29.jpg,resized_padded_new_newbalance_29.jpg,newbalance
../datasets/sampled_sneakers_1024x1024\resized_padded_new_newbalance_178.jpg,resized_padded_new_newbalance_178.jpg,newbalance
../datasets/sampled_sneakers_1024x1024\resized_padded_vans_487.jpg,resized_padded_vans_487.jpg,vans
../datasets/sampled_sneakers_1024x1024\resized_padded_underarmour_153.jpg,resized_padded_underarmour_153.jpg,underarmour
../datasets/sampled_sneakers_1024x1024\resized_padded_reebok_104.jpg,resized_padded_reebok_104.jpg,reebok
../datasets/sampled_sneakers_1024x1024\resized_padded_underarmour_257.jpg,resized_padded_underarmour_257.jpg,underarmour
../datasets/sampled_sneakers_1024x1024\resized_padded_vans_285.jpg,resized_padded_vans_285.jpg,vans
../datasets/sampled_sneakers_1024x1024\resized_padded_vans_300.jpg,resized_padded_vans_300.jpg,vans
../datasets/sampled_sneakers_1024x1024\resized_padded_puma_557.jpg,resized_padded_puma_557.jpg,puma
../datasets/sampled_sneakers_1024x1024\resized_padded_reebok_219.jpg,resized_padded_reebok_219.jpg,reebok
../datasets/sampled_sneakers_1024x1024\normalized_nike_131.jpg,normalized_nike_131.jpg,nike
../datasets/sampled_sneakers_1024x1024\normalized_nike_314.jpg,normalized_nike_314.jpg,nike
../datasets/sampled_sneakers_1024x1024\resized_padded_underarmour_43.jpg,resized_padded_underarmour_43.jpg,underarmour
../datasets/sampled_sneakers_1024x1024\normalized_nike_237.jpg,normalized_nike_237.jpg,nike
../datasets/sampled_sneakers_1024x1024\resized_all_vans_294.jpg,resized_all_vans_294.jpg,vans
../datasets/sampled_sneakers_1024x1024\resized_padded_underarmour_289.jpg,resized_padded_underarmour_289.jpg,underarmour
../datasets/sampled_sneakers_1024x1024\resized_padded_vans_139.jpg,resized_padded_vans_139.jpg,vans
../datasets/sampled_sneakers_1024x1024\resized_padded_new_newbalance_293.jpg,resized_padded_new_newbalance_293.jpg,newbalance
../datasets/sampled_sneakers_1024x1024\resized_all_vans_60.jpg,resized_all_vans_60.jpg,vans
../datasets/sampled_sneakers_1024x1024\resized_padded_vans_323.jpg,resized_padded_vans_323.jpg,vans
../datasets/sampled_sneakers_1024x1024\resized_padded_vans_197.jpg,resized_padded_vans_197.jpg,vans
../datasets/sampled_sneakers_1024x1024\resized_padded_vans_246.jpg,resized_padded_vans_246.jpg,vans
../datasets/sampled_sneakers_1024x1024\resized_padded_new_newbalance_18.jpg,resized_padded_new_newbalance_18.jpg,newbalance
../datasets/sampled_sneakers_1024x1024\resized_all_vans_270.jpg,resized_all_vans_270.jpg,vans
../datasets/sampled_sneakers_1024x1024\normalized_nike_508.jpg,normalized_nike_508.jpg,nike
../datasets/sampled_sneakers_1024x1024\resized_padded_puma_641.jpg,resized_padded_puma_641.jpg,puma
../datasets/sampled_sneakers_1024x1024\resized_padded_new_newbalance_45.jpg,resized_padded_new_newbalance_45.jpg,newbalance
../datasets/sampled_sneakers_1024x1024\resized_all_vans_20.jpg,resized_all_vans_20.jpg,vans
../datasets/sampled_sneakers_1024x1024\resized_padded_reebok_242.jpg,resized_padded_reebok_242.jpg,reebok
../datasets/sampled_sneakers_1024x1024\resized_padded_reebok_409.jpg,resized_padded_reebok_409.jpg,reebok
../datasets/sampled_sneakers_1024x1024\resized_padded_puma_642.jpg,resized_padded_puma_642.jpg,puma
../datasets/sampled_sneakers_1024x1024\normalized_nike_215.jpg,normalized_nike_215.jpg,nike
../datasets/sampled_sneakers_1024x1024\resized_padded_puma_165.jpg,resized_padded_puma_165.jpg,puma
../datasets/sampled_sneakers_1024x1024\normalized_nike_201.jpg,normalized_nike_201.jpg,nike
../datasets/sampled_sneakers_1024x1024\resized_padded_underarmour_208.jpg,resized_padded_underarmour_208.jpg,underarmour
../datasets/sampled_sneakers_1024x1024\resized_padded_underarmour_279.jpg,resized_padded_underarmour_279.jpg,underarmour
../datasets/sampled_sneakers_1024x1024\resized_padded_vans_231.jpg,resized_padded_vans_231.jpg,vans
../datasets/sampled_sneakers_1024x1024\resized_padded_puma_558.jpg,resized_padded_puma_558.jpg,puma
../datasets/sampled_sneakers_1024x1024\resized_padded_vans_399.jpg,resized_padded_vans_399.jpg,vans
../datasets/sampled_sneakers_1024x1024\resized_padded_puma_304.jpg,resized_padded_puma_304.jpg,puma
../datasets/sampled_sneakers_1024x1024\resized_padded_puma_32.jpg,resized_padded_puma_32.jpg,puma
../datasets/sampled_sneakers_1024x1024\normalized_nike_142.jpg,normalized_nike_142.jpg,nike
../datasets/sampled_sneakers_1024x1024\resized_all_vans_664.jpg,resized_all_vans_664.jpg,vans
../datasets/sampled_sneakers_1024x1024\resized_padded_puma_113.jpg,resized_padded_puma_113.jpg,puma
../datasets/sampled_sneakers_1024x1024\resized_padded_puma_82.jpg,resized_padded_puma_82.jpg,puma
../datasets/sampled_sneakers_1024x1024\resized_padded_reebok_281.jpg,resized_padded_reebok_281.jpg,reebok
../datasets/sampled_sneakers_1024x1024\resized_all_vans_94.jpg,resized_all_vans_94.jpg,vans
../datasets/sampled_sneakers_1024x1024\resized_padded_underarmour_47.jpg,resized_padded_underarmour_47.jpg,underarmour
../datasets/sampled_sneakers_1024x1024\resized_padded_puma_127.jpg,resized_padded_puma_127.jpg,puma
../datasets/sampled_sneakers_1024x1024\resized_padded_puma_553.jpg,resized_padded_puma_553.jpg,puma
../datasets/sampled_sneakers_1024x1024\resized_padded_new_newbalance_159.jpg,resized_padded_new_newbalance_159.jpg,newbalance
../datasets/sampled_sneakers_1024x1024\resized_padded_vans_561.jpg,resized_padded_vans_561.jpg,vans
../datasets/sampled_sneakers_1024x1024\resized_padded_new_newbalance_300.jpg,resized_padded_new_newbalance_300.jpg,newbalance
../datasets/sampled_sneakers_1024x1024\resized_all_vans_609.jpg,resized_all_vans_609.jpg,vans
../datasets/sampled_sneakers_1024x1024\resized_padded_reebok_407.jpg,resized_padded_reebok_407.jpg,reebok
../datasets/sampled_sneakers_1024x1024\normalized_nike_139.jpg,normalized_nike_139.jpg,nike
../datasets/sampled_sneakers_1024x1024\resized_all_vans_192.jpg,resized_all_vans_192.jpg,vans
../datasets/sampled_sneakers_1024x1024\normalized_nike_30.jpg,normalized_nike_30.jpg,nike
../datasets/sampled_sneakers_1024x1024\resized_all_vans_206.jpg,resized_all_vans_206.jpg,vans
../datasets/sampled_sneakers_1024x1024\resized_padded_underarmour_69.jpg,resized_padded_underarmour_69.jpg,underarmour
../datasets/sampled_sneakers_1024x1024\resized_padded_vans_473.jpg,resized_padded_vans_473.jpg,vans
../datasets/sampled_sneakers_1024x1024\resized_padded_vans_596.jpg,resized_padded_vans_596.jpg,vans
../datasets/sampled_sneakers_1024x1024\resized_padded_puma_89.jpg,resized_padded_puma_89.jpg,puma
../datasets/sampled_sneakers_1024x1024\resized_padded_underarmour_233.jpg,resized_padded_underarmour_233.jpg,underarmour
../datasets/sampled_sneakers_1024x1024\resized_padded_vans_409.jpg,resized_padded_vans_409.jpg,vans
../datasets/sampled_sneakers_1024x1024\normalized_nike_192.jpg,normalized_nike_192.jpg,nike
../datasets/sampled_sneakers_1024x1024\resized_padded_vans_348.jpg,resized_padded_vans_348.jpg,vans
../datasets/sampled_sneakers_1024x1024\resized_padded_reebok_51.jpg,resized_padded_reebok_51.jpg,reebok
../datasets/sampled_sneakers_1024x1024\resized_all_vans_396.jpg,resized_all_vans_396.jpg,vans
../datasets/sampled_sneakers_1024x1024\resized_padded_puma_119.jpg,resized_padded_puma_119.jpg,puma
../datasets/sampled_sneakers_1024x1024\resized_padded_new_newbalance_247.jpg,resized_padded_new_newbalance_247.jpg,newbalance
../datasets/sampled_sneakers_1024x1024\resized_all_vans_78.jpg,resized_all_vans_78.jpg,vans
../datasets/sampled_sneakers_1024x1024\resized_padded_reebok_338.jpg,resized_padded_reebok_338.jpg,reebok
../datasets/sampled_sneakers_1024x1024\resized_padded_puma_386.jpg,resized_padded_puma_386.jpg,puma
../datasets/sampled_sneakers_1024x1024\resized_padded_new_newbalance_155.jpg,resized_padded_new_newbalance_155.jpg,newbalance
../datasets/sampled_sneakers_1024x1024\normalized_nike_444.jpg,normalized_nike_444.jpg,nike
../datasets/sampled_sneakers_1024x1024\resized_padded_reebok_167.jpg,resized_padded_reebok_167.jpg,reebok
../datasets/sampled_sneakers_1024x1024\resized_padded_puma_149.jpg,resized_padded_puma_149.jpg,puma
../datasets/sampled_sneakers_1024x1024\resized_all_vans_126.jpg,resized_all_vans_126.jpg,vans
../datasets/sampled_sneakers_1024x1024\resized_padded_vans_421.jpg,resized_padded_vans_421.jpg,vans
../datasets/sampled_sneakers_1024x1024\resized_padded_puma_79.jpg,resized_padded_puma_79.jpg,puma
../datasets/sampled_sneakers_1024x1024\normalized_nike_116.jpg,normalized_nike_116.jpg,nike
../datasets/sampled_sneakers_1024x1024\resized_padded_vans_548.jpg,resized_padded_vans_548.jpg,vans
../datasets/sampled_sneakers_1024x1024\resized_padded_underarmour_214.jpg,resized_padded_underarmour_214.jpg,underarmour
../datasets/sampled_sneakers_1024x1024\resized_all_vans_666.jpg,resized_all_vans_666.jpg,vans
../datasets/sampled_sneakers_1024x1024\normalized_nike_204.jpg,normalized_nike_204.jpg,nike
../datasets/sampled_sneakers_1024x1024\resized_padded_new_newbalance_148.jpg,resized_padded_new_newbalance_148.jpg,newbalance
../datasets/sampled_sneakers_1024x1024\resized_padded_reebok_125.jpg,resized_padded_reebok_125.jpg,reebok
../datasets/sampled_sneakers_1024x1024\resized_all_vans_440.jpg,resized_all_vans_440.jpg,vans
../datasets/sampled_sneakers_1024x1024\resized_all_vans_742.jpg,resized_all_vans_742.jpg,vans
../datasets/sampled_sneakers_1024x1024\resized_padded_puma_329.jpg,resized_padded_puma_329.jpg,puma
../datasets/sampled_sneakers_1024x1024\resized_padded_puma_447.jpg,resized_padded_puma_447.jpg,puma
../datasets/sampled_sneakers_1024x1024\resized_padded_underarmour_189.jpg,resized_padded_underarmour_189.jpg,underarmour
../datasets/sampled_sneakers_1024x1024\resized_padded_vans_428.jpg,resized_padded_vans_428.jpg,vans
../datasets/sampled_sneakers_1024x1024\resized_padded_vans_10.jpg,resized_padded_vans_10.jpg,vans
../datasets/sampled_sneakers_1024x1024\normalized_nike_266.jpg,normalized_nike_266.jpg,nike
../datasets/sampled_sneakers_1024x1024\resized_all_vans_569.jpg,resized_all_vans_569.jpg,vans
../datasets/sampled_sneakers_1024x1024\resized_padded_underarmour_12.jpg,resized_padded_underarmour_12.jpg,underarmour
../datasets/sampled_sneakers_1024x1024\resized_padded_vans_214.jpg,resized_padded_vans_214.jpg,vans
../datasets/sampled_sneakers_1024x1024\resized_all_vans_26.jpg,resized_all_vans_26.jpg,vans
../datasets/sampled_sneakers_1024x1024\resized_padded_vans_494.jpg,resized_padded_vans_494.jpg,vans
../datasets/sampled_sneakers_1024x1024\resized_padded_new_newbalance_287.jpg,resized_padded_new_newbalance_287.jpg,newbalance
../datasets/sampled_sneakers_1024x1024\resized_padded_puma_464.jpg,resized_padded_puma_464.jpg,puma
../datasets/sampled_sneakers_1024x1024\normalized_nike_124.jpg,normalized_nike_124.jpg,nike
../datasets/sampled_sneakers_1024x1024\resized_padded_underarmour_18.jpg,resized_padded_underarmour_18.jpg,underarmour
../datasets/sampled_sneakers_1024x1024\resized_padded_puma_374.jpg,resized_padded_puma_374.jpg,puma
../datasets/sampled_sneakers_1024x1024\normalized_nike_446.jpg,normalized_nike_446.jpg,nike
../datasets/sampled_sneakers_1024x1024\resized_padded_vans_220.jpg,resized_padded_vans_220.jpg,vans
../datasets/sampled_sneakers_1024x1024\resized_padded_vans_163.jpg,resized_padded_vans_163.jpg,vans
../datasets/sampled_sneakers_1024x1024\resized_padded_puma_234.jpg,resized_padded_puma_234.jpg,puma
../datasets/sampled_sneakers_1024x1024\resized_padded_new_newbalance_11.jpg,resized_padded_new_newbalance_11.jpg,newbalance
../datasets/sampled_sneakers_1024x1024\resized_all_vans_264.jpg,resized_all_vans_264.jpg,vans
../datasets/sampled_sneakers_1024x1024\resized_padded_reebok_424.jpg,resized_padded_reebok_424.jpg,reebok
../datasets/sampled_sneakers_1024x1024\resized_padded_new_newbalance_173.jpg,resized_padded_new_newbalance_173.jpg,newbalance
../datasets/sampled_sneakers_1024x1024\resized_padded_underarmour_122.jpg,resized_padded_underarmour_122.jpg,underarmour
../datasets/sampled_sneakers_1024x1024\resized_padded_puma_640.jpg,resized_padded_puma_640.jpg,puma
../datasets/sampled_sneakers_1024x1024\resized_all_vans_259.jpg,resized_all_vans_259.jpg,vans
../datasets/sampled_sneakers_1024x1024\resized_all_vans_32.jpg,resized_all_vans_32.jpg,vans
../datasets/sampled_sneakers_1024x1024\normalized_nike_125.jpg,normalized_nike_125.jpg,nike
../datasets/sampled_sneakers_1024x1024\normalized_nike_277.jpg,normalized_nike_277.jpg,nike
../datasets/sampled_sneakers_1024x1024\resized_all_vans_552.jpg,resized_all_vans_552.jpg,vans
../datasets/sampled_sneakers_1024x1024\resized_padded_new_newbalance_132.jpg,resized_padded_new_newbalance_132.jpg,newbalance
../datasets/sampled_sneakers_1024x1024\normalized_nike_470.jpg,normalized_nike_470.jpg,nike
../datasets/sampled_sneakers_1024x1024\resized_all_vans_238.jpg,resized_all_vans_238.jpg,vans
../datasets/sampled_sneakers_1024x1024\resized_padded_underarmour_125.jpg,resized_padded_underarmour_125.jpg,underarmour
../datasets/sampled_sneakers_1024x1024\resized_padded_new_newbalance_158.jpg,resized_padded_new_newbalance_158.jpg,newbalance
../datasets/sampled_sneakers_1024x1024\resized_padded_vans_227.jpg,resized_padded_vans_227.jpg,vans
../datasets/sampled_sneakers_1024x1024\resized_padded_vans_516.jpg,resized_padded_vans_516.jpg,vans
../datasets/sampled_sneakers_1024x1024\resized_padded_puma_59.jpg,resized_padded_puma_59.jpg,puma
../datasets/sampled_sneakers_1024x1024\resized_all_vans_321.jpg,resized_all_vans_321.jpg,vans
../datasets/sampled_sneakers_1024x1024\resized_padded_new_newbalance_295.jpg,resized_padded_new_newbalance_295.jpg,newbalance
../datasets/sampled_sneakers_1024x1024\normalized_nike_445.jpg,normalized_nike_445.jpg,nike
../datasets/sampled_sneakers_1024x1024\resized_padded_vans_38.jpg,resized_padded_vans_38.jpg,vans
../datasets/sampled_sneakers_1024x1024\resized_padded_vans_365.jpg,resized_padded_vans_365.jpg,vans
../datasets/sampled_sneakers_1024x1024\resized_padded_puma_290.jpg,resized_padded_puma_290.jpg,puma
../datasets/sampled_sneakers_1024x1024\resized_padded_puma_298.jpg,resized_padded_puma_298.jpg,puma
../datasets/sampled_sneakers_1024x1024\resized_all_vans_741.jpg,resized_all_vans_741.jpg,vans
../datasets/sampled_sneakers_1024x1024\resized_padded_new_newbalance_174.jpg,resized_padded_new_newbalance_174.jpg,newbalance
../datasets/sampled_sneakers_1024x1024\resized_padded_reebok_414.jpg,resized_padded_reebok_414.jpg,reebok
../datasets/sampled_sneakers_1024x1024\normalized_nike_274.jpg,normalized_nike_274.jpg,nike
../datasets/sampled_sneakers_1024x1024\resized_padded_new_newbalance_172.jpg,resized_padded_new_newbalance_172.jpg,newbalance
../datasets/sampled_sneakers_1024x1024\resized_padded_new_newbalance_286.jpg,resized_padded_new_newbalance_286.jpg,newbalance
../datasets/sampled_sneakers_1024x1024\resized_padded_new_newbalance_57.jpg,resized_padded_new_newbalance_57.jpg,newbalance
../datasets/sampled_sneakers_1024x1024\resized_padded_vans_449.jpg,resized_padded_vans_449.jpg,vans
../datasets/sampled_sneakers_1024x1024\resized_padded_underarmour_66.jpg,resized_padded_underarmour_66.jpg,underarmour
../datasets/sampled_sneakers_1024x1024\resized_padded_puma_629.jpg,resized_padded_puma_629.jpg,puma
../datasets/sampled_sneakers_1024x1024\resized_padded_reebok_216.jpg,resized_padded_reebok_216.jpg,reebok
../datasets/sampled_sneakers_1024x1024\resized_padded_vans_79.jpg,resized_padded_vans_79.jpg,vans
../datasets/sampled_sneakers_1024x1024\resized_padded_reebok_278.jpg,resized_padded_reebok_278.jpg,reebok
../datasets/sampled_sneakers_1024x1024\resized_padded_reebok_327.jpg,resized_padded_reebok_327.jpg,reebok
../datasets/sampled_sneakers_1024x1024\resized_padded_new_newbalance_196.jpg,resized_padded_new_newbalance_196.jpg,newbalance
../datasets/sampled_sneakers_1024x1024\resized_padded_new_newbalance_90.jpg,resized_padded_new_newbalance_90.jpg,newbalance
../datasets/sampled_sneakers_1024x1024\resized_padded_underarmour_293.jpg,resized_padded_underarmour_293.jpg,underarmour
../datasets/sampled_sneakers_1024x1024\resized_padded_vans_402.jpg,resized_padded_vans_402.jpg,vans
../datasets/sampled_sneakers_1024x1024\resized_padded_underarmour_160.jpg,resized_padded_underarmour_160.jpg,underarmour
../datasets/sampled_sneakers_1024x1024\resized_padded_puma_42.jpg,resized_padded_puma_42.jpg,puma
../datasets/sampled_sneakers_1024x1024\resized_padded_new_newbalance_123.jpg,resized_padded_new_newbalance_123.jpg,newbalance
../datasets/sampled_sneakers_1024x1024\resized_padded_underarmour_203.jpg,resized_padded_underarmour_203.jpg,underarmour
../datasets/sampled_sneakers_1024x1024\resized_all_vans_355.jpg,resized_all_vans_355.jpg,vans
../datasets/sampled_sneakers_1024x1024\normalized_nike_9.jpg,normalized_nike_9.jpg,nike
../datasets/sampled_sneakers_1024x1024\resized_padded_underarmour_288.jpg,resized_padded_underarmour_288.jpg,underarmour
../datasets/sampled_sneakers_1024x1024\normalized_nike_516.jpg,normalized_nike_516.jpg,nike
../datasets/sampled_sneakers_1024x1024\resized_padded_vans_542.jpg,resized_padded_vans_542.jpg,vans
../datasets/sampled_sneakers_1024x1024\normalized_nike_302.jpg,normalized_nike_302.jpg,nike
../datasets/sampled_sneakers_1024x1024\resized_padded_new_newbalance_294.jpg,resized_padded_new_newbalance_294.jpg,newbalance
../datasets/sampled_sneakers_1024x1024\normalized_nike_155.jpg,normalized_nike_155.jpg,nike
../datasets/sampled_sneakers_1024x1024\resized_padded_reebok_135.jpg,resized_padded_reebok_135.jpg,reebok
../datasets/sampled_sneakers_1024x1024\resized_padded_underarmour_118.jpg,resized_padded_underarmour_118.jpg,underarmour
../datasets/sampled_sneakers_1024x1024\resized_padded_reebok_404.jpg,resized_padded_reebok_404.jpg,reebok
../datasets/sampled_sneakers_1024x1024\resized_padded_vans_286.jpg,resized_padded_vans_286.jpg,vans
../datasets/sampled_sneakers_1024x1024\resized_padded_reebok_171.jpg,resized_padded_reebok_171.jpg,reebok
../datasets/sampled_sneakers_1024x1024\resized_padded_puma_485.jpg,resized_padded_puma_485.jpg,puma
../datasets/sampled_sneakers_1024x1024\normalized_nike_154.jpg,normalized_nike_154.jpg,nike
../datasets/sampled_sneakers_1024x1024\normalized_nike_430.jpg,normalized_nike_430.jpg,nike
../datasets/sampled_sneakers_1024x1024\resized_padded_underarmour_176.jpg,resized_padded_underarmour_176.jpg,underarmour
../datasets/sampled_sneakers_1024x1024\resized_padded_reebok_268.jpg,resized_padded_reebok_268.jpg,reebok
../datasets/sampled_sneakers_1024x1024\resized_padded_underarmour_188.jpg,resized_padded_underarmour_188.jpg,underarmour
../datasets/sampled_sneakers_1024x1024\normalized_nike_246.jpg,normalized_nike_246.jpg,nike
../datasets/sampled_sneakers_1024x1024\resized_all_vans_602.jpg,resized_all_vans_602.jpg,vans
../datasets/sampled_sneakers_1024x1024\resized_padded_puma_247.jpg,resized_padded_puma_247.jpg,puma
../datasets/sampled_sneakers_1024x1024\resized_all_vans_172.jpg,resized_all_vans_172.jpg,vans
../datasets/sampled_sneakers_1024x1024\resized_padded_new_newbalance_182.jpg,resized_padded_new_newbalance_182.jpg,newbalance
../datasets/sampled_sneakers_1024x1024\resized_padded_vans_357.jpg,resized_padded_vans_357.jpg,vans
../datasets/sampled_sneakers_1024x1024\resized_padded_vans_411.jpg,resized_padded_vans_411.jpg,vans
../datasets/sampled_sneakers_1024x1024\resized_all_vans_171.jpg,resized_all_vans_171.jpg,vans
../datasets/sampled_sneakers_1024x1024\resized_padded_vans_343.jpg,resized_padded_vans_343.jpg,vans
../datasets/sampled_sneakers_1024x1024\resized_all_vans_17.jpg,resized_all_vans_17.jpg,vans
../datasets/sampled_sneakers_1024x1024\resized_all_vans_654.jpg,resized_all_vans_654.jpg,vans
../datasets/sampled_sneakers_1024x1024\resized_padded_new_newbalance_190.jpg,resized_padded_new_newbalance_190.jpg,newbalance
../datasets/sampled_sneakers_1024x1024\resized_padded_new_newbalance_224.jpg,resized_padded_new_newbalance_224.jpg,newbalance
../datasets/sampled_sneakers_1024x1024\normalized_nike_175.jpg,normalized_nike_175.jpg,nike
../datasets/sampled_sneakers_1024x1024\resized_padded_underarmour_191.jpg,resized_padded_underarmour_191.jpg,underarmour
../datasets/sampled_sneakers_1024x1024\resized_padded_underarmour_93.jpg,resized_padded_underarmour_93.jpg,underarmour
../datasets/sampled_sneakers_1024x1024\resized_padded_reebok_192.jpg,resized_padded_reebok_192.jpg,reebok
../datasets/sampled_sneakers_1024x1024\resized_padded_vans_318.jpg,resized_padded_vans_318.jpg,vans
../datasets/sampled_sneakers_1024x1024\resized_all_vans_203.jpg,resized_all_vans_203.jpg,vans
../datasets/sampled_sneakers_1024x1024\normalized_nike_133.jpg,normalized_nike_133.jpg,nike
../datasets/sampled_sneakers_1024x1024\resized_padded_vans_534.jpg,resized_padded_vans_534.jpg,vans
../datasets/sampled_sneakers_1024x1024\resized_padded_puma_460.jpg,resized_padded_puma_460.jpg,puma
../datasets/sampled_sneakers_1024x1024\resized_padded_vans_237.jpg,resized_padded_vans_237.jpg,vans
../datasets/sampled_sneakers_1024x1024\resized_padded_vans_442.jpg,resized_padded_vans_442.jpg,vans
../datasets/sampled_sneakers_1024x1024\resized_all_vans_127.jpg,resized_all_vans_127.jpg,vans
../datasets/sampled_sneakers_1024x1024\normalized_nike_509.jpg,normalized_nike_509.jpg,nike
../datasets/sampled_sneakers_1024x1024\resized_padded_new_newbalance_19.jpg,resized_padded_new_newbalance_19.jpg,newbalance
../datasets/sampled_sneakers_1024x1024\resized_all_vans_496.jpg,resized_all_vans_496.jpg,vans
../datasets/sampled_sneakers_1024x1024\resized_padded_puma_205.jpg,resized_padded_puma_205.jpg,puma
../datasets/sampled_sneakers_1024x1024\resized_padded_vans_178.jpg,resized_padded_vans_178.jpg,vans
../datasets/sampled_sneakers_1024x1024\resized_padded_puma_194.jpg,resized_padded_puma_194.jpg,puma
../datasets/sampled_sneakers_1024x1024\resized_padded_vans_267.jpg,resized_padded_vans_267.jpg,vans
../datasets/sampled_sneakers_1024x1024\resized_padded_puma_494.jpg,resized_padded_puma_494.jpg,puma
../datasets/sampled_sneakers_1024x1024\resized_padded_vans_342.jpg,resized_padded_vans_342.jpg,vans
../datasets/sampled_sneakers_1024x1024\resized_padded_puma_315.jpg,resized_padded_puma_315.jpg,puma
../datasets/sampled_sneakers_1024x1024\resized_padded_vans_573.jpg,resized_padded_vans_573.jpg,vans
../datasets/sampled_sneakers_1024x1024\resized_padded_puma_355.jpg,resized_padded_puma_355.jpg,puma
../datasets/sampled_sneakers_1024x1024\resized_padded_reebok_40.jpg,resized_padded_reebok_40.jpg,reebok
../datasets/sampled_sneakers_1024x1024\resized_padded_puma_4.jpg,resized_padded_puma_4.jpg,puma
../datasets/sampled_sneakers_1024x1024\resized_padded_vans_446.jpg,resized_padded_vans_446.jpg,vans
../datasets/sampled_sneakers_1024x1024\resized_padded_reebok_149.jpg,resized_padded_reebok_149.jpg,reebok
../datasets/sampled_sneakers_1024x1024\resized_padded_puma_226.jpg,resized_padded_puma_226.jpg,puma
../datasets/sampled_sneakers_1024x1024\resized_all_vans_514.jpg,resized_all_vans_514.jpg,vans
../datasets/sampled_sneakers_1024x1024\normalized_nike_462.jpg,normalized_nike_462.jpg,nike
../datasets/sampled_sneakers_1024x1024\resized_padded_new_newbalance_47.jpg,resized_padded_new_newbalance_47.jpg,newbalance
../datasets/sampled_sneakers_1024x1024\resized_padded_vans_471.jpg,resized_padded_vans_471.jpg,vans
../datasets/sampled_sneakers_1024x1024\normalized_nike_469.jpg,normalized_nike_469.jpg,nike
../datasets/sampled_sneakers_1024x1024\resized_padded_puma_627.jpg,resized_padded_puma_627.jpg,puma
../datasets/sampled_sneakers_1024x1024\resized_padded_vans_498.jpg,resized_padded_vans_498.jpg,vans
../datasets/sampled_sneakers_1024x1024\resized_padded_underarmour_256.jpg,resized_padded_underarmour_256.jpg,underarmour
../datasets/sampled_sneakers_1024x1024\normalized_nike_178.jpg,normalized_nike_178.jpg,nike
../datasets/sampled_sneakers_1024x1024\resized_padded_reebok_38.jpg,resized_padded_reebok_38.jpg,reebok
../datasets/sampled_sneakers_1024x1024\resized_padded_vans_58.jpg,resized_padded_vans_58.jpg,vans
../datasets/sampled_sneakers_1024x1024\resized_all_vans_136.jpg,resized_all_vans_136.jpg,vans
../datasets/sampled_sneakers_1024x1024\resized_padded_new_newbalance_225.jpg,resized_padded_new_newbalance_225.jpg,newbalance
../datasets/sampled_sneakers_1024x1024\resized_padded_puma_612.jpg,resized_padded_puma_612.jpg,puma
../datasets/sampled_sneakers_1024x1024\resized_padded_puma_225.jpg,resized_padded_puma_225.jpg,puma
../datasets/sampled_sneakers_1024x1024\resized_padded_puma_519.jpg,resized_padded_puma_519.jpg,puma
../datasets/sampled_sneakers_1024x1024\resized_padded_vans_121.jpg,resized_padded_vans_121.jpg,vans
../datasets/sampled_sneakers_1024x1024\resized_padded_puma_65.jpg,resized_padded_puma_65.jpg,puma
../datasets/sampled_sneakers_1024x1024\resized_padded_puma_250.jpg,resized_padded_puma_250.jpg,puma
../datasets/sampled_sneakers_1024x1024\resized_padded_underarmour_172.jpg,resized_padded_underarmour_172.jpg,underarmour
../datasets/sampled_sneakers_1024x1024\resized_all_vans_356.jpg,resized_all_vans_356.jpg,vans
../datasets/sampled_sneakers_1024x1024\resized_all_vans_417.jpg,resized_all_vans_417.jpg,vans
../datasets/sampled_sneakers_1024x1024\normalized_nike_211.jpg,normalized_nike_211.jpg,nike
../datasets/sampled_sneakers_1024x1024\resized_padded_puma_454.jpg,resized_padded_puma_454.jpg,puma
../datasets/sampled_sneakers_1024x1024\resized_all_vans_495.jpg,resized_all_vans_495.jpg,vans
../datasets/sampled_sneakers_1024x1024\resized_padded_underarmour_276.jpg,resized_padded_underarmour_276.jpg,underarmour
../datasets/sampled_sneakers_1024x1024\resized_padded_new_newbalance_66.jpg,resized_padded_new_newbalance_66.jpg,newbalance
../datasets/sampled_sneakers_1024x1024\resized_padded_puma_18.jpg,resized_padded_puma_18.jpg,puma
../datasets/sampled_sneakers_1024x1024\resized_padded_puma_448.jpg,resized_padded_puma_448.jpg,puma
../datasets/sampled_sneakers_1024x1024\normalized_nike_219.jpg,normalized_nike_219.jpg,nike
../datasets/sampled_sneakers_1024x1024\resized_padded_underarmour_182.jpg,resized_padded_underarmour_182.jpg,underarmour
../datasets/sampled_sneakers_1024x1024\resized_padded_reebok_110.jpg,resized_padded_reebok_110.jpg,reebok
../datasets/sampled_sneakers_1024x1024\resized_all_vans_707.jpg,resized_all_vans_707.jpg,vans
../datasets/sampled_sneakers_1024x1024\resized_all_vans_663.jpg,resized_all_vans_663.jpg,vans
../datasets/sampled_sneakers_1024x1024\resized_padded_vans_113.jpg,resized_padded_vans_113.jpg,vans
../datasets/sampled_sneakers_1024x1024\resized_padded_puma_495.jpg,resized_padded_puma_495.jpg,puma
../datasets/sampled_sneakers_1024x1024\resized_all_vans_588.jpg,resized_all_vans_588.jpg,vans
../datasets/sampled_sneakers_1024x1024\resized_all_vans_380.jpg,resized_all_vans_380.jpg,vans
../datasets/sampled_sneakers_1024x1024\resized_all_vans_375.jpg,resized_all_vans_375.jpg,vans
../datasets/sampled_sneakers_1024x1024\resized_padded_new_newbalance_142.jpg,resized_padded_new_newbalance_142.jpg,newbalance
../datasets/sampled_sneakers_1024x1024\resized_padded_puma_619.jpg,resized_padded_puma_619.jpg,puma
../datasets/sampled_sneakers_1024x1024\normalized_nike_10.jpg,normalized_nike_10.jpg,nike
../datasets/sampled_sneakers_1024x1024\resized_all_vans_730.jpg,resized_all_vans_730.jpg,vans
../datasets/sampled_sneakers_1024x1024\normalized_nike_130.jpg,normalized_nike_130.jpg,nike
../datasets/sampled_sneakers_1024x1024\resized_padded_puma_243.jpg,resized_padded_puma_243.jpg,puma
../datasets/sampled_sneakers_1024x1024\resized_all_vans_497.jpg,resized_all_vans_497.jpg,vans
../datasets/sampled_sneakers_1024x1024\resized_padded_vans_207.jpg,resized_padded_vans_207.jpg,vans
../datasets/sampled_sneakers_1024x1024\resized_padded_new_newbalance_258.jpg,resized_padded_new_newbalance_258.jpg,newbalance
../datasets/sampled_sneakers_1024x1024\resized_padded_puma_216.jpg,resized_padded_puma_216.jpg,puma
../datasets/sampled_sneakers_1024x1024\resized_all_vans_102.jpg,resized_all_vans_102.jpg,vans
../datasets/sampled_sneakers_1024x1024\normalized_nike_250.jpg,normalized_nike_250.jpg,nike
../datasets/sampled_sneakers_1024x1024\resized_padded_puma_400.jpg,resized_padded_puma_400.jpg,puma
../datasets/sampled_sneakers_1024x1024\resized_padded_vans_540.jpg,resized_padded_vans_540.jpg,vans
../datasets/sampled_sneakers_1024x1024\resized_padded_reebok_80.jpg,resized_padded_reebok_80.jpg,reebok
../datasets/sampled_sneakers_1024x1024\resized_padded_reebok_386.jpg,resized_padded_reebok_386.jpg,reebok
../datasets/sampled_sneakers_1024x1024\resized_padded_new_newbalance_299.jpg,resized_padded_new_newbalance_299.jpg,newbalance
../datasets/sampled_sneakers_1024x1024\resized_padded_vans_212.jpg,resized_padded_vans_212.jpg,vans
../datasets/sampled_sneakers_1024x1024\resized_padded_underarmour_215.jpg,resized_padded_underarmour_215.jpg,underarmour
../datasets/sampled_sneakers_1024x1024\normalized_nike_401.jpg,normalized_nike_401.jpg,nike
../datasets/sampled_sneakers_1024x1024\resized_padded_reebok_164.jpg,resized_padded_reebok_164.jpg,reebok
../datasets/sampled_sneakers_1024x1024\resized_all_vans_147.jpg,resized_all_vans_147.jpg,vans
../datasets/sampled_sneakers_1024x1024\resized_padded_underarmour_31.jpg,resized_padded_underarmour_31.jpg,underarmour
../datasets/sampled_sneakers_1024x1024\normalized_nike_458.jpg,normalized_nike_458.jpg,nike
../datasets/sampled_sneakers_1024x1024\resized_padded_reebok_56.jpg,resized_padded_reebok_56.jpg,reebok
../datasets/sampled_sneakers_1024x1024\resized_padded_reebok_232.jpg,resized_padded_reebok_232.jpg,reebok
../datasets/sampled_sneakers_1024x1024\resized_padded_puma_429.jpg,resized_padded_puma_429.jpg,puma
../datasets/sampled_sneakers_1024x1024\resized_all_vans_428.jpg,resized_all_vans_428.jpg,vans
../datasets/sampled_sneakers_1024x1024\normalized_nike_193.jpg,normalized_nike_193.jpg,nike
../datasets/sampled_sneakers_1024x1024\resized_all_vans_158.jpg,resized_all_vans_158.jpg,vans
../datasets/sampled_sneakers_1024x1024\resized_padded_vans_353.jpg,resized_padded_vans_353.jpg,vans
../datasets/sampled_sneakers_1024x1024\normalized_nike_24.jpg,normalized_nike_24.jpg,nike
../datasets/sampled_sneakers_1024x1024\resized_padded_reebok_391.jpg,resized_padded_reebok_391.jpg,reebok
../datasets/sampled_sneakers_1024x1024\resized_padded_new_newbalance_9.jpg,resized_padded_new_newbalance_9.jpg,newbalance
../datasets/sampled_sneakers_1024x1024\normalized_nike_43.jpg,normalized_nike_43.jpg,nike
../datasets/sampled_sneakers_1024x1024\normalized_nike_8.jpg,normalized_nike_8.jpg,nike
../datasets/sampled_sneakers_1024x1024\resized_padded_vans_239.jpg,resized_padded_vans_239.jpg,vans
../datasets/sampled_sneakers_1024x1024\resized_padded_underarmour_72.jpg,resized_padded_underarmour_72.jpg,underarmour
../datasets/sampled_sneakers_1024x1024\resized_padded_vans_328.jpg,resized_padded_vans_328.jpg,vans
../datasets/sampled_sneakers_1024x1024\resized_all_vans_587.jpg,resized_all_vans_587.jpg,vans
../datasets/sampled_sneakers_1024x1024\resized_padded_vans_127.jpg,resized_padded_vans_127.jpg,vans
../datasets/sampled_sneakers_1024x1024\resized_all_vans_484.jpg,resized_all_vans_484.jpg,vans
../datasets/sampled_sneakers_1024x1024\resized_padded_puma_147.jpg,resized_padded_puma_147.jpg,puma
../datasets/sampled_sneakers_1024x1024\resized_padded_underarmour_219.jpg,resized_padded_underarmour_219.jpg,underarmour
../datasets/sampled_sneakers_1024x1024\resized_padded_puma_272.jpg,resized_padded_puma_272.jpg,puma
../datasets/sampled_sneakers_1024x1024\resized_padded_puma_589.jpg,resized_padded_puma_589.jpg,puma
../datasets/sampled_sneakers_1024x1024\resized_all_vans_175.jpg,resized_all_vans_175.jpg,vans
../datasets/sampled_sneakers_1024x1024\resized_padded_reebok_289.jpg,resized_padded_reebok_289.jpg,reebok
../datasets/sampled_sneakers_1024x1024\normalized_nike_269.jpg,normalized_nike_269.jpg,nike
../datasets/sampled_sneakers_1024x1024\resized_padded_puma_183.jpg,resized_padded_puma_183.jpg,puma
../datasets/sampled_sneakers_1024x1024\resized_padded_new_newbalance_150.jpg,resized_padded_new_newbalance_150.jpg,newbalance
../datasets/sampled_sneakers_1024x1024\resized_all_vans_718.jpg,resized_all_vans_718.jpg,vans
../datasets/sampled_sneakers_1024x1024\resized_padded_underarmour_87.jpg,resized_padded_underarmour_87.jpg,underarmour
../datasets/sampled_sneakers_1024x1024\resized_padded_vans_356.jpg,resized_padded_vans_356.jpg,vans
../datasets/sampled_sneakers_1024x1024\resized_padded_puma_463.jpg,resized_padded_puma_463.jpg,puma
../datasets/sampled_sneakers_1024x1024\resized_all_vans_223.jpg,resized_all_vans_223.jpg,vans
../datasets/sampled_sneakers_1024x1024\resized_padded_vans_183.jpg,resized_padded_vans_183.jpg,vans
../datasets/sampled_sneakers_1024x1024\resized_padded_vans_326.jpg,resized_padded_vans_326.jpg,vans
../datasets/sampled_sneakers_1024x1024\resized_padded_reebok_288.jpg,resized_padded_reebok_288.jpg,reebok
../datasets/sampled_sneakers_1024x1024\resized_padded_puma_179.jpg,resized_padded_puma_179.jpg,puma
../datasets/sampled_sneakers_1024x1024\resized_padded_puma_555.jpg,resized_padded_puma_555.jpg,puma
../datasets/sampled_sneakers_1024x1024\resized_all_vans_199.jpg,resized_all_vans_199.jpg,vans
../datasets/sampled_sneakers_1024x1024\resized_padded_vans_424.jpg,resized_padded_vans_424.jpg,vans
../datasets/sampled_sneakers_1024x1024\resized_padded_puma_516.jpg,resized_padded_puma_516.jpg,puma
../datasets/sampled_sneakers_1024x1024\resized_all_vans_291.jpg,resized_all_vans_291.jpg,vans
../datasets/sampled_sneakers_1024x1024\resized_padded_new_newbalance_92.jpg,resized_padded_new_newbalance_92.jpg,newbalance
../datasets/sampled_sneakers_1024x1024\normalized_nike_36.jpg,normalized_nike_36.jpg,nike
../datasets/sampled_sneakers_1024x1024\resized_padded_puma_208.jpg,resized_padded_puma_208.jpg,puma
../datasets/sampled_sneakers_1024x1024\resized_padded_underarmour_224.jpg,resized_padded_underarmour_224.jpg,underarmour
../datasets/sampled_sneakers_1024x1024\resized_padded_underarmour_217.jpg,resized_padded_underarmour_217.jpg,underarmour
../datasets/sampled_sneakers_1024x1024\resized_all_vans_481.jpg,resized_all_vans_481.jpg,vans
../datasets/sampled_sneakers_1024x1024\resized_all_vans_593.jpg,resized_all_vans_593.jpg,vans
../datasets/sampled_sneakers_1024x1024\resized_all_vans_200.jpg,resized_all_vans_200.jpg,vans
../datasets/sampled_sneakers_1024x1024\resized_padded_reebok_69.jpg,resized_padded_reebok_69.jpg,reebok
../datasets/sampled_sneakers_1024x1024\resized_padded_reebok_127.jpg,resized_padded_reebok_127.jpg,reebok
../datasets/sampled_sneakers_1024x1024\resized_padded_puma_384.jpg,resized_padded_puma_384.jpg,puma
../datasets/sampled_sneakers_1024x1024\resized_padded_puma_70.jpg,resized_padded_puma_70.jpg,puma
../datasets/sampled_sneakers_1024x1024\resized_padded_reebok_217.jpg,resized_padded_reebok_217.jpg,reebok
../datasets/sampled_sneakers_1024x1024\resized_padded_puma_594.jpg,resized_padded_puma_594.jpg,puma
../datasets/sampled_sneakers_1024x1024\resized_all_vans_393.jpg,resized_all_vans_393.jpg,vans
../datasets/sampled_sneakers_1024x1024\resized_padded_reebok_335.jpg,resized_padded_reebok_335.jpg,reebok
../datasets/sampled_sneakers_1024x1024\resized_padded_underarmour_130.jpg,resized_padded_underarmour_130.jpg,underarmour
../datasets/sampled_sneakers_1024x1024\resized_padded_vans_59.jpg,resized_padded_vans_59.jpg,vans
../datasets/sampled_sneakers_1024x1024\resized_padded_new_newbalance_246.jpg,resized_padded_new_newbalance_246.jpg,newbalance
../datasets/sampled_sneakers_1024x1024\resized_padded_vans_347.jpg,resized_padded_vans_347.jpg,vans
../datasets/sampled_sneakers_1024x1024\resized_all_vans_723.jpg,resized_all_vans_723.jpg,vans
../datasets/sampled_sneakers_1024x1024\resized_all_vans_272.jpg,resized_all_vans_272.jpg,vans
../datasets/sampled_sneakers_1024x1024\resized_padded_new_newbalance_111.jpg,resized_padded_new_newbalance_111.jpg,newbalance
../datasets/sampled_sneakers_1024x1024\resized_padded_reebok_378.jpg,resized_padded_reebok_378.jpg,reebok
../datasets/sampled_sneakers_1024x1024\resized_padded_reebok_291.jpg,resized_padded_reebok_291.jpg,reebok
../datasets/sampled_sneakers_1024x1024\normalized_nike_518.jpg,normalized_nike_518.jpg,nike
../datasets/sampled_sneakers_1024x1024\resized_padded_reebok_49.jpg,resized_padded_reebok_49.jpg,reebok
../datasets/sampled_sneakers_1024x1024\resized_padded_reebok_370.jpg,resized_padded_reebok_370.jpg,reebok
../datasets/sampled_sneakers_1024x1024\resized_padded_new_newbalance_181.jpg,resized_padded_new_newbalance_181.jpg,newbalance
../datasets/sampled_sneakers_1024x1024\resized_padded_vans_341.jpg,resized_padded_vans_341.jpg,vans
../datasets/sampled_sneakers_1024x1024\resized_padded_reebok_234.jpg,resized_padded_reebok_234.jpg,reebok
../datasets/sampled_sneakers_1024x1024\resized_padded_vans_468.jpg,resized_padded_vans_468.jpg,vans
../datasets/sampled_sneakers_1024x1024\resized_padded_vans_89.jpg,resized_padded_vans_89.jpg,vans
../datasets/sampled_sneakers_1024x1024\resized_padded_vans_150.jpg,resized_padded_vans_150.jpg,vans
../datasets/sampled_sneakers_1024x1024\normalized_nike_278.jpg,normalized_nike_278.jpg,nike
../datasets/sampled_sneakers_1024x1024\resized_padded_underarmour_241.jpg,resized_padded_underarmour_241.jpg,underarmour
../datasets/sampled_sneakers_1024x1024\resized_padded_puma_390.jpg,resized_padded_puma_390.jpg,puma
../datasets/sampled_sneakers_1024x1024\resized_padded_underarmour_60.jpg,resized_padded_underarmour_60.jpg,underarmour
../datasets/sampled_sneakers_1024x1024\resized_padded_vans_109.jpg,resized_padded_vans_109.jpg,vans
../datasets/sampled_sneakers_1024x1024\normalized_nike_184.jpg,normalized_nike_184.jpg,nike
../datasets/sampled_sneakers_1024x1024\resized_padded_reebok_382.jpg,resized_padded_reebok_382.jpg,reebok
../datasets/sampled_sneakers_1024x1024\resized_padded_reebok_122.jpg,resized_padded_reebok_122.jpg,reebok
../datasets/sampled_sneakers_1024x1024\resized_padded_reebok_376.jpg,resized_padded_reebok_376.jpg,reebok
../datasets/sampled_sneakers_1024x1024\resized_all_vans_488.jpg,resized_all_vans_488.jpg,vans
../datasets/sampled_sneakers_1024x1024\resized_all_vans_201.jpg,resized_all_vans_201.jpg,vans
../datasets/sampled_sneakers_1024x1024\resized_padded_underarmour_73.jpg,resized_padded_underarmour_73.jpg,underarmour
../datasets/sampled_sneakers_1024x1024\resized_padded_reebok_294.jpg,resized_padded_reebok_294.jpg,reebok
../datasets/sampled_sneakers_1024x1024\resized_padded_vans_589.jpg,resized_padded_vans_589.jpg,vans
../datasets/sampled_sneakers_1024x1024\resized_padded_underarmour_295.jpg,resized_padded_underarmour_295.jpg,underarmour
../datasets/sampled_sneakers_1024x1024\resized_all_vans_696.jpg,resized_all_vans_696.jpg,vans
../datasets/sampled_sneakers_1024x1024\resized_all_vans_369.jpg,resized_all_vans_369.jpg,vans
../datasets/sampled_sneakers_1024x1024\resized_all_vans_25.jpg,resized_all_vans_25.jpg,vans
../datasets/sampled_sneakers_1024x1024\resized_padded_puma_300.jpg,resized_padded_puma_300.jpg,puma
../datasets/sampled_sneakers_1024x1024\resized_padded_reebok_141.jpg,resized_padded_reebok_141.jpg,reebok
../datasets/sampled_sneakers_1024x1024\resized_padded_puma_223.jpg,resized_padded_puma_223.jpg,puma
../datasets/sampled_sneakers_1024x1024\resized_padded_underarmour_259.jpg,resized_padded_underarmour_259.jpg,underarmour
../datasets/sampled_sneakers_1024x1024\resized_padded_puma_240.jpg,resized_padded_puma_240.jpg,puma
../datasets/sampled_sneakers_1024x1024\normalized_nike_456.jpg,normalized_nike_456.jpg,nike
../datasets/sampled_sneakers_1024x1024\resized_padded_vans_25.jpg,resized_padded_vans_25.jpg,vans
../datasets/sampled_sneakers_1024x1024\resized_all_vans_283.jpg,resized_all_vans_283.jpg,vans
../datasets/sampled_sneakers_1024x1024\normalized_nike_434.jpg,normalized_nike_434.jpg,nike
../datasets/sampled_sneakers_1024x1024\resized_all_vans_586.jpg,resized_all_vans_586.jpg,vans
../datasets/sampled_sneakers_1024x1024\normalized_nike_163.jpg,normalized_nike_163.jpg,nike
../datasets/sampled_sneakers_1024x1024\resized_all_vans_638.jpg,resized_all_vans_638.jpg,vans
../datasets/sampled_sneakers_1024x1024\resized_all_vans_74.jpg,resized_all_vans_74.jpg,vans
../datasets/sampled_sneakers_1024x1024\resized_padded_vans_462.jpg,resized_padded_vans_462.jpg,vans
../datasets/sampled_sneakers_1024x1024\resized_padded_reebok_373.jpg,resized_padded_reebok_373.jpg,reebok
../datasets/sampled_sneakers_1024x1024\resized_all_vans_309.jpg,resized_all_vans_309.jpg,vans
../datasets/sampled_sneakers_1024x1024\resized_padded_reebok_112.jpg,resized_padded_reebok_112.jpg,reebok
../datasets/sampled_sneakers_1024x1024\normalized_nike_499.jpg,normalized_nike_499.jpg,nike
../datasets/sampled_sneakers_1024x1024\resized_padded_puma_446.jpg,resized_padded_puma_446.jpg,puma
../datasets/sampled_sneakers_1024x1024\resized_all_vans_669.jpg,resized_all_vans_669.jpg,vans
../datasets/sampled_sneakers_1024x1024\resized_padded_underarmour_104.jpg,resized_padded_underarmour_104.jpg,underarmour
../datasets/sampled_sneakers_1024x1024\resized_padded_vans_106.jpg,resized_padded_vans_106.jpg,vans
../datasets/sampled_sneakers_1024x1024\resized_all_vans_351.jpg,resized_all_vans_351.jpg,vans
../datasets/sampled_sneakers_1024x1024\resized_padded_underarmour_158.jpg,resized_padded_underarmour_158.jpg,underarmour
../datasets/sampled_sneakers_1024x1024\resized_padded_puma_375.jpg,resized_padded_puma_375.jpg,puma
../datasets/sampled_sneakers_1024x1024\resized_padded_puma_487.jpg,resized_padded_puma_487.jpg,puma
../datasets/sampled_sneakers_1024x1024\resized_padded_reebok_399.jpg,resized_padded_reebok_399.jpg,reebok
../datasets/sampled_sneakers_1024x1024\resized_padded_reebok_397.jpg,resized_padded_reebok_397.jpg,reebok
../datasets/sampled_sneakers_1024x1024\resized_padded_vans_397.jpg,resized_padded_vans_397.jpg,vans
../datasets/sampled_sneakers_1024x1024\resized_padded_vans_587.jpg,resized_padded_vans_587.jpg,vans
../datasets/sampled_sneakers_1024x1024\normalized_nike_17.jpg,normalized_nike_17.jpg,nike
../datasets/sampled_sneakers_1024x1024\resized_padded_reebok_70.jpg,resized_padded_reebok_70.jpg,reebok
../datasets/sampled_sneakers_1024x1024\resized_padded_vans_111.jpg,resized_padded_vans_111.jpg,vans
../datasets/sampled_sneakers_1024x1024\resized_padded_reebok_58.jpg,resized_padded_reebok_58.jpg,reebok
../datasets/sampled_sneakers_1024x1024\resized_padded_puma_528.jpg,resized_padded_puma_528.jpg,puma
../datasets/sampled_sneakers_1024x1024\resized_padded_puma_596.jpg,resized_padded_puma_596.jpg,puma
../datasets/sampled_sneakers_1024x1024\resized_padded_new_newbalance_121.jpg,resized_padded_new_newbalance_121.jpg,newbalance
../datasets/sampled_sneakers_1024x1024\resized_padded_puma_122.jpg,resized_padded_puma_122.jpg,puma
../datasets/sampled_sneakers_1024x1024\resized_all_vans_56.jpg,resized_all_vans_56.jpg,vans
../datasets/sampled_sneakers_1024x1024\resized_padded_vans_190.jpg,resized_padded_vans_190.jpg,vans
../datasets/sampled_sneakers_1024x1024\normalized_nike_382.jpg,normalized_nike_382.jpg,nike
../datasets/sampled_sneakers_1024x1024\resized_padded_vans_478.jpg,resized_padded_vans_478.jpg,vans
../datasets/sampled_sneakers_1024x1024\resized_padded_puma_561.jpg,resized_padded_puma_561.jpg,puma
../datasets/sampled_sneakers_1024x1024\resized_padded_vans_91.jpg,resized_padded_vans_91.jpg,vans
../datasets/sampled_sneakers_1024x1024\resized_padded_puma_473.jpg,resized_padded_puma_473.jpg,puma
../datasets/sampled_sneakers_1024x1024\resized_padded_reebok_358.jpg,resized_padded_reebok_358.jpg,reebok
../datasets/sampled_sneakers_1024x1024\resized_all_vans_594.jpg,resized_all_vans_594.jpg,vans
../datasets/sampled_sneakers_1024x1024\resized_all_vans_85.jpg,resized_all_vans_85.jpg,vans
../datasets/sampled_sneakers_1024x1024\resized_padded_puma_281.jpg,resized_padded_puma_281.jpg,puma
../datasets/sampled_sneakers_1024x1024\resized_padded_puma_622.jpg,resized_padded_puma_622.jpg,puma
../datasets/sampled_sneakers_1024x1024\resized_all_vans_489.jpg,resized_all_vans_489.jpg,vans
../datasets/sampled_sneakers_1024x1024\resized_padded_vans_493.jpg,resized_padded_vans_493.jpg,vans
../datasets/sampled_sneakers_1024x1024\resized_all_vans_343.jpg,resized_all_vans_343.jpg,vans
../datasets/sampled_sneakers_1024x1024\resized_padded_puma_276.jpg,resized_padded_puma_276.jpg,puma
../datasets/sampled_sneakers_1024x1024\resized_padded_puma_436.jpg,resized_padded_puma_436.jpg,puma
../datasets/sampled_sneakers_1024x1024\resized_all_vans_728.jpg,resized_all_vans_728.jpg,vans
../datasets/sampled_sneakers_1024x1024\normalized_nike_40.jpg,normalized_nike_40.jpg,nike
../datasets/sampled_sneakers_1024x1024\resized_all_vans_286.jpg,resized_all_vans_286.jpg,vans
../datasets/sampled_sneakers_1024x1024\normalized_nike_322.jpg,normalized_nike_322.jpg,nike
../datasets/sampled_sneakers_1024x1024\resized_all_vans_295.jpg,resized_all_vans_295.jpg,vans
../datasets/sampled_sneakers_1024x1024\resized_padded_reebok_437.jpg,resized_padded_reebok_437.jpg,reebok
../datasets/sampled_sneakers_1024x1024\resized_padded_puma_420.jpg,resized_padded_puma_420.jpg,puma
../datasets/sampled_sneakers_1024x1024\resized_padded_new_newbalance_206.jpg,resized_padded_new_newbalance_206.jpg,newbalance
../datasets/sampled_sneakers_1024x1024\resized_padded_reebok_133.jpg,resized_padded_reebok_133.jpg,reebok
../datasets/sampled_sneakers_1024x1024\resized_padded_puma_493.jpg,resized_padded_puma_493.jpg,puma
../datasets/sampled_sneakers_1024x1024\resized_all_vans_517.jpg,resized_all_vans_517.jpg,vans
../datasets/sampled_sneakers_1024x1024\resized_padded_vans_378.jpg,resized_padded_vans_378.jpg,vans
../datasets/sampled_sneakers_1024x1024\resized_padded_vans_599.jpg,resized_padded_vans_599.jpg,vans
../datasets/sampled_sneakers_1024x1024\resized_padded_reebok_345.jpg,resized_padded_reebok_345.jpg,reebok
../datasets/sampled_sneakers_1024x1024\resized_padded_vans_452.jpg,resized_padded_vans_452.jpg,vans
../datasets/sampled_sneakers_1024x1024\normalized_nike_194.jpg,normalized_nike_194.jpg,nike
../datasets/sampled_sneakers_1024x1024\resized_padded_puma_289.jpg,resized_padded_puma_289.jpg,puma
../datasets/sampled_sneakers_1024x1024\resized_padded_puma_414.jpg,resized_padded_puma_414.jpg,puma
../datasets/sampled_sneakers_1024x1024\resized_padded_puma_261.jpg,resized_padded_puma_261.jpg,puma
../datasets/sampled_sneakers_1024x1024\resized_padded_underarmour_286.jpg,resized_padded_underarmour_286.jpg,underarmour
../datasets/sampled_sneakers_1024x1024\resized_padded_reebok_393.jpg,resized_padded_reebok_393.jpg,reebok
../datasets/sampled_sneakers_1024x1024\resized_padded_underarmour_94.jpg,resized_padded_underarmour_94.jpg,underarmour
../datasets/sampled_sneakers_1024x1024\resized_padded_vans_270.jpg,resized_padded_vans_270.jpg,vans
../datasets/sampled_sneakers_1024x1024\resized_all_vans_530.jpg,resized_all_vans_530.jpg,vans
../datasets/sampled_sneakers_1024x1024\resized_padded_puma_97.jpg,resized_padded_puma_97.jpg,puma
../datasets/sampled_sneakers_1024x1024\resized_padded_reebok_250.jpg,resized_padded_reebok_250.jpg,reebok
../datasets/sampled_sneakers_1024x1024\resized_padded_new_newbalance_252.jpg,resized_padded_new_newbalance_252.jpg,newbalance
../datasets/sampled_sneakers_1024x1024\resized_padded_puma_98.jpg,resized_padded_puma_98.jpg,puma
../datasets/sampled_sneakers_1024x1024\resized_padded_reebok_45.jpg,resized_padded_reebok_45.jpg,reebok
../datasets/sampled_sneakers_1024x1024\resized_padded_puma_650.jpg,resized_padded_puma_650.jpg,puma
../datasets/sampled_sneakers_1024x1024\resized_padded_underarmour_35.jpg,resized_padded_underarmour_35.jpg,underarmour
../datasets/sampled_sneakers_1024x1024\normalized_nike_232.jpg,normalized_nike_232.jpg,nike
../datasets/sampled_sneakers_1024x1024\resized_padded_underarmour_109.jpg,resized_padded_underarmour_109.jpg,underarmour
../datasets/sampled_sneakers_1024x1024\resized_padded_puma_506.jpg,resized_padded_puma_506.jpg,puma
../datasets/sampled_sneakers_1024x1024\normalized_nike_187.jpg,normalized_nike_187.jpg,nike
../datasets/sampled_sneakers_1024x1024\resized_padded_vans_280.jpg,resized_padded_vans_280.jpg,vans
../datasets/sampled_sneakers_1024x1024\resized_padded_puma_526.jpg,resized_padded_puma_526.jpg,puma
../datasets/sampled_sneakers_1024x1024\normalized_nike_117.jpg,normalized_nike_117.jpg,nike
../datasets/sampled_sneakers_1024x1024\normalized_nike_422.jpg,normalized_nike_422.jpg,nike
../datasets/sampled_sneakers_1024x1024\resized_padded_underarmour_5.jpg,resized_padded_underarmour_5.jpg,underarmour
../datasets/sampled_sneakers_1024x1024\resized_padded_vans_420.jpg,resized_padded_vans_420.jpg,vans
../datasets/sampled_sneakers_1024x1024\resized_padded_puma_648.jpg,resized_padded_puma_648.jpg,puma
../datasets/sampled_sneakers_1024x1024\resized_padded_puma_362.jpg,resized_padded_puma_362.jpg,puma
../datasets/sampled_sneakers_1024x1024\resized_all_vans_406.jpg,resized_all_vans_406.jpg,vans
../datasets/sampled_sneakers_1024x1024\resized_padded_reebok_334.jpg,resized_padded_reebok_334.jpg,reebok
../datasets/sampled_sneakers_1024x1024\normalized_nike_361.jpg,normalized_nike_361.jpg,nike
../datasets/sampled_sneakers_1024x1024\resized_padded_underarmour_272.jpg,resized_padded_underarmour_272.jpg,underarmour
../datasets/sampled_sneakers_1024x1024\resized_all_vans_298.jpg,resized_all_vans_298.jpg,vans
../datasets/sampled_sneakers_1024x1024\resized_padded_underarmour_164.jpg,resized_padded_underarmour_164.jpg,underarmour
../datasets/sampled_sneakers_1024x1024\resized_all_vans_394.jpg,resized_all_vans_394.jpg,vans
../datasets/sampled_sneakers_1024x1024\resized_padded_puma_190.jpg,resized_padded_puma_190.jpg,puma
../datasets/sampled_sneakers_1024x1024\resized_all_vans_717.jpg,resized_all_vans_717.jpg,vans
../datasets/sampled_sneakers_1024x1024\resized_padded_reebok_286.jpg,resized_padded_reebok_286.jpg,reebok
../datasets/sampled_sneakers_1024x1024\normalized_nike_275.jpg,normalized_nike_275.jpg,nike
../datasets/sampled_sneakers_1024x1024\normalized_nike_429.jpg,normalized_nike_429.jpg,nike
../datasets/sampled_sneakers_1024x1024\normalized_nike_420.jpg,normalized_nike_420.jpg,nike
../datasets/sampled_sneakers_1024x1024\resized_all_vans_745.jpg,resized_all_vans_745.jpg,vans
../datasets/sampled_sneakers_1024x1024\resized_all_vans_289.jpg,resized_all_vans_289.jpg,vans
../datasets/sampled_sneakers_1024x1024\resized_padded_puma_442.jpg,resized_padded_puma_442.jpg,puma
../datasets/sampled_sneakers_1024x1024\resized_padded_puma_419.jpg,resized_padded_puma_419.jpg,puma
../datasets/sampled_sneakers_1024x1024\resized_padded_puma_21.jpg,resized_padded_puma_21.jpg,puma
../datasets/sampled_sneakers_1024x1024\resized_padded_puma_185.jpg,resized_padded_puma_185.jpg,puma
../datasets/sampled_sneakers_1024x1024\resized_padded_underarmour_183.jpg,resized_padded_underarmour_183.jpg,underarmour
../datasets/sampled_sneakers_1024x1024\resized_padded_new_newbalance_298.jpg,resized_padded_new_newbalance_298.jpg,newbalance
../datasets/sampled_sneakers_1024x1024\resized_padded_underarmour_157.jpg,resized_padded_underarmour_157.jpg,underarmour
../datasets/sampled_sneakers_1024x1024\resized_padded_underarmour_48.jpg,resized_padded_underarmour_48.jpg,underarmour
../datasets/sampled_sneakers_1024x1024\resized_padded_vans_334.jpg,resized_padded_vans_334.jpg,vans
../datasets/sampled_sneakers_1024x1024\resized_padded_underarmour_11.jpg,resized_padded_underarmour_11.jpg,underarmour
../datasets/sampled_sneakers_1024x1024\resized_padded_new_newbalance_54.jpg,resized_padded_new_newbalance_54.jpg,newbalance
../datasets/sampled_sneakers_1024x1024\resized_padded_puma_136.jpg,resized_padded_puma_136.jpg,puma
../datasets/sampled_sneakers_1024x1024\resized_padded_new_newbalance_32.jpg,resized_padded_new_newbalance_32.jpg,newbalance
../datasets/sampled_sneakers_1024x1024\resized_padded_puma_459.jpg,resized_padded_puma_459.jpg,puma
../datasets/sampled_sneakers_1024x1024\normalized_nike_485.jpg,normalized_nike_485.jpg,nike
../datasets/sampled_sneakers_1024x1024\resized_padded_new_newbalance_149.jpg,resized_padded_new_newbalance_149.jpg,newbalance
../datasets/sampled_sneakers_1024x1024\resized_all_vans_61.jpg,resized_all_vans_61.jpg,vans
../datasets/sampled_sneakers_1024x1024\resized_all_vans_254.jpg,resized_all_vans_254.jpg,vans
../datasets/sampled_sneakers_1024x1024\resized_all_vans_567.jpg,resized_all_vans_567.jpg,vans
../datasets/sampled_sneakers_1024x1024\resized_padded_puma_571.jpg,resized_padded_puma_571.jpg,puma
../datasets/sampled_sneakers_1024x1024\resized_padded_vans_578.jpg,resized_padded_vans_578.jpg,vans
../datasets/sampled_sneakers_1024x1024\resized_padded_reebok_309.jpg,resized_padded_reebok_309.jpg,reebok
../datasets/sampled_sneakers_1024x1024\resized_padded_puma_418.jpg,resized_padded_puma_418.jpg,puma
../datasets/sampled_sneakers_1024x1024\resized_padded_vans_155.jpg,resized_padded_vans_155.jpg,vans
../datasets/sampled_sneakers_1024x1024\resized_padded_reebok_139.jpg,resized_padded_reebok_139.jpg,reebok
../datasets/sampled_sneakers_1024x1024\resized_padded_new_newbalance_46.jpg,resized_padded_new_newbalance_46.jpg,newbalance
../datasets/sampled_sneakers_1024x1024\resized_padded_puma_118.jpg,resized_padded_puma_118.jpg,puma
../datasets/sampled_sneakers_1024x1024\resized_all_vans_432.jpg,resized_all_vans_432.jpg,vans
../datasets/sampled_sneakers_1024x1024\normalized_nike_233.jpg,normalized_nike_233.jpg,nike
../datasets/sampled_sneakers_1024x1024\normalized_nike_128.jpg,normalized_nike_128.jpg,nike
../datasets/sampled_sneakers_1024x1024\resized_padded_reebok_287.jpg,resized_padded_reebok_287.jpg,reebok
../datasets/sampled_sneakers_1024x1024\resized_padded_underarmour_74.jpg,resized_padded_underarmour_74.jpg,underarmour
../datasets/sampled_sneakers_1024x1024\resized_padded_puma_588.jpg,resized_padded_puma_588.jpg,puma
../datasets/sampled_sneakers_1024x1024\resized_padded_reebok_351.jpg,resized_padded_reebok_351.jpg,reebok
../datasets/sampled_sneakers_1024x1024\resized_all_vans_314.jpg,resized_all_vans_314.jpg,vans
../datasets/sampled_sneakers_1024x1024\resized_padded_puma_274.jpg,resized_padded_puma_274.jpg,puma
../datasets/sampled_sneakers_1024x1024\resized_padded_new_newbalance_245.jpg,resized_padded_new_newbalance_245.jpg,newbalance
../datasets/sampled_sneakers_1024x1024\resized_all_vans_111.jpg,resized_all_vans_111.jpg,vans
../datasets/sampled_sneakers_1024x1024\resized_padded_underarmour_106.jpg,resized_padded_underarmour_106.jpg,underarmour
../datasets/sampled_sneakers_1024x1024\resized_padded_puma_523.jpg,resized_padded_puma_523.jpg,puma
../datasets/sampled_sneakers_1024x1024\normalized_nike_285.jpg,normalized_nike_285.jpg,nike
../datasets/sampled_sneakers_1024x1024\resized_all_vans_130.jpg,resized_all_vans_130.jpg,vans
../datasets/sampled_sneakers_1024x1024\resized_padded_vans_293.jpg,resized_padded_vans_293.jpg,vans
../datasets/sampled_sneakers_1024x1024\resized_padded_vans_448.jpg,resized_padded_vans_448.jpg,vans
../datasets/sampled_sneakers_1024x1024\resized_padded_underarmour_146.jpg,resized_padded_underarmour_146.jpg,underarmour
../datasets/sampled_sneakers_1024x1024\resized_padded_puma_549.jpg,resized_padded_puma_549.jpg,puma
../datasets/sampled_sneakers_1024x1024\resized_padded_reebok_218.jpg,resized_padded_reebok_218.jpg,reebok
../datasets/sampled_sneakers_1024x1024\resized_padded_puma_235.jpg,resized_padded_puma_235.jpg,puma
../datasets/sampled_sneakers_1024x1024\resized_padded_reebok_303.jpg,resized_padded_reebok_303.jpg,reebok
../datasets/sampled_sneakers_1024x1024\resized_padded_new_newbalance_50.jpg,resized_padded_new_newbalance_50.jpg,newbalance
../datasets/sampled_sneakers_1024x1024\normalized_nike_498.jpg,normalized_nike_498.jpg,nike
../datasets/sampled_sneakers_1024x1024\resized_padded_vans_383.jpg,resized_padded_vans_383.jpg,vans
../datasets/sampled_sneakers_1024x1024\resized_padded_underarmour_16.jpg,resized_padded_underarmour_16.jpg,underarmour
../datasets/sampled_sneakers_1024x1024\resized_padded_puma_360.jpg,resized_padded_puma_360.jpg,puma
../datasets/sampled_sneakers_1024x1024\resized_all_vans_485.jpg,resized_all_vans_485.jpg,vans
../datasets/sampled_sneakers_1024x1024\resized_padded_vans_144.jpg,resized_padded_vans_144.jpg,vans
../datasets/sampled_sneakers_1024x1024\resized_all_vans_88.jpg,resized_all_vans_88.jpg,vans
../datasets/sampled_sneakers_1024x1024\resized_padded_vans_560.jpg,resized_padded_vans_560.jpg,vans
../datasets/sampled_sneakers_1024x1024\resized_padded_vans_556.jpg,resized_padded_vans_556.jpg,vans
../datasets/sampled_sneakers_1024x1024\normalized_nike_418.jpg,normalized_nike_418.jpg,nike
../datasets/sampled_sneakers_1024x1024\resized_padded_vans_579.jpg,resized_padded_vans_579.jpg,vans
../datasets/sampled_sneakers_1024x1024\resized_padded_reebok_182.jpg,resized_padded_reebok_182.jpg,reebok
../datasets/sampled_sneakers_1024x1024\resized_all_vans_716.jpg,resized_all_vans_716.jpg,vans
../datasets/sampled_sneakers_1024x1024\resized_padded_vans_470.jpg,resized_padded_vans_470.jpg,vans
../datasets/sampled_sneakers_1024x1024\resized_padded_puma_417.jpg,resized_padded_puma_417.jpg,puma
../datasets/sampled_sneakers_1024x1024\resized_padded_new_newbalance_104.jpg,resized_padded_new_newbalance_104.jpg,newbalance
../datasets/sampled_sneakers_1024x1024\resized_padded_vans_535.jpg,resized_padded_vans_535.jpg,vans
../datasets/sampled_sneakers_1024x1024\resized_padded_vans_97.jpg,resized_padded_vans_97.jpg,vans
../datasets/sampled_sneakers_1024x1024\resized_padded_puma_157.jpg,resized_padded_puma_157.jpg,puma
../datasets/sampled_sneakers_1024x1024\normalized_nike_487.jpg,normalized_nike_487.jpg,nike
../datasets/sampled_sneakers_1024x1024\resized_all_vans_732.jpg,resized_all_vans_732.jpg,vans
../datasets/sampled_sneakers_1024x1024\resized_padded_puma_610.jpg,resized_padded_puma_610.jpg,puma
../datasets/sampled_sneakers_1024x1024\resized_padded_reebok_336.jpg,resized_padded_reebok_336.jpg,reebok
../datasets/sampled_sneakers_1024x1024\resized_padded_puma_173.jpg,resized_padded_puma_173.jpg,puma
../datasets/sampled_sneakers_1024x1024\resized_all_vans_154.jpg,resized_all_vans_154.jpg,vans
../datasets/sampled_sneakers_1024x1024\resized_padded_vans_264.jpg,resized_padded_vans_264.jpg,vans
../datasets/sampled_sneakers_1024x1024\resized_padded_puma_217.jpg,resized_padded_puma_217.jpg,puma
../datasets/sampled_sneakers_1024x1024\resized_padded_puma_75.jpg,resized_padded_puma_75.jpg,puma
../datasets/sampled_sneakers_1024x1024\resized_all_vans_553.jpg,resized_all_vans_553.jpg,vans
../datasets/sampled_sneakers_1024x1024\normalized_nike_474.jpg,normalized_nike_474.jpg,nike
../datasets/sampled_sneakers_1024x1024\normalized_nike_289.jpg,normalized_nike_289.jpg,nike
../datasets/sampled_sneakers_1024x1024\resized_all_vans_412.jpg,resized_all_vans_412.jpg,vans
../datasets/sampled_sneakers_1024x1024\normalized_nike_174.jpg,normalized_nike_174.jpg,nike
../datasets/sampled_sneakers_1024x1024\resized_padded_vans_580.jpg,resized_padded_vans_580.jpg,vans
../datasets/sampled_sneakers_1024x1024\resized_padded_vans_298.jpg,resized_padded_vans_298.jpg,vans
../datasets/sampled_sneakers_1024x1024\resized_padded_puma_81.jpg,resized_padded_puma_81.jpg,puma
../datasets/sampled_sneakers_1024x1024\resized_all_vans_502.jpg,resized_all_vans_502.jpg,vans
../datasets/sampled_sneakers_1024x1024\resized_padded_reebok_160.jpg,resized_padded_reebok_160.jpg,reebok
../datasets/sampled_sneakers_1024x1024\resized_all_vans_383.jpg,resized_all_vans_383.jpg,vans
../datasets/sampled_sneakers_1024x1024\resized_padded_puma_626.jpg,resized_padded_puma_626.jpg,puma
../datasets/sampled_sneakers_1024x1024\resized_all_vans_734.jpg,resized_all_vans_734.jpg,vans
../datasets/sampled_sneakers_1024x1024\resized_all_vans_564.jpg,resized_all_vans_564.jpg,vans
../datasets/sampled_sneakers_1024x1024\resized_all_vans_174.jpg,resized_all_vans_174.jpg,vans
../datasets/sampled_sneakers_1024x1024\normalized_nike_384.jpg,normalized_nike_384.jpg,nike
../datasets/sampled_sneakers_1024x1024\resized_padded_puma_24.jpg,resized_padded_puma_24.jpg,puma
../datasets/sampled_sneakers_1024x1024\resized_padded_reebok_371.jpg,resized_padded_reebok_371.jpg,reebok
../datasets/sampled_sneakers_1024x1024\resized_padded_reebok_36.jpg,resized_padded_reebok_36.jpg,reebok
../datasets/sampled_sneakers_1024x1024\resized_padded_new_newbalance_35.jpg,resized_padded_new_newbalance_35.jpg,newbalance
../datasets/sampled_sneakers_1024x1024\resized_all_vans_281.jpg,resized_all_vans_281.jpg,vans
../datasets/sampled_sneakers_1024x1024\normalized_nike_247.jpg,normalized_nike_247.jpg,nike
../datasets/sampled_sneakers_1024x1024\resized_padded_puma_55.jpg,resized_padded_puma_55.jpg,puma
../datasets/sampled_sneakers_1024x1024\resized_all_vans_278.jpg,resized_all_vans_278.jpg,vans
../datasets/sampled_sneakers_1024x1024\normalized_nike_206.jpg,normalized_nike_206.jpg,nike
../datasets/sampled_sneakers_1024x1024\resized_all_vans_15.jpg,resized_all_vans_15.jpg,vans
../datasets/sampled_sneakers_1024x1024\resized_all_vans_90.jpg,resized_all_vans_90.jpg,vans
../datasets/sampled_sneakers_1024x1024\normalized_nike_282.jpg,normalized_nike_282.jpg,nike
../datasets/sampled_sneakers_1024x1024\resized_padded_reebok_312.jpg,resized_padded_reebok_312.jpg,reebok
../datasets/sampled_sneakers_1024x1024\resized_padded_puma_244.jpg,resized_padded_puma_244.jpg,puma
../datasets/sampled_sneakers_1024x1024\resized_padded_vans_274.jpg,resized_padded_vans_274.jpg,vans
../datasets/sampled_sneakers_1024x1024\resized_padded_vans_496.jpg,resized_padded_vans_496.jpg,vans
../datasets/sampled_sneakers_1024x1024\resized_padded_reebok_405.jpg,resized_padded_reebok_405.jpg,reebok
../datasets/sampled_sneakers_1024x1024\resized_padded_puma_33.jpg,resized_padded_puma_33.jpg,puma
../datasets/sampled_sneakers_1024x1024\resized_all_vans_107.jpg,resized_all_vans_107.jpg,vans
../datasets/sampled_sneakers_1024x1024\resized_padded_vans_72.jpg,resized_padded_vans_72.jpg,vans
../datasets/sampled_sneakers_1024x1024\resized_padded_vans_120.jpg,resized_padded_vans_120.jpg,vans
../datasets/sampled_sneakers_1024x1024\normalized_nike_208.jpg,normalized_nike_208.jpg,nike
../datasets/sampled_sneakers_1024x1024\resized_padded_reebok_319.jpg,resized_padded_reebok_319.jpg,reebok
../datasets/sampled_sneakers_1024x1024\resized_padded_vans_169.jpg,resized_padded_vans_169.jpg,vans
../datasets/sampled_sneakers_1024x1024\resized_padded_underarmour_150.jpg,resized_padded_underarmour_150.jpg,underarmour
../datasets/sampled_sneakers_1024x1024\resized_padded_underarmour_39.jpg,resized_padded_underarmour_39.jpg,underarmour
../datasets/sampled_sneakers_1024x1024\resized_padded_new_newbalance_33.jpg,resized_padded_new_newbalance_33.jpg,newbalance
../datasets/sampled_sneakers_1024x1024\resized_all_vans_169.jpg,resized_all_vans_169.jpg,vans
../datasets/sampled_sneakers_1024x1024\resized_padded_reebok_363.jpg,resized_padded_reebok_363.jpg,reebok
../datasets/sampled_sneakers_1024x1024\resized_all_vans_423.jpg,resized_all_vans_423.jpg,vans
../datasets/sampled_sneakers_1024x1024\resized_padded_new_newbalance_228.jpg,resized_padded_new_newbalance_228.jpg,newbalance
../datasets/sampled_sneakers_1024x1024\resized_padded_reebok_225.jpg,resized_padded_reebok_225.jpg,reebok
../datasets/sampled_sneakers_1024x1024\resized_all_vans_700.jpg,resized_all_vans_700.jpg,vans
../datasets/sampled_sneakers_1024x1024\resized_padded_underarmour_14.jpg,resized_padded_underarmour_14.jpg,underarmour
../datasets/sampled_sneakers_1024x1024\resized_padded_vans_30.jpg,resized_padded_vans_30.jpg,vans
../datasets/sampled_sneakers_1024x1024\resized_padded_vans_215.jpg,resized_padded_vans_215.jpg,vans
../datasets/sampled_sneakers_1024x1024\resized_padded_vans_562.jpg,resized_padded_vans_562.jpg,vans
../datasets/sampled_sneakers_1024x1024\resized_padded_vans_466.jpg,resized_padded_vans_466.jpg,vans
../datasets/sampled_sneakers_1024x1024\resized_padded_vans_68.jpg,resized_padded_vans_68.jpg,vans
../datasets/sampled_sneakers_1024x1024\resized_padded_puma_377.jpg,resized_padded_puma_377.jpg,puma
../datasets/sampled_sneakers_1024x1024\normalized_nike_309.jpg,normalized_nike_309.jpg,nike
../datasets/sampled_sneakers_1024x1024\resized_padded_puma_579.jpg,resized_padded_puma_579.jpg,puma
../datasets/sampled_sneakers_1024x1024\resized_padded_underarmour_205.jpg,resized_padded_underarmour_205.jpg,underarmour
../datasets/sampled_sneakers_1024x1024\resized_padded_puma_343.jpg,resized_padded_puma_343.jpg,puma
../datasets/sampled_sneakers_1024x1024\resized_padded_vans_512.jpg,resized_padded_vans_512.jpg,vans
../datasets/sampled_sneakers_1024x1024\resized_padded_reebok_420.jpg,resized_padded_reebok_420.jpg,reebok
../datasets/sampled_sneakers_1024x1024\resized_padded_vans_358.jpg,resized_padded_vans_358.jpg,vans
../datasets/sampled_sneakers_1024x1024\normalized_nike_236.jpg,normalized_nike_236.jpg,nike
../datasets/sampled_sneakers_1024x1024\resized_padded_new_newbalance_37.jpg,resized_padded_new_newbalance_37.jpg,newbalance
../datasets/sampled_sneakers_1024x1024\normalized_nike_185.jpg,normalized_nike_185.jpg,nike
../datasets/sampled_sneakers_1024x1024\resized_padded_reebok_21.jpg,resized_padded_reebok_21.jpg,reebok
../datasets/sampled_sneakers_1024x1024\normalized_nike_381.jpg,normalized_nike_381.jpg,nike
../datasets/sampled_sneakers_1024x1024\resized_all_vans_293.jpg,resized_all_vans_293.jpg,vans
../datasets/sampled_sneakers_1024x1024\resized_all_vans_296.jpg,resized_all_vans_296.jpg,vans
../datasets/sampled_sneakers_1024x1024\resized_padded_puma_256.jpg,resized_padded_puma_256.jpg,puma
../datasets/sampled_sneakers_1024x1024\resized_padded_reebok_235.jpg,resized_padded_reebok_235.jpg,reebok
../datasets/sampled_sneakers_1024x1024\resized_padded_reebok_119.jpg,resized_padded_reebok_119.jpg,reebok
../datasets/sampled_sneakers_1024x1024\resized_padded_puma_655.jpg,resized_padded_puma_655.jpg,puma
../datasets/sampled_sneakers_1024x1024\resized_padded_puma_309.jpg,resized_padded_puma_309.jpg,puma
../datasets/sampled_sneakers_1024x1024\resized_padded_vans_398.jpg,resized_padded_vans_398.jpg,vans
../datasets/sampled_sneakers_1024x1024\resized_all_vans_144.jpg,resized_all_vans_144.jpg,vans
../datasets/sampled_sneakers_1024x1024\resized_padded_reebok_248.jpg,resized_padded_reebok_248.jpg,reebok
../datasets/sampled_sneakers_1024x1024\normalized_nike_138.jpg,normalized_nike_138.jpg,nike
../datasets/sampled_sneakers_1024x1024\resized_padded_underarmour_159.jpg,resized_padded_underarmour_159.jpg,underarmour
../datasets/sampled_sneakers_1024x1024\resized_padded_puma_137.jpg,resized_padded_puma_137.jpg,puma
../datasets/sampled_sneakers_1024x1024\resized_padded_reebok_223.jpg,resized_padded_reebok_223.jpg,reebok
../datasets/sampled_sneakers_1024x1024\resized_padded_puma_271.jpg,resized_padded_puma_271.jpg,puma
../datasets/sampled_sneakers_1024x1024\resized_padded_reebok_320.jpg,resized_padded_reebok_320.jpg,reebok
../datasets/sampled_sneakers_1024x1024\resized_padded_vans_288.jpg,resized_padded_vans_288.jpg,vans
../datasets/sampled_sneakers_1024x1024\normalized_nike_160.jpg,normalized_nike_160.jpg,nike
../datasets/sampled_sneakers_1024x1024\resized_padded_reebok_195.jpg,resized_padded_reebok_195.jpg,reebok
../datasets/sampled_sneakers_1024x1024\resized_padded_puma_11.jpg,resized_padded_puma_11.jpg,puma
../datasets/sampled_sneakers_1024x1024\resized_padded_new_newbalance_156.jpg,resized_padded_new_newbalance_156.jpg,newbalance
../datasets/sampled_sneakers_1024x1024\resized_padded_vans_582.jpg,resized_padded_vans_582.jpg,vans
../datasets/sampled_sneakers_1024x1024\normalized_nike_132.jpg,normalized_nike_132.jpg,nike
../datasets/sampled_sneakers_1024x1024\resized_padded_reebok_313.jpg,resized_padded_reebok_313.jpg,reebok
../datasets/sampled_sneakers_1024x1024\normalized_nike_14.jpg,normalized_nike_14.jpg,nike
../datasets/sampled_sneakers_1024x1024\resized_padded_reebok_82.jpg,resized_padded_reebok_82.jpg,reebok
../datasets/sampled_sneakers_1024x1024\resized_padded_puma_430.jpg,resized_padded_puma_430.jpg,puma
../datasets/sampled_sneakers_1024x1024\resized_padded_vans_101.jpg,resized_padded_vans_101.jpg,vans
../datasets/sampled_sneakers_1024x1024\resized_padded_puma_618.jpg,resized_padded_puma_618.jpg,puma
../datasets/sampled_sneakers_1024x1024\resized_padded_reebok_205.jpg,resized_padded_reebok_205.jpg,reebok
../datasets/sampled_sneakers_1024x1024\resized_all_vans_256.jpg,resized_all_vans_256.jpg,vans
../datasets/sampled_sneakers_1024x1024\resized_padded_vans_459.jpg,resized_padded_vans_459.jpg,vans
../datasets/sampled_sneakers_1024x1024\resized_all_vans_426.jpg,resized_all_vans_426.jpg,vans
../datasets/sampled_sneakers_1024x1024\resized_padded_puma_219.jpg,resized_padded_puma_219.jpg,puma
../datasets/sampled_sneakers_1024x1024\resized_padded_reebok_239.jpg,resized_padded_reebok_239.jpg,reebok
../datasets/sampled_sneakers_1024x1024\resized_padded_puma_621.jpg,resized_padded_puma_621.jpg,puma
../datasets/sampled_sneakers_1024x1024\resized_padded_underarmour_29.jpg,resized_padded_underarmour_29.jpg,underarmour
../datasets/sampled_sneakers_1024x1024\resized_padded_puma_123.jpg,resized_padded_puma_123.jpg,puma
../datasets/sampled_sneakers_1024x1024\resized_padded_vans_230.jpg,resized_padded_vans_230.jpg,vans
../datasets/sampled_sneakers_1024x1024\resized_padded_vans_451.jpg,resized_padded_vans_451.jpg,vans
../datasets/sampled_sneakers_1024x1024\resized_padded_puma_215.jpg,resized_padded_puma_215.jpg,puma
../datasets/sampled_sneakers_1024x1024\resized_padded_new_newbalance_154.jpg,resized_padded_new_newbalance_154.jpg,newbalance
../datasets/sampled_sneakers_1024x1024\normalized_nike_486.jpg,normalized_nike_486.jpg,nike
../datasets/sampled_sneakers_1024x1024\resized_padded_puma_232.jpg,resized_padded_puma_232.jpg,puma
../datasets/sampled_sneakers_1024x1024\resized_padded_puma_647.jpg,resized_padded_puma_647.jpg,puma
../datasets/sampled_sneakers_1024x1024\normalized_nike_13.jpg,normalized_nike_13.jpg,nike
../datasets/sampled_sneakers_1024x1024\resized_padded_puma_585.jpg,resized_padded_puma_585.jpg,puma
../datasets/sampled_sneakers_1024x1024\normalized_nike_26.jpg,normalized_nike_26.jpg,nike
../datasets/sampled_sneakers_1024x1024\resized_padded_puma_554.jpg,resized_padded_puma_554.jpg,puma
../datasets/sampled_sneakers_1024x1024\resized_padded_puma_507.jpg,resized_padded_puma_507.jpg,puma
../datasets/sampled_sneakers_1024x1024\resized_padded_puma_551.jpg,resized_padded_puma_551.jpg,puma
../datasets/sampled_sneakers_1024x1024\resized_padded_vans_538.jpg,resized_padded_vans_538.jpg,vans
../datasets/sampled_sneakers_1024x1024\resized_padded_reebok_390.jpg,resized_padded_reebok_390.jpg,reebok
../datasets/sampled_sneakers_1024x1024\resized_all_vans_307.jpg,resized_all_vans_307.jpg,vans
../datasets/sampled_sneakers_1024x1024\resized_padded_vans_390.jpg,resized_padded_vans_390.jpg,vans
../datasets/sampled_sneakers_1024x1024\resized_padded_new_newbalance_114.jpg,resized_padded_new_newbalance_114.jpg,newbalance
../datasets/sampled_sneakers_1024x1024\resized_padded_vans_307.jpg,resized_padded_vans_307.jpg,vans
../datasets/sampled_sneakers_1024x1024\resized_padded_reebok_114.jpg,resized_padded_reebok_114.jpg,reebok
../datasets/sampled_sneakers_1024x1024\resized_padded_underarmour_133.jpg,resized_padded_underarmour_133.jpg,underarmour
../datasets/sampled_sneakers_1024x1024\resized_padded_new_newbalance_213.jpg,resized_padded_new_newbalance_213.jpg,newbalance
../datasets/sampled_sneakers_1024x1024\resized_padded_puma_404.jpg,resized_padded_puma_404.jpg,puma
../datasets/sampled_sneakers_1024x1024\resized_padded_reebok_154.jpg,resized_padded_reebok_154.jpg,reebok
../datasets/sampled_sneakers_1024x1024\resized_padded_puma_586.jpg,resized_padded_puma_586.jpg,puma
../datasets/sampled_sneakers_1024x1024\resized_padded_puma_150.jpg,resized_padded_puma_150.jpg,puma
../datasets/sampled_sneakers_1024x1024\resized_padded_puma_605.jpg,resized_padded_puma_605.jpg,puma
../datasets/sampled_sneakers_1024x1024\resized_padded_vans_515.jpg,resized_padded_vans_515.jpg,vans
../datasets/sampled_sneakers_1024x1024\resized_all_vans_671.jpg,resized_all_vans_671.jpg,vans
../datasets/sampled_sneakers_1024x1024\resized_all_vans_727.jpg,resized_all_vans_727.jpg,vans
../datasets/sampled_sneakers_1024x1024\normalized_nike_467.jpg,normalized_nike_467.jpg,nike
../datasets/sampled_sneakers_1024x1024\normalized_nike_261.jpg,normalized_nike_261.jpg,nike
../datasets/sampled_sneakers_1024x1024\resized_padded_reebok_430.jpg,resized_padded_reebok_430.jpg,reebok
../datasets/sampled_sneakers_1024x1024\resized_padded_underarmour_30.jpg,resized_padded_underarmour_30.jpg,underarmour
../datasets/sampled_sneakers_1024x1024\normalized_nike_441.jpg,normalized_nike_441.jpg,nike
../datasets/sampled_sneakers_1024x1024\resized_padded_vans_440.jpg,resized_padded_vans_440.jpg,vans
../datasets/sampled_sneakers_1024x1024\resized_padded_puma_335.jpg,resized_padded_puma_335.jpg,puma
../datasets/sampled_sneakers_1024x1024\resized_all_vans_245.jpg,resized_all_vans_245.jpg,vans
../datasets/sampled_sneakers_1024x1024\normalized_nike_432.jpg,normalized_nike_432.jpg,nike
../datasets/sampled_sneakers_1024x1024\resized_padded_new_newbalance_168.jpg,resized_padded_new_newbalance_168.jpg,newbalance
../datasets/sampled_sneakers_1024x1024\resized_padded_reebok_285.jpg,resized_padded_reebok_285.jpg,reebok
../datasets/sampled_sneakers_1024x1024\resized_padded_vans_484.jpg,resized_padded_vans_484.jpg,vans
../datasets/sampled_sneakers_1024x1024\normalized_nike_483.jpg,normalized_nike_483.jpg,nike
../datasets/sampled_sneakers_1024x1024\resized_padded_puma_227.jpg,resized_padded_puma_227.jpg,puma
../datasets/sampled_sneakers_1024x1024\resized_padded_puma_548.jpg,resized_padded_puma_548.jpg,puma
../datasets/sampled_sneakers_1024x1024\normalized_nike_376.jpg,normalized_nike_376.jpg,nike
../datasets/sampled_sneakers_1024x1024\resized_padded_puma_603.jpg,resized_padded_puma_603.jpg,puma
../datasets/sampled_sneakers_1024x1024\resized_padded_underarmour_78.jpg,resized_padded_underarmour_78.jpg,underarmour
../datasets/sampled_sneakers_1024x1024\resized_padded_puma_653.jpg,resized_padded_puma_653.jpg,puma
../datasets/sampled_sneakers_1024x1024\resized_padded_puma_318.jpg,resized_padded_puma_318.jpg,puma
../datasets/sampled_sneakers_1024x1024\resized_padded_underarmour_105.jpg,resized_padded_underarmour_105.jpg,underarmour
../datasets/sampled_sneakers_1024x1024\resized_padded_new_newbalance_2.jpg,resized_padded_new_newbalance_2.jpg,newbalance
../datasets/sampled_sneakers_1024x1024\resized_all_vans_702.jpg,resized_all_vans_702.jpg,vans
../datasets/sampled_sneakers_1024x1024\resized_padded_vans_384.jpg,resized_padded_vans_384.jpg,vans
../datasets/sampled_sneakers_1024x1024\resized_padded_vans_467.jpg,resized_padded_vans_467.jpg,vans
../datasets/sampled_sneakers_1024x1024\resized_padded_underarmour_111.jpg,resized_padded_underarmour_111.jpg,underarmour
../datasets/sampled_sneakers_1024x1024\resized_padded_new_newbalance_222.jpg,resized_padded_new_newbalance_222.jpg,newbalance
../datasets/sampled_sneakers_1024x1024\resized_all_vans_185.jpg,resized_all_vans_185.jpg,vans
../datasets/sampled_sneakers_1024x1024\resized_padded_reebok_369.jpg,resized_padded_reebok_369.jpg,reebok
../datasets/sampled_sneakers_1024x1024\resized_padded_puma_406.jpg,resized_padded_puma_406.jpg,puma
../datasets/sampled_sneakers_1024x1024\resized_padded_vans_524.jpg,resized_padded_vans_524.jpg,vans
../datasets/sampled_sneakers_1024x1024\resized_padded_reebok_72.jpg,resized_padded_reebok_72.jpg,reebok
../datasets/sampled_sneakers_1024x1024\resized_padded_puma_52.jpg,resized_padded_puma_52.jpg,puma
../datasets/sampled_sneakers_1024x1024\normalized_nike_191.jpg,normalized_nike_191.jpg,nike
../datasets/sampled_sneakers_1024x1024\normalized_nike_468.jpg,normalized_nike_468.jpg,nike
../datasets/sampled_sneakers_1024x1024\resized_padded_vans_514.jpg,resized_padded_vans_514.jpg,vans
../datasets/sampled_sneakers_1024x1024\resized_padded_reebok_439.jpg,resized_padded_reebok_439.jpg,reebok
../datasets/sampled_sneakers_1024x1024\resized_padded_new_newbalance_282.jpg,resized_padded_new_newbalance_282.jpg,newbalance
../datasets/sampled_sneakers_1024x1024\resized_padded_puma_592.jpg,resized_padded_puma_592.jpg,puma
../datasets/sampled_sneakers_1024x1024\resized_padded_puma_469.jpg,resized_padded_puma_469.jpg,puma
../datasets/sampled_sneakers_1024x1024\normalized_nike_283.jpg,normalized_nike_283.jpg,nike
../datasets/sampled_sneakers_1024x1024\resized_padded_vans_164.jpg,resized_padded_vans_164.jpg,vans
../datasets/sampled_sneakers_1024x1024\resized_all_vans_408.jpg,resized_all_vans_408.jpg,vans
../datasets/sampled_sneakers_1024x1024\normalized_nike_504.jpg,normalized_nike_504.jpg,nike
../datasets/sampled_sneakers_1024x1024\resized_all_vans_141.jpg,resized_all_vans_141.jpg,vans
../datasets/sampled_sneakers_1024x1024\resized_padded_vans_395.jpg,resized_padded_vans_395.jpg,vans
../datasets/sampled_sneakers_1024x1024\resized_padded_reebok_138.jpg,resized_padded_reebok_138.jpg,reebok
../datasets/sampled_sneakers_1024x1024\resized_padded_vans_481.jpg,resized_padded_vans_481.jpg,vans
../datasets/sampled_sneakers_1024x1024\resized_padded_underarmour_190.jpg,resized_padded_underarmour_190.jpg,underarmour
../datasets/sampled_sneakers_1024x1024\resized_padded_vans_272.jpg,resized_padded_vans_272.jpg,vans
../datasets/sampled_sneakers_1024x1024\resized_padded_vans_228.jpg,resized_padded_vans_228.jpg,vans
../datasets/sampled_sneakers_1024x1024\resized_padded_puma_238.jpg,resized_padded_puma_238.jpg,puma
../datasets/sampled_sneakers_1024x1024\normalized_nike_294.jpg,normalized_nike_294.jpg,nike
../datasets/sampled_sneakers_1024x1024\resized_padded_reebok_210.jpg,resized_padded_reebok_210.jpg,reebok
../datasets/sampled_sneakers_1024x1024\normalized_nike_209.jpg,normalized_nike_209.jpg,nike
../datasets/sampled_sneakers_1024x1024\normalized_nike_460.jpg,normalized_nike_460.jpg,nike
../datasets/sampled_sneakers_1024x1024\resized_padded_reebok_162.jpg,resized_padded_reebok_162.jpg,reebok
../datasets/sampled_sneakers_1024x1024\resized_padded_underarmour_71.jpg,resized_padded_underarmour_71.jpg,underarmour
../datasets/sampled_sneakers_1024x1024\resized_padded_underarmour_50.jpg,resized_padded_underarmour_50.jpg,underarmour
../datasets/sampled_sneakers_1024x1024\resized_all_vans_303.jpg,resized_all_vans_303.jpg,vans
../datasets/sampled_sneakers_1024x1024\resized_padded_vans_526.jpg,resized_padded_vans_526.jpg,vans
../datasets/sampled_sneakers_1024x1024\normalized_nike_298.jpg,normalized_nike_298.jpg,nike
../datasets/sampled_sneakers_1024x1024\resized_padded_new_newbalance_22.jpg,resized_padded_new_newbalance_22.jpg,newbalance
../datasets/sampled_sneakers_1024x1024\resized_padded_reebok_103.jpg,resized_padded_reebok_103.jpg,reebok
../datasets/sampled_sneakers_1024x1024\resized_padded_puma_85.jpg,resized_padded_puma_85.jpg,puma
../datasets/sampled_sneakers_1024x1024\normalized_nike_28.jpg,normalized_nike_28.jpg,nike
../datasets/sampled_sneakers_1024x1024\resized_padded_reebok_121.jpg,resized_padded_reebok_121.jpg,reebok
../datasets/sampled_sneakers_1024x1024\resized_padded_underarmour_178.jpg,resized_padded_underarmour_178.jpg,underarmour
../datasets/sampled_sneakers_1024x1024\resized_padded_vans_332.jpg,resized_padded_vans_332.jpg,vans
../datasets/sampled_sneakers_1024x1024\resized_all_vans_697.jpg,resized_all_vans_697.jpg,vans
../datasets/sampled_sneakers_1024x1024\resized_padded_puma_482.jpg,resized_padded_puma_482.jpg,puma
../datasets/sampled_sneakers_1024x1024\resized_all_vans_598.jpg,resized_all_vans_598.jpg,vans
../datasets/sampled_sneakers_1024x1024\resized_all_vans_212.jpg,resized_all_vans_212.jpg,vans
../datasets/sampled_sneakers_1024x1024\normalized_nike_135.jpg,normalized_nike_135.jpg,nike
../datasets/sampled_sneakers_1024x1024\resized_padded_reebok_396.jpg,resized_padded_reebok_396.jpg,reebok
../datasets/sampled_sneakers_1024x1024\normalized_nike_122.jpg,normalized_nike_122.jpg,nike
../datasets/sampled_sneakers_1024x1024\resized_padded_puma_105.jpg,resized_padded_puma_105.jpg,puma
../datasets/sampled_sneakers_1024x1024\resized_all_vans_207.jpg,resized_all_vans_207.jpg,vans
../datasets/sampled_sneakers_1024x1024\resized_padded_reebok_57.jpg,resized_padded_reebok_57.jpg,reebok
../datasets/sampled_sneakers_1024x1024\resized_padded_puma_268.jpg,resized_padded_puma_268.jpg,puma
../datasets/sampled_sneakers_1024x1024\normalized_nike_218.jpg,normalized_nike_218.jpg,nike
../datasets/sampled_sneakers_1024x1024\resized_padded_vans_216.jpg,resized_padded_vans_216.jpg,vans
../datasets/sampled_sneakers_1024x1024\resized_padded_reebok_337.jpg,resized_padded_reebok_337.jpg,reebok
../datasets/sampled_sneakers_1024x1024\resized_padded_puma_595.jpg,resized_padded_puma_595.jpg,puma
../datasets/sampled_sneakers_1024x1024\normalized_nike_423.jpg,normalized_nike_423.jpg,nike
../datasets/sampled_sneakers_1024x1024\resized_all_vans_501.jpg,resized_all_vans_501.jpg,vans
../datasets/sampled_sneakers_1024x1024\normalized_nike_173.jpg,normalized_nike_173.jpg,nike
../datasets/sampled_sneakers_1024x1024\resized_padded_reebok_423.jpg,resized_padded_reebok_423.jpg,reebok
../datasets/sampled_sneakers_1024x1024\resized_all_vans_133.jpg,resized_all_vans_133.jpg,vans
../datasets/sampled_sneakers_1024x1024\resized_all_vans_330.jpg,resized_all_vans_330.jpg,vans
../datasets/sampled_sneakers_1024x1024\resized_all_vans_327.jpg,resized_all_vans_327.jpg,vans
../datasets/sampled_sneakers_1024x1024\resized_padded_reebok_208.jpg,resized_padded_reebok_208.jpg,reebok
../datasets/sampled_sneakers_1024x1024\resized_padded_reebok_54.jpg,resized_padded_reebok_54.jpg,reebok
../datasets/sampled_sneakers_1024x1024\resized_padded_puma_126.jpg,resized_padded_puma_126.jpg,puma
../datasets/sampled_sneakers_1024x1024\resized_padded_puma_76.jpg,resized_padded_puma_76.jpg,puma
../datasets/sampled_sneakers_1024x1024\resized_padded_vans_282.jpg,resized_padded_vans_282.jpg,vans
../datasets/sampled_sneakers_1024x1024\resized_all_vans_378.jpg,resized_all_vans_378.jpg,vans
../datasets/sampled_sneakers_1024x1024\resized_all_vans_429.jpg,resized_all_vans_429.jpg,vans
../datasets/sampled_sneakers_1024x1024\resized_all_vans_454.jpg,resized_all_vans_454.jpg,vans
../datasets/sampled_sneakers_1024x1024\resized_padded_reebok_349.jpg,resized_padded_reebok_349.jpg,reebok
../datasets/sampled_sneakers_1024x1024\resized_padded_puma_634.jpg,resized_padded_puma_634.jpg,puma
../datasets/sampled_sneakers_1024x1024\resized_padded_puma_270.jpg,resized_padded_puma_270.jpg,puma
../datasets/sampled_sneakers_1024x1024\resized_padded_puma_625.jpg,resized_padded_puma_625.jpg,puma
../datasets/sampled_sneakers_1024x1024\resized_all_vans_316.jpg,resized_all_vans_316.jpg,vans
../datasets/sampled_sneakers_1024x1024\resized_padded_reebok_222.jpg,resized_padded_reebok_222.jpg,reebok
../datasets/sampled_sneakers_1024x1024\resized_padded_puma_248.jpg,resized_padded_puma_248.jpg,puma
../datasets/sampled_sneakers_1024x1024\resized_padded_puma_316.jpg,resized_padded_puma_316.jpg,puma
../datasets/sampled_sneakers_1024x1024\resized_all_vans_407.jpg,resized_all_vans_407.jpg,vans
../datasets/sampled_sneakers_1024x1024\normalized_nike_482.jpg,normalized_nike_482.jpg,nike
../datasets/sampled_sneakers_1024x1024\normalized_nike_120.jpg,normalized_nike_120.jpg,nike
../datasets/sampled_sneakers_1024x1024\resized_padded_puma_350.jpg,resized_padded_puma_350.jpg,puma
../datasets/sampled_sneakers_1024x1024\resized_padded_underarmour_126.jpg,resized_padded_underarmour_126.jpg,underarmour
../datasets/sampled_sneakers_1024x1024\resized_all_vans_397.jpg,resized_all_vans_397.jpg,vans
../datasets/sampled_sneakers_1024x1024\resized_padded_new_newbalance_70.jpg,resized_padded_new_newbalance_70.jpg,newbalance
../datasets/sampled_sneakers_1024x1024\resized_all_vans_577.jpg,resized_all_vans_577.jpg,vans
../datasets/sampled_sneakers_1024x1024\resized_padded_reebok_108.jpg,resized_padded_reebok_108.jpg,reebok
../datasets/sampled_sneakers_1024x1024\resized_padded_puma_497.jpg,resized_padded_puma_497.jpg,puma
../datasets/sampled_sneakers_1024x1024\resized_padded_puma_72.jpg,resized_padded_puma_72.jpg,puma
../datasets/sampled_sneakers_1024x1024\resized_padded_vans_511.jpg,resized_padded_vans_511.jpg,vans
../datasets/sampled_sneakers_1024x1024\resized_padded_puma_515.jpg,resized_padded_puma_515.jpg,puma
../datasets/sampled_sneakers_1024x1024\resized_all_vans_547.jpg,resized_all_vans_547.jpg,vans
../datasets/sampled_sneakers_1024x1024\resized_padded_reebok_384.jpg,resized_padded_reebok_384.jpg,reebok
../datasets/sampled_sneakers_1024x1024\resized_padded_new_newbalance_204.jpg,resized_padded_new_newbalance_204.jpg,newbalance
../datasets/sampled_sneakers_1024x1024\resized_all_vans_81.jpg,resized_all_vans_81.jpg,vans
../datasets/sampled_sneakers_1024x1024\resized_padded_vans_141.jpg,resized_padded_vans_141.jpg,vans
../datasets/sampled_sneakers_1024x1024\resized_padded_reebok_214.jpg,resized_padded_reebok_214.jpg,reebok
../datasets/sampled_sneakers_1024x1024\resized_padded_vans_363.jpg,resized_padded_vans_363.jpg,vans
../datasets/sampled_sneakers_1024x1024\resized_padded_new_newbalance_85.jpg,resized_padded_new_newbalance_85.jpg,newbalance
../datasets/sampled_sneakers_1024x1024\resized_padded_new_newbalance_197.jpg,resized_padded_new_newbalance_197.jpg,newbalance
../datasets/sampled_sneakers_1024x1024\resized_all_vans_352.jpg,resized_all_vans_352.jpg,vans
../datasets/sampled_sneakers_1024x1024\resized_padded_new_newbalance_231.jpg,resized_padded_new_newbalance_231.jpg,newbalance
../datasets/sampled_sneakers_1024x1024\resized_all_vans_608.jpg,resized_all_vans_608.jpg,vans
../datasets/sampled_sneakers_1024x1024\resized_padded_underarmour_154.jpg,resized_padded_underarmour_154.jpg,underarmour
../datasets/sampled_sneakers_1024x1024\resized_padded_puma_556.jpg,resized_padded_puma_556.jpg,puma
../datasets/sampled_sneakers_1024x1024\resized_all_vans_385.jpg,resized_all_vans_385.jpg,vans
../datasets/sampled_sneakers_1024x1024\normalized_nike_413.jpg,normalized_nike_413.jpg,nike
../datasets/sampled_sneakers_1024x1024\normalized_nike_156.jpg,normalized_nike_156.jpg,nike
../datasets/sampled_sneakers_1024x1024\normalized_nike_260.jpg,normalized_nike_260.jpg,nike
../datasets/sampled_sneakers_1024x1024\resized_padded_underarmour_277.jpg,resized_padded_underarmour_277.jpg,underarmour
../datasets/sampled_sneakers_1024x1024\resized_padded_reebok_212.jpg,resized_padded_reebok_212.jpg,reebok
../datasets/sampled_sneakers_1024x1024\resized_padded_reebok_145.jpg,resized_padded_reebok_145.jpg,reebok
../datasets/sampled_sneakers_1024x1024\resized_padded_vans_387.jpg,resized_padded_vans_387.jpg,vans
../datasets/sampled_sneakers_1024x1024\resized_padded_puma_338.jpg,resized_padded_puma_338.jpg,puma
../datasets/sampled_sneakers_1024x1024\resized_padded_puma_308.jpg,resized_padded_puma_308.jpg,puma
../datasets/sampled_sneakers_1024x1024\resized_padded_underarmour_131.jpg,resized_padded_underarmour_131.jpg,underarmour
../datasets/sampled_sneakers_1024x1024\resized_padded_reebok_213.jpg,resized_padded_reebok_213.jpg,reebok
../datasets/sampled_sneakers_1024x1024\resized_padded_underarmour_9.jpg,resized_padded_underarmour_9.jpg,underarmour
../datasets/sampled_sneakers_1024x1024\resized_padded_vans_366.jpg,resized_padded_vans_366.jpg,vans
../datasets/sampled_sneakers_1024x1024\resized_padded_vans_271.jpg,resized_padded_vans_271.jpg,vans
../datasets/sampled_sneakers_1024x1024\resized_padded_vans_586.jpg,resized_padded_vans_586.jpg,vans
../datasets/sampled_sneakers_1024x1024\resized_padded_vans_513.jpg,resized_padded_vans_513.jpg,vans
../datasets/sampled_sneakers_1024x1024\resized_padded_puma_182.jpg,resized_padded_puma_182.jpg,puma
../datasets/sampled_sneakers_1024x1024\resized_padded_puma_568.jpg,resized_padded_puma_568.jpg,puma
../datasets/sampled_sneakers_1024x1024\resized_padded_vans_465.jpg,resized_padded_vans_465.jpg,vans
../datasets/sampled_sneakers_1024x1024\resized_padded_reebok_11.jpg,resized_padded_reebok_11.jpg,reebok
../datasets/sampled_sneakers_1024x1024\resized_padded_reebok_381.jpg,resized_padded_reebok_381.jpg,reebok
../datasets/sampled_sneakers_1024x1024\resized_padded_vans_186.jpg,resized_padded_vans_186.jpg,vans
../datasets/sampled_sneakers_1024x1024\resized_padded_reebok_387.jpg,resized_padded_reebok_387.jpg,reebok
../datasets/sampled_sneakers_1024x1024\resized_all_vans_209.jpg,resized_all_vans_209.jpg,vans
../datasets/sampled_sneakers_1024x1024\resized_padded_puma_301.jpg,resized_padded_puma_301.jpg,puma
../datasets/sampled_sneakers_1024x1024\resized_padded_underarmour_24.jpg,resized_padded_underarmour_24.jpg,underarmour
../datasets/sampled_sneakers_1024x1024\resized_padded_underarmour_36.jpg,resized_padded_underarmour_36.jpg,underarmour
../datasets/sampled_sneakers_1024x1024\resized_padded_vans_151.jpg,resized_padded_vans_151.jpg,vans
../datasets/sampled_sneakers_1024x1024\resized_padded_vans_269.jpg,resized_padded_vans_269.jpg,vans
../datasets/sampled_sneakers_1024x1024\normalized_nike_296.jpg,normalized_nike_296.jpg,nike
../datasets/sampled_sneakers_1024x1024\resized_all_vans_224.jpg,resized_all_vans_224.jpg,vans
../datasets/sampled_sneakers_1024x1024\resized_padded_reebok_136.jpg,resized_padded_reebok_136.jpg,reebok
../datasets/sampled_sneakers_1024x1024\resized_padded_new_newbalance_177.jpg,resized_padded_new_newbalance_177.jpg,newbalance
../datasets/sampled_sneakers_1024x1024\resized_padded_vans_43.jpg,resized_padded_vans_43.jpg,vans
../datasets/sampled_sneakers_1024x1024\normalized_nike_271.jpg,normalized_nike_271.jpg,nike
../datasets/sampled_sneakers_1024x1024\resized_all_vans_475.jpg,resized_all_vans_475.jpg,vans
../datasets/sampled_sneakers_1024x1024\normalized_nike_235.jpg,normalized_nike_235.jpg,nike
../datasets/sampled_sneakers_1024x1024\resized_all_vans_44.jpg,resized_all_vans_44.jpg,vans
../datasets/sampled_sneakers_1024x1024\resized_padded_puma_336.jpg,resized_padded_puma_336.jpg,puma
../datasets/sampled_sneakers_1024x1024\resized_padded_reebok_249.jpg,resized_padded_reebok_249.jpg,reebok
../datasets/sampled_sneakers_1024x1024\resized_all_vans_261.jpg,resized_all_vans_261.jpg,vans
../datasets/sampled_sneakers_1024x1024\resized_padded_underarmour_234.jpg,resized_padded_underarmour_234.jpg,underarmour
../datasets/sampled_sneakers_1024x1024\resized_padded_vans_194.jpg,resized_padded_vans_194.jpg,vans
../datasets/sampled_sneakers_1024x1024\resized_padded_vans_592.jpg,resized_padded_vans_592.jpg,vans
../datasets/sampled_sneakers_1024x1024\resized_padded_puma_443.jpg,resized_padded_puma_443.jpg,puma
../datasets/sampled_sneakers_1024x1024\resized_all_vans_260.jpg,resized_all_vans_260.jpg,vans
../datasets/sampled_sneakers_1024x1024\resized_padded_puma_325.jpg,resized_padded_puma_325.jpg,puma
../datasets/sampled_sneakers_1024x1024\resized_padded_puma_245.jpg,resized_padded_puma_245.jpg,puma
../datasets/sampled_sneakers_1024x1024\resized_padded_underarmour_250.jpg,resized_padded_underarmour_250.jpg,underarmour
../datasets/sampled_sneakers_1024x1024\resized_padded_vans_426.jpg,resized_padded_vans_426.jpg,vans
../datasets/sampled_sneakers_1024x1024\resized_padded_vans_569.jpg,resized_padded_vans_569.jpg,vans
../datasets/sampled_sneakers_1024x1024\resized_padded_reebok_42.jpg,resized_padded_reebok_42.jpg,reebok
../datasets/sampled_sneakers_1024x1024\resized_padded_underarmour_119.jpg,resized_padded_underarmour_119.jpg,underarmour
../datasets/sampled_sneakers_1024x1024\normalized_nike_481.jpg,normalized_nike_481.jpg,nike
../datasets/sampled_sneakers_1024x1024\resized_padded_reebok_79.jpg,resized_padded_reebok_79.jpg,reebok
../datasets/sampled_sneakers_1024x1024\resized_padded_new_newbalance_271.jpg,resized_padded_new_newbalance_271.jpg,newbalance
../datasets/sampled_sneakers_1024x1024\normalized_nike_112.jpg,normalized_nike_112.jpg,nike
../datasets/sampled_sneakers_1024x1024\resized_padded_vans_221.jpg,resized_padded_vans_221.jpg,vans
../datasets/sampled_sneakers_1024x1024\resized_padded_reebok_341.jpg,resized_padded_reebok_341.jpg,reebok
../datasets/sampled_sneakers_1024x1024\resized_all_vans_437.jpg,resized_all_vans_437.jpg,vans
../datasets/sampled_sneakers_1024x1024\resized_padded_underarmour_25.jpg,resized_padded_underarmour_25.jpg,underarmour
../datasets/sampled_sneakers_1024x1024\normalized_nike_181.jpg,normalized_nike_181.jpg,nike
../datasets/sampled_sneakers_1024x1024\resized_padded_reebok_402.jpg,resized_padded_reebok_402.jpg,reebok
../datasets/sampled_sneakers_1024x1024\resized_padded_puma_505.jpg,resized_padded_puma_505.jpg,puma
../datasets/sampled_sneakers_1024x1024\resized_all_vans_662.jpg,resized_all_vans_662.jpg,vans
../datasets/sampled_sneakers_1024x1024\resized_padded_underarmour_57.jpg,resized_padded_underarmour_57.jpg,underarmour
../datasets/sampled_sneakers_1024x1024\resized_padded_new_newbalance_34.jpg,resized_padded_new_newbalance_34.jpg,newbalance
../datasets/sampled_sneakers_1024x1024\resized_padded_puma_354.jpg,resized_padded_puma_354.jpg,puma
../datasets/sampled_sneakers_1024x1024\resized_padded_vans_577.jpg,resized_padded_vans_577.jpg,vans
../datasets/sampled_sneakers_1024x1024\resized_padded_vans_593.jpg,resized_padded_vans_593.jpg,vans
../datasets/sampled_sneakers_1024x1024\resized_padded_underarmour_206.jpg,resized_padded_underarmour_206.jpg,underarmour
../datasets/sampled_sneakers_1024x1024\resized_padded_reebok_271.jpg,resized_padded_reebok_271.jpg,reebok
../datasets/sampled_sneakers_1024x1024\resized_padded_puma_177.jpg,resized_padded_puma_177.jpg,puma
../datasets/sampled_sneakers_1024x1024\resized_padded_reebok_23.jpg,resized_padded_reebok_23.jpg,reebok
../datasets/sampled_sneakers_1024x1024\resized_padded_reebok_408.jpg,resized_padded_reebok_408.jpg,reebok
../datasets/sampled_sneakers_1024x1024\normalized_nike_387.jpg,normalized_nike_387.jpg,nike
../datasets/sampled_sneakers_1024x1024\resized_padded_vans_46.jpg,resized_padded_vans_46.jpg,vans
../datasets/sampled_sneakers_1024x1024\resized_padded_puma_334.jpg,resized_padded_puma_334.jpg,puma
../datasets/sampled_sneakers_1024x1024\normalized_nike_39.jpg,normalized_nike_39.jpg,nike
../datasets/sampled_sneakers_1024x1024\resized_padded_puma_199.jpg,resized_padded_puma_199.jpg,puma
../datasets/sampled_sneakers_1024x1024\normalized_nike_45.jpg,normalized_nike_45.jpg,nike
../datasets/sampled_sneakers_1024x1024\resized_all_vans_555.jpg,resized_all_vans_555.jpg,vans
../datasets/sampled_sneakers_1024x1024\resized_padded_reebok_318.jpg,resized_padded_reebok_318.jpg,reebok
../datasets/sampled_sneakers_1024x1024\resized_padded_puma_439.jpg,resized_padded_puma_439.jpg,puma
../datasets/sampled_sneakers_1024x1024\resized_padded_vans_312.jpg,resized_padded_vans_312.jpg,vans
../datasets/sampled_sneakers_1024x1024\resized_padded_new_newbalance_221.jpg,resized_padded_new_newbalance_221.jpg,newbalance
../datasets/sampled_sneakers_1024x1024\resized_padded_reebok_406.jpg,resized_padded_reebok_406.jpg,reebok
../datasets/sampled_sneakers_1024x1024\resized_padded_underarmour_128.jpg,resized_padded_underarmour_128.jpg,underarmour
../datasets/sampled_sneakers_1024x1024\resized_padded_reebok_215.jpg,resized_padded_reebok_215.jpg,reebok
../datasets/sampled_sneakers_1024x1024\normalized_nike_200.jpg,normalized_nike_200.jpg,nike
../datasets/sampled_sneakers_1024x1024\resized_all_vans_71.jpg,resized_all_vans_71.jpg,vans
../datasets/sampled_sneakers_1024x1024\resized_all_vans_217.jpg,resized_all_vans_217.jpg,vans
../datasets/sampled_sneakers_1024x1024\resized_padded_puma_569.jpg,resized_padded_puma_569.jpg,puma
../datasets/sampled_sneakers_1024x1024\resized_padded_reebok_419.jpg,resized_padded_reebok_419.jpg,reebok
../datasets/sampled_sneakers_1024x1024\resized_all_vans_515.jpg,resized_all_vans_515.jpg,vans
../datasets/sampled_sneakers_1024x1024\resized_all_vans_490.jpg,resized_all_vans_490.jpg,vans
../datasets/sampled_sneakers_1024x1024\resized_padded_vans_253.jpg,resized_padded_vans_253.jpg,vans
../datasets/sampled_sneakers_1024x1024\resized_all_vans_104.jpg,resized_all_vans_104.jpg,vans
../datasets/sampled_sneakers_1024x1024\resized_padded_vans_529.jpg,resized_padded_vans_529.jpg,vans
../datasets/sampled_sneakers_1024x1024\resized_all_vans_641.jpg,resized_all_vans_641.jpg,vans
../datasets/sampled_sneakers_1024x1024\resized_padded_vans_257.jpg,resized_padded_vans_257.jpg,vans
../datasets/sampled_sneakers_1024x1024\normalized_nike_391.jpg,normalized_nike_391.jpg,nike
../datasets/sampled_sneakers_1024x1024\resized_padded_new_newbalance_269.jpg,resized_padded_new_newbalance_269.jpg,newbalance
../datasets/sampled_sneakers_1024x1024\resized_padded_underarmour_237.jpg,resized_padded_underarmour_237.jpg,underarmour
../datasets/sampled_sneakers_1024x1024\resized_padded_vans_345.jpg,resized_padded_vans_345.jpg,vans
../datasets/sampled_sneakers_1024x1024\resized_padded_underarmour_117.jpg,resized_padded_underarmour_117.jpg,underarmour
../datasets/sampled_sneakers_1024x1024\resized_all_vans_550.jpg,resized_all_vans_550.jpg,vans
../datasets/sampled_sneakers_1024x1024\resized_padded_vans_441.jpg,resized_padded_vans_441.jpg,vans
../datasets/sampled_sneakers_1024x1024\resized_padded_new_newbalance_135.jpg,resized_padded_new_newbalance_135.jpg,newbalance
../datasets/sampled_sneakers_1024x1024\resized_padded_underarmour_58.jpg,resized_padded_underarmour_58.jpg,underarmour
../datasets/sampled_sneakers_1024x1024\normalized_nike_27.jpg,normalized_nike_27.jpg,nike
../datasets/sampled_sneakers_1024x1024\resized_padded_new_newbalance_120.jpg,resized_padded_new_newbalance_120.jpg,newbalance
../datasets/sampled_sneakers_1024x1024\resized_padded_new_newbalance_24.jpg,resized_padded_new_newbalance_24.jpg,newbalance
../datasets/sampled_sneakers_1024x1024\resized_padded_vans_248.jpg,resized_padded_vans_248.jpg,vans
../datasets/sampled_sneakers_1024x1024\resized_padded_vans_361.jpg,resized_padded_vans_361.jpg,vans
../datasets/sampled_sneakers_1024x1024\resized_padded_puma_161.jpg,resized_padded_puma_161.jpg,puma
../datasets/sampled_sneakers_1024x1024\resized_all_vans_106.jpg,resized_all_vans_106.jpg,vans
../datasets/sampled_sneakers_1024x1024\normalized_nike_145.jpg,normalized_nike_145.jpg,nike
../datasets/sampled_sneakers_1024x1024\normalized_nike_290.jpg,normalized_nike_290.jpg,nike
../datasets/sampled_sneakers_1024x1024\resized_padded_puma_566.jpg,resized_padded_puma_566.jpg,puma
../datasets/sampled_sneakers_1024x1024\resized_padded_underarmour_21.jpg,resized_padded_underarmour_21.jpg,underarmour
../datasets/sampled_sneakers_1024x1024\resized_padded_new_newbalance_250.jpg,resized_padded_new_newbalance_250.jpg,newbalance
../datasets/sampled_sneakers_1024x1024\resized_all_vans_471.jpg,resized_all_vans_471.jpg,vans
../datasets/sampled_sneakers_1024x1024\normalized_nike_505.jpg,normalized_nike_505.jpg,nike
../datasets/sampled_sneakers_1024x1024\resized_all_vans_688.jpg,resized_all_vans_688.jpg,vans
../datasets/sampled_sneakers_1024x1024\resized_all_vans_97.jpg,resized_all_vans_97.jpg,vans
../datasets/sampled_sneakers_1024x1024\resized_all_vans_324.jpg,resized_all_vans_324.jpg,vans
../datasets/sampled_sneakers_1024x1024\resized_padded_puma_639.jpg,resized_padded_puma_639.jpg,puma
../datasets/sampled_sneakers_1024x1024\resized_all_vans_329.jpg,resized_all_vans_329.jpg,vans
../datasets/sampled_sneakers_1024x1024\resized_padded_reebok_62.jpg,resized_padded_reebok_62.jpg,reebok
../datasets/sampled_sneakers_1024x1024\resized_padded_puma_593.jpg,resized_padded_puma_593.jpg,puma
../datasets/sampled_sneakers_1024x1024\resized_padded_vans_32.jpg,resized_padded_vans_32.jpg,vans
../datasets/sampled_sneakers_1024x1024\normalized_nike_255.jpg,normalized_nike_255.jpg,nike
../datasets/sampled_sneakers_1024x1024\resized_all_vans_39.jpg,resized_all_vans_39.jpg,vans
../datasets/sampled_sneakers_1024x1024\resized_padded_vans_289.jpg,resized_padded_vans_289.jpg,vans
../datasets/sampled_sneakers_1024x1024\normalized_nike_180.jpg,normalized_nike_180.jpg,nike
../datasets/sampled_sneakers_1024x1024\normalized_nike_301.jpg,normalized_nike_301.jpg,nike
../datasets/sampled_sneakers_1024x1024\normalized_nike_403.jpg,normalized_nike_403.jpg,nike
../datasets/sampled_sneakers_1024x1024\resized_all_vans_333.jpg,resized_all_vans_333.jpg,vans
../datasets/sampled_sneakers_1024x1024\resized_padded_puma_385.jpg,resized_padded_puma_385.jpg,puma
../datasets/sampled_sneakers_1024x1024\resized_all_vans_318.jpg,resized_all_vans_318.jpg,vans
../datasets/sampled_sneakers_1024x1024\resized_all_vans_249.jpg,resized_all_vans_249.jpg,vans
../datasets/sampled_sneakers_1024x1024\normalized_nike_166.jpg,normalized_nike_166.jpg,nike
../datasets/sampled_sneakers_1024x1024\resized_all_vans_168.jpg,resized_all_vans_168.jpg,vans
../datasets/sampled_sneakers_1024x1024\resized_padded_reebok_432.jpg,resized_padded_reebok_432.jpg,reebok
../datasets/sampled_sneakers_1024x1024\resized_padded_vans_400.jpg,resized_padded_vans_400.jpg,vans
../datasets/sampled_sneakers_1024x1024\resized_all_vans_492.jpg,resized_all_vans_492.jpg,vans
../datasets/sampled_sneakers_1024x1024\resized_padded_reebok_403.jpg,resized_padded_reebok_403.jpg,reebok
../datasets/sampled_sneakers_1024x1024\resized_padded_vans_102.jpg,resized_padded_vans_102.jpg,vans
../datasets/sampled_sneakers_1024x1024\resized_padded_puma_9.jpg,resized_padded_puma_9.jpg,puma
../datasets/sampled_sneakers_1024x1024\resized_all_vans_170.jpg,resized_all_vans_170.jpg,vans
../datasets/sampled_sneakers_1024x1024\resized_padded_new_newbalance_15.jpg,resized_padded_new_newbalance_15.jpg,newbalance
../datasets/sampled_sneakers_1024x1024\resized_padded_vans_205.jpg,resized_padded_vans_205.jpg,vans
../datasets/sampled_sneakers_1024x1024\resized_padded_new_newbalance_30.jpg,resized_padded_new_newbalance_30.jpg,newbalance
../datasets/sampled_sneakers_1024x1024\resized_padded_reebok_333.jpg,resized_padded_reebok_333.jpg,reebok
../datasets/sampled_sneakers_1024x1024\resized_padded_new_newbalance_41.jpg,resized_padded_new_newbalance_41.jpg,newbalance
../datasets/sampled_sneakers_1024x1024\resized_padded_puma_564.jpg,resized_padded_puma_564.jpg,puma
../datasets/sampled_sneakers_1024x1024\resized_all_vans_275.jpg,resized_all_vans_275.jpg,vans
../datasets/sampled_sneakers_1024x1024\resized_all_vans_28.jpg,resized_all_vans_28.jpg,vans
../datasets/sampled_sneakers_1024x1024\resized_padded_underarmour_198.jpg,resized_padded_underarmour_198.jpg,underarmour
../datasets/sampled_sneakers_1024x1024\normalized_nike_224.jpg,normalized_nike_224.jpg,nike
../datasets/sampled_sneakers_1024x1024\resized_padded_puma_257.jpg,resized_padded_puma_257.jpg,puma
../datasets/sampled_sneakers_1024x1024\resized_padded_reebok_173.jpg,resized_padded_reebok_173.jpg,reebok
../datasets/sampled_sneakers_1024x1024\resized_padded_vans_590.jpg,resized_padded_vans_590.jpg,vans
../datasets/sampled_sneakers_1024x1024\resized_all_vans_500.jpg,resized_all_vans_500.jpg,vans
../datasets/sampled_sneakers_1024x1024\resized_padded_puma_288.jpg,resized_padded_puma_288.jpg,puma
../datasets/sampled_sneakers_1024x1024\resized_all_vans_483.jpg,resized_all_vans_483.jpg,vans
../datasets/sampled_sneakers_1024x1024\resized_padded_vans_510.jpg,resized_padded_vans_510.jpg,vans
../datasets/sampled_sneakers_1024x1024\resized_padded_reebok_295.jpg,resized_padded_reebok_295.jpg,reebok
../datasets/sampled_sneakers_1024x1024\normalized_nike_438.jpg,normalized_nike_438.jpg,nike
../datasets/sampled_sneakers_1024x1024\resized_padded_puma_28.jpg,resized_padded_puma_28.jpg,puma
../datasets/sampled_sneakers_1024x1024\resized_padded_puma_279.jpg,resized_padded_puma_279.jpg,puma
../datasets/sampled_sneakers_1024x1024\resized_padded_puma_186.jpg,resized_padded_puma_186.jpg,puma
../datasets/sampled_sneakers_1024x1024\resized_padded_vans_175.jpg,resized_padded_vans_175.jpg,vans
../datasets/sampled_sneakers_1024x1024\resized_padded_reebok_71.jpg,resized_padded_reebok_71.jpg,reebok
../datasets/sampled_sneakers_1024x1024\resized_padded_vans_195.jpg,resized_padded_vans_195.jpg,vans
../datasets/sampled_sneakers_1024x1024\resized_all_vans_304.jpg,resized_all_vans_304.jpg,vans
../datasets/sampled_sneakers_1024x1024\normalized_nike_448.jpg,normalized_nike_448.jpg,nike
../datasets/sampled_sneakers_1024x1024\normalized_nike_386.jpg,normalized_nike_386.jpg,nike
../datasets/sampled_sneakers_1024x1024\resized_padded_puma_405.jpg,resized_padded_puma_405.jpg,puma
../datasets/sampled_sneakers_1024x1024\normalized_nike_496.jpg,normalized_nike_496.jpg,nike
../datasets/sampled_sneakers_1024x1024\resized_padded_vans_21.jpg,resized_padded_vans_21.jpg,vans
../datasets/sampled_sneakers_1024x1024\resized_padded_puma_570.jpg,resized_padded_puma_570.jpg,puma
../datasets/sampled_sneakers_1024x1024\resized_all_vans_505.jpg,resized_all_vans_505.jpg,vans
../datasets/sampled_sneakers_1024x1024\normalized_nike_182.jpg,normalized_nike_182.jpg,nike
../datasets/sampled_sneakers_1024x1024\resized_padded_puma_273.jpg,resized_padded_puma_273.jpg,puma
../datasets/sampled_sneakers_1024x1024\resized_padded_vans_242.jpg,resized_padded_vans_242.jpg,vans
../datasets/sampled_sneakers_1024x1024\resized_padded_new_newbalance_115.jpg,resized_padded_new_newbalance_115.jpg,newbalance
../datasets/sampled_sneakers_1024x1024\normalized_nike_311.jpg,normalized_nike_311.jpg,nike
../datasets/sampled_sneakers_1024x1024\normalized_nike_170.jpg,normalized_nike_170.jpg,nike
../datasets/sampled_sneakers_1024x1024\normalized_nike_196.jpg,normalized_nike_196.jpg,nike
../datasets/sampled_sneakers_1024x1024\resized_padded_reebok_43.jpg,resized_padded_reebok_43.jpg,reebok
../datasets/sampled_sneakers_1024x1024\resized_padded_vans_147.jpg,resized_padded_vans_147.jpg,vans
../datasets/sampled_sneakers_1024x1024\resized_padded_reebok_353.jpg,resized_padded_reebok_353.jpg,reebok
../datasets/sampled_sneakers_1024x1024\resized_padded_reebok_15.jpg,resized_padded_reebok_15.jpg,reebok
../datasets/sampled_sneakers_1024x1024\resized_padded_puma_365.jpg,resized_padded_puma_365.jpg,puma
../datasets/sampled_sneakers_1024x1024\resized_padded_reebok_200.jpg,resized_padded_reebok_200.jpg,reebok
../datasets/sampled_sneakers_1024x1024\normalized_nike_390.jpg,normalized_nike_390.jpg,nike
../datasets/sampled_sneakers_1024x1024\resized_padded_reebok_233.jpg,resized_padded_reebok_233.jpg,reebok
../datasets/sampled_sneakers_1024x1024\normalized_nike_466.jpg,normalized_nike_466.jpg,nike
../datasets/sampled_sneakers_1024x1024\resized_all_vans_29.jpg,resized_all_vans_29.jpg,vans
../datasets/sampled_sneakers_1024x1024\resized_padded_vans_156.jpg,resized_padded_vans_156.jpg,vans
../datasets/sampled_sneakers_1024x1024\resized_all_vans_507.jpg,resized_all_vans_507.jpg,vans
../datasets/sampled_sneakers_1024x1024\normalized_nike_419.jpg,normalized_nike_419.jpg,nike
../datasets/sampled_sneakers_1024x1024\resized_padded_reebok_253.jpg,resized_padded_reebok_253.jpg,reebok
../datasets/sampled_sneakers_1024x1024\resized_padded_new_newbalance_186.jpg,resized_padded_new_newbalance_186.jpg,newbalance
../datasets/sampled_sneakers_1024x1024\resized_padded_vans_134.jpg,resized_padded_vans_134.jpg,vans
../datasets/sampled_sneakers_1024x1024\resized_padded_puma_356.jpg,resized_padded_puma_356.jpg,puma
../datasets/sampled_sneakers_1024x1024\resized_padded_vans_506.jpg,resized_padded_vans_506.jpg,vans
../datasets/sampled_sneakers_1024x1024\normalized_nike_510.jpg,normalized_nike_510.jpg,nike
../datasets/sampled_sneakers_1024x1024\resized_padded_puma_48.jpg,resized_padded_puma_48.jpg,puma
../datasets/sampled_sneakers_1024x1024\resized_all_vans_317.jpg,resized_all_vans_317.jpg,vans
../datasets/sampled_sneakers_1024x1024\resized_padded_puma_259.jpg,resized_padded_puma_259.jpg,puma
../datasets/sampled_sneakers_1024x1024\resized_all_vans_387.jpg,resized_all_vans_387.jpg,vans
../datasets/sampled_sneakers_1024x1024\resized_padded_puma_138.jpg,resized_padded_puma_138.jpg,puma
../datasets/sampled_sneakers_1024x1024\resized_padded_puma_544.jpg,resized_padded_puma_544.jpg,puma
../datasets/sampled_sneakers_1024x1024\resized_padded_puma_529.jpg,resized_padded_puma_529.jpg,puma
../datasets/sampled_sneakers_1024x1024\resized_all_vans_322.jpg,resized_all_vans_322.jpg,vans
../datasets/sampled_sneakers_1024x1024\resized_all_vans_405.jpg,resized_all_vans_405.jpg,vans
../datasets/sampled_sneakers_1024x1024\resized_padded_vans_16.jpg,resized_padded_vans_16.jpg,vans
../datasets/sampled_sneakers_1024x1024\resized_padded_puma_399.jpg,resized_padded_puma_399.jpg,puma
../datasets/sampled_sneakers_1024x1024\resized_all_vans_364.jpg,resized_all_vans_364.jpg,vans
../datasets/sampled_sneakers_1024x1024\normalized_nike_262.jpg,normalized_nike_262.jpg,nike
../datasets/sampled_sneakers_1024x1024\resized_padded_vans_126.jpg,resized_padded_vans_126.jpg,vans
../datasets/sampled_sneakers_1024x1024\normalized_nike_121.jpg,normalized_nike_121.jpg,nike
../datasets/sampled_sneakers_1024x1024\resized_padded_new_newbalance_83.jpg,resized_padded_new_newbalance_83.jpg,newbalance
../datasets/sampled_sneakers_1024x1024\resized_padded_reebok_299.jpg,resized_padded_reebok_299.jpg,reebok
../datasets/sampled_sneakers_1024x1024\resized_padded_puma_68.jpg,resized_padded_puma_68.jpg,puma
../datasets/sampled_sneakers_1024x1024\resized_all_vans_193.jpg,resized_all_vans_193.jpg,vans
../datasets/sampled_sneakers_1024x1024\normalized_nike_234.jpg,normalized_nike_234.jpg,nike
../datasets/sampled_sneakers_1024x1024\resized_padded_vans_536.jpg,resized_padded_vans_536.jpg,vans
../datasets/sampled_sneakers_1024x1024\resized_all_vans_161.jpg,resized_all_vans_161.jpg,vans
../datasets/sampled_sneakers_1024x1024\resized_all_vans_89.jpg,resized_all_vans_89.jpg,vans
../datasets/sampled_sneakers_1024x1024\resized_padded_vans_410.jpg,resized_padded_vans_410.jpg,vans
../datasets/sampled_sneakers_1024x1024\resized_padded_vans_386.jpg,resized_padded_vans_386.jpg,vans
../datasets/sampled_sneakers_1024x1024\resized_all_vans_543.jpg,resized_all_vans_543.jpg,vans
../datasets/sampled_sneakers_1024x1024\resized_padded_reebok_203.jpg,resized_padded_reebok_203.jpg,reebok
../datasets/sampled_sneakers_1024x1024\resized_padded_reebok_428.jpg,resized_padded_reebok_428.jpg,reebok
../datasets/sampled_sneakers_1024x1024\resized_padded_vans_218.jpg,resized_padded_vans_218.jpg,vans
../datasets/sampled_sneakers_1024x1024\resized_padded_new_newbalance_216.jpg,resized_padded_new_newbalance_216.jpg,newbalance
../datasets/sampled_sneakers_1024x1024\resized_padded_vans_306.jpg,resized_padded_vans_306.jpg,vans
../datasets/sampled_sneakers_1024x1024\resized_padded_reebok_96.jpg,resized_padded_reebok_96.jpg,reebok
../datasets/sampled_sneakers_1024x1024\resized_padded_vans_533.jpg,resized_padded_vans_533.jpg,vans
../datasets/sampled_sneakers_1024x1024\resized_padded_puma_491.jpg,resized_padded_puma_491.jpg,puma
../datasets/sampled_sneakers_1024x1024\resized_all_vans_135.jpg,resized_all_vans_135.jpg,vans
../datasets/sampled_sneakers_1024x1024\resized_padded_vans_114.jpg,resized_padded_vans_114.jpg,vans
../datasets/sampled_sneakers_1024x1024\resized_padded_reebok_221.jpg,resized_padded_reebok_221.jpg,reebok
../datasets/sampled_sneakers_1024x1024\resized_padded_reebok_356.jpg,resized_padded_reebok_356.jpg,reebok
../datasets/sampled_sneakers_1024x1024\resized_padded_new_newbalance_75.jpg,resized_padded_new_newbalance_75.jpg,newbalance
../datasets/sampled_sneakers_1024x1024\resized_padded_reebok_94.jpg,resized_padded_reebok_94.jpg,reebok
../datasets/sampled_sneakers_1024x1024\normalized_nike_226.jpg,normalized_nike_226.jpg,nike
../datasets/sampled_sneakers_1024x1024\resized_padded_puma_501.jpg,resized_padded_puma_501.jpg,puma
../datasets/sampled_sneakers_1024x1024\resized_padded_puma_302.jpg,resized_padded_puma_302.jpg,puma
../datasets/sampled_sneakers_1024x1024\resized_padded_puma_632.jpg,resized_padded_puma_632.jpg,puma
../datasets/sampled_sneakers_1024x1024\resized_padded_puma_533.jpg,resized_padded_puma_533.jpg,puma
../datasets/sampled_sneakers_1024x1024\resized_padded_puma_565.jpg,resized_padded_puma_565.jpg,puma
../datasets/sampled_sneakers_1024x1024\resized_all_vans_474.jpg,resized_all_vans_474.jpg,vans
../datasets/sampled_sneakers_1024x1024\resized_padded_puma_106.jpg,resized_padded_puma_106.jpg,puma
../datasets/sampled_sneakers_1024x1024\normalized_nike_425.jpg,normalized_nike_425.jpg,nike
../datasets/sampled_sneakers_1024x1024\resized_padded_vans_330.jpg,resized_padded_vans_330.jpg,vans
../datasets/sampled_sneakers_1024x1024\resized_padded_reebok_199.jpg,resized_padded_reebok_199.jpg,reebok
../datasets/sampled_sneakers_1024x1024\resized_padded_underarmour_6.jpg,resized_padded_underarmour_6.jpg,underarmour
../datasets/sampled_sneakers_1024x1024\resized_padded_new_newbalance_113.jpg,resized_padded_new_newbalance_113.jpg,newbalance
../datasets/sampled_sneakers_1024x1024\resized_padded_puma_458.jpg,resized_padded_puma_458.jpg,puma
../datasets/sampled_sneakers_1024x1024\resized_padded_vans_80.jpg,resized_padded_vans_80.jpg,vans
../datasets/sampled_sneakers_1024x1024\resized_padded_new_newbalance_274.jpg,resized_padded_new_newbalance_274.jpg,newbalance
../datasets/sampled_sneakers_1024x1024\resized_padded_puma_130.jpg,resized_padded_puma_130.jpg,puma
../datasets/sampled_sneakers_1024x1024\normalized_nike_254.jpg,normalized_nike_254.jpg,nike
../datasets/sampled_sneakers_1024x1024\resized_padded_underarmour_261.jpg,resized_padded_underarmour_261.jpg,underarmour
../datasets/sampled_sneakers_1024x1024\resized_padded_new_newbalance_138.jpg,resized_padded_new_newbalance_138.jpg,newbalance
../datasets/sampled_sneakers_1024x1024\normalized_nike_199.jpg,normalized_nike_199.jpg,nike
../datasets/sampled_sneakers_1024x1024\resized_padded_new_newbalance_270.jpg,resized_padded_new_newbalance_270.jpg,newbalance
../datasets/sampled_sneakers_1024x1024\resized_padded_puma_468.jpg,resized_padded_puma_468.jpg,puma
../datasets/sampled_sneakers_1024x1024\normalized_nike_300.jpg,normalized_nike_300.jpg,nike
../datasets/sampled_sneakers_1024x1024\resized_all_vans_720.jpg,resized_all_vans_720.jpg,vans
../datasets/sampled_sneakers_1024x1024\resized_padded_new_newbalance_166.jpg,resized_padded_new_newbalance_166.jpg,newbalance
../datasets/sampled_sneakers_1024x1024\resized_padded_puma_613.jpg,resized_padded_puma_613.jpg,puma
../datasets/sampled_sneakers_1024x1024\resized_padded_vans_83.jpg,resized_padded_vans_83.jpg,vans
../datasets/sampled_sneakers_1024x1024\resized_padded_vans_262.jpg,resized_padded_vans_262.jpg,vans
../datasets/sampled_sneakers_1024x1024\resized_padded_vans_29.jpg,resized_padded_vans_29.jpg,vans
../datasets/sampled_sneakers_1024x1024\resized_padded_puma_280.jpg,resized_padded_puma_280.jpg,puma
../datasets/sampled_sneakers_1024x1024\resized_all_vans_266.jpg,resized_all_vans_266.jpg,vans
../datasets/sampled_sneakers_1024x1024\resized_padded_puma_512.jpg,resized_padded_puma_512.jpg,puma
../datasets/sampled_sneakers_1024x1024\resized_all_vans_713.jpg,resized_all_vans_713.jpg,vans
../datasets/sampled_sneakers_1024x1024\resized_padded_puma_236.jpg,resized_padded_puma_236.jpg,puma
../datasets/sampled_sneakers_1024x1024\resized_all_vans_487.jpg,resized_all_vans_487.jpg,vans
../datasets/sampled_sneakers_1024x1024\resized_padded_puma_328.jpg,resized_padded_puma_328.jpg,puma
../datasets/sampled_sneakers_1024x1024\normalized_nike_18.jpg,normalized_nike_18.jpg,nike
../datasets/sampled_sneakers_1024x1024\normalized_nike_455.jpg,normalized_nike_455.jpg,nike
../datasets/sampled_sneakers_1024x1024\resized_padded_puma_535.jpg,resized_padded_puma_535.jpg,puma
../datasets/sampled_sneakers_1024x1024\normalized_nike_164.jpg,normalized_nike_164.jpg,nike
../datasets/sampled_sneakers_1024x1024\resized_padded_puma_131.jpg,resized_padded_puma_131.jpg,puma
../datasets/sampled_sneakers_1024x1024\resized_padded_puma_471.jpg,resized_padded_puma_471.jpg,puma
../datasets/sampled_sneakers_1024x1024\resized_padded_reebok_220.jpg,resized_padded_reebok_220.jpg,reebok
../datasets/sampled_sneakers_1024x1024\resized_padded_puma_13.jpg,resized_padded_puma_13.jpg,puma
../datasets/sampled_sneakers_1024x1024\resized_padded_vans_309.jpg,resized_padded_vans_309.jpg,vans
../datasets/sampled_sneakers_1024x1024\resized_padded_vans_550.jpg,resized_padded_vans_550.jpg,vans
../datasets/sampled_sneakers_1024x1024\normalized_nike_240.jpg,normalized_nike_240.jpg,nike
../datasets/sampled_sneakers_1024x1024\normalized_nike_286.jpg,normalized_nike_286.jpg,nike
../datasets/sampled_sneakers_1024x1024\resized_padded_vans_251.jpg,resized_padded_vans_251.jpg,vans
../datasets/sampled_sneakers_1024x1024\resized_padded_puma_378.jpg,resized_padded_puma_378.jpg,puma
../datasets/sampled_sneakers_1024x1024\normalized_nike_353.jpg,normalized_nike_353.jpg,nike
../datasets/sampled_sneakers_1024x1024\normalized_nike_198.jpg,normalized_nike_198.jpg,nike
../datasets/sampled_sneakers_1024x1024\resized_padded_reebok_22.jpg,resized_padded_reebok_22.jpg,reebok
../datasets/sampled_sneakers_1024x1024\resized_padded_new_newbalance_153.jpg,resized_padded_new_newbalance_153.jpg,newbalance
../datasets/sampled_sneakers_1024x1024\resized_padded_reebok_106.jpg,resized_padded_reebok_106.jpg,reebok
../datasets/sampled_sneakers_1024x1024\resized_all_vans_218.jpg,resized_all_vans_218.jpg,vans
../datasets/sampled_sneakers_1024x1024\resized_padded_vans_44.jpg,resized_padded_vans_44.jpg,vans
../datasets/sampled_sneakers_1024x1024\resized_padded_puma_30.jpg,resized_padded_puma_30.jpg,puma
../datasets/sampled_sneakers_1024x1024\resized_padded_puma_616.jpg,resized_padded_puma_616.jpg,puma
../datasets/sampled_sneakers_1024x1024\resized_padded_vans_505.jpg,resized_padded_vans_505.jpg,vans
../datasets/sampled_sneakers_1024x1024\resized_padded_puma_296.jpg,resized_padded_puma_296.jpg,puma
../datasets/sampled_sneakers_1024x1024\normalized_nike_410.jpg,normalized_nike_410.jpg,nike
../datasets/sampled_sneakers_1024x1024\normalized_nike_214.jpg,normalized_nike_214.jpg,nike
../datasets/sampled_sneakers_1024x1024\resized_all_vans_69.jpg,resized_all_vans_69.jpg,vans
../datasets/sampled_sneakers_1024x1024\normalized_nike_37.jpg,normalized_nike_37.jpg,nike
../datasets/sampled_sneakers_1024x1024\resized_all_vans_657.jpg,resized_all_vans_657.jpg,vans
../datasets/sampled_sneakers_1024x1024\resized_padded_puma_509.jpg,resized_padded_puma_509.jpg,puma
../datasets/sampled_sneakers_1024x1024\resized_padded_puma_146.jpg,resized_padded_puma_146.jpg,puma
../datasets/sampled_sneakers_1024x1024\resized_padded_puma_171.jpg,resized_padded_puma_171.jpg,puma
../datasets/sampled_sneakers_1024x1024\resized_all_vans_687.jpg,resized_all_vans_687.jpg,vans
../datasets/sampled_sneakers_1024x1024\resized_padded_reebok_394.jpg,resized_padded_reebok_394.jpg,reebok
../datasets/sampled_sneakers_1024x1024\resized_padded_vans_339.jpg,resized_padded_vans_339.jpg,vans
../datasets/sampled_sneakers_1024x1024\resized_padded_new_newbalance_17.jpg,resized_padded_new_newbalance_17.jpg,newbalance
../datasets/sampled_sneakers_1024x1024\resized_padded_puma_654.jpg,resized_padded_puma_654.jpg,puma
../datasets/sampled_sneakers_1024x1024\resized_all_vans_370.jpg,resized_all_vans_370.jpg,vans
../datasets/sampled_sneakers_1024x1024\resized_padded_puma_550.jpg,resized_padded_puma_550.jpg,puma
../datasets/sampled_sneakers_1024x1024\resized_all_vans_434.jpg,resized_all_vans_434.jpg,vans
../datasets/sampled_sneakers_1024x1024\resized_all_vans_633.jpg,resized_all_vans_633.jpg,vans
../datasets/sampled_sneakers_1024x1024\resized_padded_underarmour_260.jpg,resized_padded_underarmour_260.jpg,underarmour
../datasets/sampled_sneakers_1024x1024\resized_padded_vans_299.jpg,resized_padded_vans_299.jpg,vans
../datasets/sampled_sneakers_1024x1024\normalized_nike_517.jpg,normalized_nike_517.jpg,nike
../datasets/sampled_sneakers_1024x1024\resized_padded_new_newbalance_133.jpg,resized_padded_new_newbalance_133.jpg,newbalance
../datasets/sampled_sneakers_1024x1024\normalized_nike_189.jpg,normalized_nike_189.jpg,nike
../datasets/sampled_sneakers_1024x1024\resized_padded_vans_444.jpg,resized_padded_vans_444.jpg,vans
../datasets/sampled_sneakers_1024x1024\resized_padded_vans_165.jpg,resized_padded_vans_165.jpg,vans
../datasets/sampled_sneakers_1024x1024\resized_padded_reebok_165.jpg,resized_padded_reebok_165.jpg,reebok
../datasets/sampled_sneakers_1024x1024\resized_all_vans_597.jpg,resized_all_vans_597.jpg,vans
../datasets/sampled_sneakers_1024x1024\resized_padded_vans_595.jpg,resized_padded_vans_595.jpg,vans
../datasets/sampled_sneakers_1024x1024\resized_padded_new_newbalance_143.jpg,resized_padded_new_newbalance_143.jpg,newbalance
../datasets/sampled_sneakers_1024x1024\resized_padded_puma_180.jpg,resized_padded_puma_180.jpg,puma
../datasets/sampled_sneakers_1024x1024\resized_all_vans_616.jpg,resized_all_vans_616.jpg,vans
../datasets/sampled_sneakers_1024x1024\resized_all_vans_216.jpg,resized_all_vans_216.jpg,vans
../datasets/sampled_sneakers_1024x1024\resized_padded_vans_247.jpg,resized_padded_vans_247.jpg,vans
../datasets/sampled_sneakers_1024x1024\resized_padded_puma_357.jpg,resized_padded_puma_357.jpg,puma
../datasets/sampled_sneakers_1024x1024\resized_padded_puma_291.jpg,resized_padded_puma_291.jpg,puma
../datasets/sampled_sneakers_1024x1024\normalized_nike_404.jpg,normalized_nike_404.jpg,nike
../datasets/sampled_sneakers_1024x1024\resized_padded_underarmour_90.jpg,resized_padded_underarmour_90.jpg,underarmour
../datasets/sampled_sneakers_1024x1024\normalized_nike_168.jpg,normalized_nike_168.jpg,nike
../datasets/sampled_sneakers_1024x1024\resized_padded_reebok_175.jpg,resized_padded_reebok_175.jpg,reebok
../datasets/sampled_sneakers_1024x1024\resized_padded_vans_53.jpg,resized_padded_vans_53.jpg,vans
../datasets/sampled_sneakers_1024x1024\normalized_nike_268.jpg,normalized_nike_268.jpg,nike
../datasets/sampled_sneakers_1024x1024\resized_padded_underarmour_266.jpg,resized_padded_underarmour_266.jpg,underarmour
../datasets/sampled_sneakers_1024x1024\resized_all_vans_599.jpg,resized_all_vans_599.jpg,vans
../datasets/sampled_sneakers_1024x1024\resized_all_vans_251.jpg,resized_all_vans_251.jpg,vans
../datasets/sampled_sneakers_1024x1024\resized_padded_underarmour_144.jpg,resized_padded_underarmour_144.jpg,underarmour
../datasets/sampled_sneakers_1024x1024\resized_padded_new_newbalance_55.jpg,resized_padded_new_newbalance_55.jpg,newbalance
../datasets/sampled_sneakers_1024x1024\resized_padded_reebok_183.jpg,resized_padded_reebok_183.jpg,reebok
../datasets/sampled_sneakers_1024x1024\resized_padded_puma_609.jpg,resized_padded_puma_609.jpg,puma
../datasets/sampled_sneakers_1024x1024\resized_all_vans_331.jpg,resized_all_vans_331.jpg,vans
../datasets/sampled_sneakers_1024x1024\resized_padded_underarmour_129.jpg,resized_padded_underarmour_129.jpg,underarmour
../datasets/sampled_sneakers_1024x1024\resized_padded_vans_232.jpg,resized_padded_vans_232.jpg,vans
../datasets/sampled_sneakers_1024x1024\resized_padded_puma_275.jpg,resized_padded_puma_275.jpg,puma
../datasets/sampled_sneakers_1024x1024\normalized_nike_519.jpg,normalized_nike_519.jpg,nike
../datasets/sampled_sneakers_1024x1024\resized_padded_puma_327.jpg,resized_padded_puma_327.jpg,puma
../datasets/sampled_sneakers_1024x1024\normalized_nike_46.jpg,normalized_nike_46.jpg,nike
../datasets/sampled_sneakers_1024x1024\resized_padded_puma_60.jpg,resized_padded_puma_60.jpg,puma
../datasets/sampled_sneakers_1024x1024\resized_padded_vans_474.jpg,resized_padded_vans_474.jpg,vans
../datasets/sampled_sneakers_1024x1024\resized_all_vans_220.jpg,resized_all_vans_220.jpg,vans
../datasets/sampled_sneakers_1024x1024\resized_padded_reebok_129.jpg,resized_padded_reebok_129.jpg,reebok
../datasets/sampled_sneakers_1024x1024\resized_all_vans_381.jpg,resized_all_vans_381.jpg,vans
../datasets/sampled_sneakers_1024x1024\resized_padded_puma_513.jpg,resized_padded_puma_513.jpg,puma
../datasets/sampled_sneakers_1024x1024\resized_padded_puma_201.jpg,resized_padded_puma_201.jpg,puma
../datasets/sampled_sneakers_1024x1024\resized_padded_underarmour_86.jpg,resized_padded_underarmour_86.jpg,underarmour
../datasets/sampled_sneakers_1024x1024\resized_padded_underarmour_170.jpg,resized_padded_underarmour_170.jpg,underarmour
../datasets/sampled_sneakers_1024x1024\normalized_nike_442.jpg,normalized_nike_442.jpg,nike
../datasets/sampled_sneakers_1024x1024\resized_padded_new_newbalance_14.jpg,resized_padded_new_newbalance_14.jpg,newbalance
../datasets/sampled_sneakers_1024x1024\resized_padded_puma_451.jpg,resized_padded_puma_451.jpg,puma
../datasets/sampled_sneakers_1024x1024\normalized_nike_457.jpg,normalized_nike_457.jpg,nike
../datasets/sampled_sneakers_1024x1024\resized_padded_puma_575.jpg,resized_padded_puma_575.jpg,puma
../datasets/sampled_sneakers_1024x1024\resized_padded_reebok_29.jpg,resized_padded_reebok_29.jpg,reebok
../datasets/sampled_sneakers_1024x1024\resized_padded_vans_438.jpg,resized_padded_vans_438.jpg,vans
../datasets/sampled_sneakers_1024x1024\resized_padded_vans_523.jpg,resized_padded_vans_523.jpg,vans
../datasets/sampled_sneakers_1024x1024\resized_padded_reebok_346.jpg,resized_padded_reebok_346.jpg,reebok
../datasets/sampled_sneakers_1024x1024\resized_padded_puma_293.jpg,resized_padded_puma_293.jpg,puma
../datasets/sampled_sneakers_1024x1024\resized_all_vans_173.jpg,resized_all_vans_173.jpg,vans
../datasets/sampled_sneakers_1024x1024\resized_padded_new_newbalance_118.jpg,resized_padded_new_newbalance_118.jpg,newbalance
../datasets/sampled_sneakers_1024x1024\resized_all_vans_163.jpg,resized_all_vans_163.jpg,vans
../datasets/sampled_sneakers_1024x1024\resized_padded_new_newbalance_36.jpg,resized_padded_new_newbalance_36.jpg,newbalance
../datasets/sampled_sneakers_1024x1024\resized_padded_vans_322.jpg,resized_padded_vans_322.jpg,vans
../datasets/sampled_sneakers_1024x1024\resized_padded_underarmour_97.jpg,resized_padded_underarmour_97.jpg,underarmour
../datasets/sampled_sneakers_1024x1024\resized_padded_vans_525.jpg,resized_padded_vans_525.jpg,vans
../datasets/sampled_sneakers_1024x1024\resized_padded_underarmour_297.jpg,resized_padded_underarmour_297.jpg,underarmour
../datasets/sampled_sneakers_1024x1024\resized_padded_puma_222.jpg,resized_padded_puma_222.jpg,puma
../datasets/sampled_sneakers_1024x1024\resized_padded_reebok_48.jpg,resized_padded_reebok_48.jpg,reebok
../datasets/sampled_sneakers_1024x1024\resized_padded_reebok_37.jpg,resized_padded_reebok_37.jpg,reebok
../datasets/sampled_sneakers_1024x1024\resized_padded_reebok_421.jpg,resized_padded_reebok_421.jpg,reebok
../datasets/sampled_sneakers_1024x1024\resized_padded_vans_222.jpg,resized_padded_vans_222.jpg,vans
../datasets/sampled_sneakers_1024x1024\resized_padded_puma_597.jpg,resized_padded_puma_597.jpg,puma
../datasets/sampled_sneakers_1024x1024\resized_padded_underarmour_62.jpg,resized_padded_underarmour_62.jpg,underarmour
../datasets/sampled_sneakers_1024x1024\resized_padded_vans_259.jpg,resized_padded_vans_259.jpg,vans
../datasets/sampled_sneakers_1024x1024\resized_padded_underarmour_239.jpg,resized_padded_underarmour_239.jpg,underarmour
../datasets/sampled_sneakers_1024x1024\resized_padded_reebok_63.jpg,resized_padded_reebok_63.jpg,reebok
../datasets/sampled_sneakers_1024x1024\resized_padded_puma_480.jpg,resized_padded_puma_480.jpg,puma
../datasets/sampled_sneakers_1024x1024\resized_padded_reebok_76.jpg,resized_padded_reebok_76.jpg,reebok
../datasets/sampled_sneakers_1024x1024\resized_all_vans_625.jpg,resized_all_vans_625.jpg,vans
../datasets/sampled_sneakers_1024x1024\normalized_nike_414.jpg,normalized_nike_414.jpg,nike
../datasets/sampled_sneakers_1024x1024\normalized_nike_229.jpg,normalized_nike_229.jpg,nike
../datasets/sampled_sneakers_1024x1024\resized_all_vans_590.jpg,resized_all_vans_590.jpg,vans
../datasets/sampled_sneakers_1024x1024\normalized_nike_297.jpg,normalized_nike_297.jpg,nike
../datasets/sampled_sneakers_1024x1024\resized_padded_underarmour_186.jpg,resized_padded_underarmour_186.jpg,underarmour
../datasets/sampled_sneakers_1024x1024\resized_padded_reebok_152.jpg,resized_padded_reebok_152.jpg,reebok
../datasets/sampled_sneakers_1024x1024\resized_padded_new_newbalance_89.jpg,resized_padded_new_newbalance_89.jpg,newbalance
../datasets/sampled_sneakers_1024x1024\normalized_nike_151.jpg,normalized_nike_151.jpg,nike
../datasets/sampled_sneakers_1024x1024\resized_padded_vans_425.jpg,resized_padded_vans_425.jpg,vans
../datasets/sampled_sneakers_1024x1024\resized_padded_reebok_144.jpg,resized_padded_reebok_144.jpg,reebok
../datasets/sampled_sneakers_1024x1024\normalized_nike_172.jpg,normalized_nike_172.jpg,nike
../datasets/sampled_sneakers_1024x1024\resized_padded_puma_518.jpg,resized_padded_puma_518.jpg,puma
../datasets/sampled_sneakers_1024x1024\resized_padded_vans_454.jpg,resized_padded_vans_454.jpg,vans
../datasets/sampled_sneakers_1024x1024\normalized_nike_402.jpg,normalized_nike_402.jpg,nike
../datasets/sampled_sneakers_1024x1024\resized_padded_vans_176.jpg,resized_padded_vans_176.jpg,vans
../datasets/sampled_sneakers_1024x1024\resized_all_vans_335.jpg,resized_all_vans_335.jpg,vans
../datasets/sampled_sneakers_1024x1024\resized_padded_reebok_34.jpg,resized_padded_reebok_34.jpg,reebok
../datasets/sampled_sneakers_1024x1024\resized_padded_new_newbalance_243.jpg,resized_padded_new_newbalance_243.jpg,newbalance
../datasets/sampled_sneakers_1024x1024\resized_padded_reebok_315.jpg,resized_padded_reebok_315.jpg,reebok
../datasets/sampled_sneakers_1024x1024\resized_padded_puma_46.jpg,resized_padded_puma_46.jpg,puma
../datasets/sampled_sneakers_1024x1024\resized_all_vans_431.jpg,resized_all_vans_431.jpg,vans
../datasets/sampled_sneakers_1024x1024\resized_all_vans_518.jpg,resized_all_vans_518.jpg,vans
../datasets/sampled_sneakers_1024x1024\normalized_nike_150.jpg,normalized_nike_150.jpg,nike
../datasets/sampled_sneakers_1024x1024\resized_padded_new_newbalance_235.jpg,resized_padded_new_newbalance_235.jpg,newbalance
../datasets/sampled_sneakers_1024x1024\resized_padded_vans_296.jpg,resized_padded_vans_296.jpg,vans
../datasets/sampled_sneakers_1024x1024\resized_padded_reebok_392.jpg,resized_padded_reebok_392.jpg,reebok
../datasets/sampled_sneakers_1024x1024\resized_padded_reebok_188.jpg,resized_padded_reebok_188.jpg,reebok
../datasets/sampled_sneakers_1024x1024\resized_padded_underarmour_162.jpg,resized_padded_underarmour_162.jpg,underarmour
../datasets/sampled_sneakers_1024x1024\resized_padded_new_newbalance_86.jpg,resized_padded_new_newbalance_86.jpg,newbalance
../datasets/sampled_sneakers_1024x1024\resized_all_vans_320.jpg,resized_all_vans_320.jpg,vans
../datasets/sampled_sneakers_1024x1024\resized_all_vans_9.jpg,resized_all_vans_9.jpg,vans
../datasets/sampled_sneakers_1024x1024\resized_all_vans_12.jpg,resized_all_vans_12.jpg,vans
../datasets/sampled_sneakers_1024x1024\resized_padded_underarmour_123.jpg,resized_padded_underarmour_123.jpg,underarmour
../datasets/sampled_sneakers_1024x1024\resized_all_vans_250.jpg,resized_all_vans_250.jpg,vans
../datasets/sampled_sneakers_1024x1024\resized_padded_puma_425.jpg,resized_padded_puma_425.jpg,puma
../datasets/sampled_sneakers_1024x1024\resized_padded_puma_478.jpg,resized_padded_puma_478.jpg,puma
../datasets/sampled_sneakers_1024x1024\resized_padded_new_newbalance_191.jpg,resized_padded_new_newbalance_191.jpg,newbalance
../datasets/sampled_sneakers_1024x1024\resized_padded_puma_294.jpg,resized_padded_puma_294.jpg,puma
../datasets/sampled_sneakers_1024x1024\resized_padded_vans_13.jpg,resized_padded_vans_13.jpg,vans
../datasets/sampled_sneakers_1024x1024\resized_padded_new_newbalance_137.jpg,resized_padded_new_newbalance_137.jpg,newbalance
../datasets/sampled_sneakers_1024x1024\resized_padded_puma_574.jpg,resized_padded_puma_574.jpg,puma
../datasets/sampled_sneakers_1024x1024\normalized_nike_313.jpg,normalized_nike_313.jpg,nike
../datasets/sampled_sneakers_1024x1024\resized_padded_underarmour_258.jpg,resized_padded_underarmour_258.jpg,underarmour
../datasets/sampled_sneakers_1024x1024\resized_padded_vans_63.jpg,resized_padded_vans_63.jpg,vans
../datasets/sampled_sneakers_1024x1024\normalized_nike_435.jpg,normalized_nike_435.jpg,nike
../datasets/sampled_sneakers_1024x1024\resized_padded_new_newbalance_192.jpg,resized_padded_new_newbalance_192.jpg,newbalance
../datasets/sampled_sneakers_1024x1024\resized_all_vans_560.jpg,resized_all_vans_560.jpg,vans
../datasets/sampled_sneakers_1024x1024\resized_padded_vans_427.jpg,resized_padded_vans_427.jpg,vans
../datasets/sampled_sneakers_1024x1024\normalized_nike_307.jpg,normalized_nike_307.jpg,nike
../datasets/sampled_sneakers_1024x1024\resized_padded_vans_196.jpg,resized_padded_vans_196.jpg,vans
../datasets/sampled_sneakers_1024x1024\resized_all_vans_166.jpg,resized_all_vans_166.jpg,vans
../datasets/sampled_sneakers_1024x1024\resized_all_vans_54.jpg,resized_all_vans_54.jpg,vans
../datasets/sampled_sneakers_1024x1024\resized_padded_vans_278.jpg,resized_padded_vans_278.jpg,vans
../datasets/sampled_sneakers_1024x1024\resized_padded_vans_327.jpg,resized_padded_vans_327.jpg,vans
../datasets/sampled_sneakers_1024x1024\resized_all_vans_121.jpg,resized_all_vans_121.jpg,vans
../datasets/sampled_sneakers_1024x1024\resized_padded_underarmour_65.jpg,resized_padded_underarmour_65.jpg,underarmour
../datasets/sampled_sneakers_1024x1024\resized_padded_reebok_146.jpg,resized_padded_reebok_146.jpg,reebok
../datasets/sampled_sneakers_1024x1024\resized_padded_puma_77.jpg,resized_padded_puma_77.jpg,puma
../datasets/sampled_sneakers_1024x1024\resized_padded_reebok_115.jpg,resized_padded_reebok_115.jpg,reebok
../datasets/sampled_sneakers_1024x1024\resized_padded_puma_254.jpg,resized_padded_puma_254.jpg,puma
../datasets/sampled_sneakers_1024x1024\resized_padded_puma_467.jpg,resized_padded_puma_467.jpg,puma
../datasets/sampled_sneakers_1024x1024\normalized_nike_19.jpg,normalized_nike_19.jpg,nike
../datasets/sampled_sneakers_1024x1024\normalized_nike_148.jpg,normalized_nike_148.jpg,nike
../datasets/sampled_sneakers_1024x1024\resized_padded_vans_371.jpg,resized_padded_vans_371.jpg,vans
../datasets/sampled_sneakers_1024x1024\resized_padded_puma_401.jpg,resized_padded_puma_401.jpg,puma
../datasets/sampled_sneakers_1024x1024\resized_padded_new_newbalance_242.jpg,resized_padded_new_newbalance_242.jpg,newbalance
../datasets/sampled_sneakers_1024x1024\resized_all_vans_125.jpg,resized_all_vans_125.jpg,vans
../datasets/sampled_sneakers_1024x1024\resized_padded_puma_502.jpg,resized_padded_puma_502.jpg,puma
../datasets/sampled_sneakers_1024x1024\resized_all_vans_491.jpg,resized_all_vans_491.jpg,vans
../datasets/sampled_sneakers_1024x1024\resized_padded_puma_424.jpg,resized_padded_puma_424.jpg,puma
../datasets/sampled_sneakers_1024x1024\resized_padded_puma_170.jpg,resized_padded_puma_170.jpg,puma
../datasets/sampled_sneakers_1024x1024\resized_all_vans_615.jpg,resized_all_vans_615.jpg,vans
../datasets/sampled_sneakers_1024x1024\resized_all_vans_542.jpg,resized_all_vans_542.jpg,vans
../datasets/sampled_sneakers_1024x1024\resized_padded_puma_615.jpg,resized_padded_puma_615.jpg,puma
../datasets/sampled_sneakers_1024x1024\resized_padded_puma_252.jpg,resized_padded_puma_252.jpg,puma
../datasets/sampled_sneakers_1024x1024\resized_padded_reebok_83.jpg,resized_padded_reebok_83.jpg,reebok
../datasets/sampled_sneakers_1024x1024\resized_padded_underarmour_101.jpg,resized_padded_underarmour_101.jpg,underarmour
../datasets/sampled_sneakers_1024x1024\resized_padded_puma_563.jpg,resized_padded_puma_563.jpg,puma
../datasets/sampled_sneakers_1024x1024\resized_all_vans_694.jpg,resized_all_vans_694.jpg,vans
../datasets/sampled_sneakers_1024x1024\resized_padded_puma_572.jpg,resized_padded_puma_572.jpg,puma
../datasets/sampled_sneakers_1024x1024\resized_padded_reebok_111.jpg,resized_padded_reebok_111.jpg,reebok
../datasets/sampled_sneakers_1024x1024\normalized_nike_511.jpg,normalized_nike_511.jpg,nike
../datasets/sampled_sneakers_1024x1024\resized_padded_underarmour_242.jpg,resized_padded_underarmour_242.jpg,underarmour
../datasets/sampled_sneakers_1024x1024\resized_padded_new_newbalance_262.jpg,resized_padded_new_newbalance_262.jpg,newbalance
../datasets/sampled_sneakers_1024x1024\normalized_nike_123.jpg,normalized_nike_123.jpg,nike
../datasets/sampled_sneakers_1024x1024\resized_all_vans_583.jpg,resized_all_vans_583.jpg,vans
../datasets/sampled_sneakers_1024x1024\normalized_nike_459.jpg,normalized_nike_459.jpg,nike
../datasets/sampled_sneakers_1024x1024\normalized_nike_270.jpg,normalized_nike_270.jpg,nike
../datasets/sampled_sneakers_1024x1024\resized_padded_vans_12.jpg,resized_padded_vans_12.jpg,vans
../datasets/sampled_sneakers_1024x1024\resized_padded_vans_51.jpg,resized_padded_vans_51.jpg,vans
../datasets/sampled_sneakers_1024x1024\resized_padded_puma_403.jpg,resized_padded_puma_403.jpg,puma
../datasets/sampled_sneakers_1024x1024\resized_padded_underarmour_207.jpg,resized_padded_underarmour_207.jpg,underarmour
../datasets/sampled_sneakers_1024x1024\resized_padded_puma_402.jpg,resized_padded_puma_402.jpg,puma
../datasets/sampled_sneakers_1024x1024\normalized_nike_137.jpg,normalized_nike_137.jpg,nike
../datasets/sampled_sneakers_1024x1024\resized_all_vans_684.jpg,resized_all_vans_684.jpg,vans
../datasets/sampled_sneakers_1024x1024\normalized_nike_207.jpg,normalized_nike_207.jpg,nike
../datasets/sampled_sneakers_1024x1024\resized_padded_vans_566.jpg,resized_padded_vans_566.jpg,vans
../datasets/sampled_sneakers_1024x1024\resized_all_vans_570.jpg,resized_all_vans_570.jpg,vans
../datasets/sampled_sneakers_1024x1024\resized_padded_puma_16.jpg,resized_padded_puma_16.jpg,puma
../datasets/sampled_sneakers_1024x1024\resized_padded_reebok_321.jpg,resized_padded_reebok_321.jpg,reebok
../datasets/sampled_sneakers_1024x1024\resized_padded_vans_571.jpg,resized_padded_vans_571.jpg,vans
../datasets/sampled_sneakers_1024x1024\resized_padded_vans_568.jpg,resized_padded_vans_568.jpg,vans
../datasets/sampled_sneakers_1024x1024\resized_padded_puma_313.jpg,resized_padded_puma_313.jpg,puma
../datasets/sampled_sneakers_1024x1024\resized_padded_reebok_14.jpg,resized_padded_reebok_14.jpg,reebok
../datasets/sampled_sneakers_1024x1024\resized_padded_reebok_298.jpg,resized_padded_reebok_298.jpg,reebok
../datasets/sampled_sneakers_1024x1024\resized_padded_new_newbalance_52.jpg,resized_padded_new_newbalance_52.jpg,newbalance
../datasets/sampled_sneakers_1024x1024\resized_padded_puma_196.jpg,resized_padded_puma_196.jpg,puma
../datasets/sampled_sneakers_1024x1024\resized_padded_puma_168.jpg,resized_padded_puma_168.jpg,puma
../datasets/sampled_sneakers_1024x1024\resized_padded_puma_542.jpg,resized_padded_puma_542.jpg,puma
../datasets/sampled_sneakers_1024x1024\resized_padded_puma_532.jpg,resized_padded_puma_532.jpg,puma
../datasets/sampled_sneakers_1024x1024\normalized_nike_127.jpg,normalized_nike_127.jpg,nike
../datasets/sampled_sneakers_1024x1024\normalized_nike_440.jpg,normalized_nike_440.jpg,nike
../datasets/sampled_sneakers_1024x1024\resized_padded_reebok_301.jpg,resized_padded_reebok_301.jpg,reebok
../datasets/sampled_sneakers_1024x1024\resized_all_vans_670.jpg,resized_all_vans_670.jpg,vans
../datasets/sampled_sneakers_1024x1024\normalized_nike_493.jpg,normalized_nike_493.jpg,nike
../datasets/sampled_sneakers_1024x1024\resized_all_vans_658.jpg,resized_all_vans_658.jpg,vans
../datasets/sampled_sneakers_1024x1024\resized_padded_puma_299.jpg,resized_padded_puma_299.jpg,puma
../datasets/sampled_sneakers_1024x1024\resized_padded_vans_135.jpg,resized_padded_vans_135.jpg,vans
../datasets/sampled_sneakers_1024x1024\resized_padded_vans_107.jpg,resized_padded_vans_107.jpg,vans
../datasets/sampled_sneakers_1024x1024\resized_padded_vans_87.jpg,resized_padded_vans_87.jpg,vans
../datasets/sampled_sneakers_1024x1024\resized_padded_puma_440.jpg,resized_padded_puma_440.jpg,puma
../datasets/sampled_sneakers_1024x1024\resized_all_vans_418.jpg,resized_all_vans_418.jpg,vans
../datasets/sampled_sneakers_1024x1024\resized_padded_new_newbalance_257.jpg,resized_padded_new_newbalance_257.jpg,newbalance
../datasets/sampled_sneakers_1024x1024\resized_all_vans_137.jpg,resized_all_vans_137.jpg,vans
