filename,metadata
normalized_nike_0.jpg,Nike Air Force 1 Low Brown Grey Classic Lifestyle Sneakers
normalized_nike_1.jpg,Nike Air Max Grey Black Classic Lifestyle Sneakers
normalized_nike_10.jpg,Nike Air Force 1 Low Grey Charcoal Low Basketball Sneakers
normalized_nike_11.jpg,Nike Air Max Orange White Low Basketball Shoes
normalized_nike_112.jpg,Nike Dunk Low Purple Green Everyday Streetwear Shoes
normalized_nike_116.jpg,Nike React Runner Navy Grey Everyday Court Shoes
normalized_nike_117.jpg,Nike Air Jordan Grey Red Everyday Athletic Shoes
normalized_nike_118.jpg,Nike Blazer Mid Grey Yellow Everyday Athletic Shoes
normalized_nike_119.jpg,Nike Zoom Grey Brown Low Top Athletic Shoes
normalized_nike_12.jpg,Nike Dunk Low Blue Grey Low Training Shoes
normalized_nike_120.jpg,Nike Air Force 1 Low Grey Charcoal Low Top Lifestyle Shoes
normalized_nike_121.jpg,Nike Air Max Grey Brown Low Top Lifestyle Trainers
normalized_nike_122.jpg,Nike Dunk Low Brown White Low Top Lifestyle Trainers
normalized_nike_123.jpg,Nike Court Vision Low Grey Beige Low Top Casual Trainers
normalized_nike_124.jpg,Nike Pegasus Grey Black Low Top Casual Trainers
normalized_nike_125.jpg,Nike Revolution Grey Red Low Top Casual Trainers
normalized_nike_126.jpg,Nike React Runner Grey Charcoal Athletic Running Trainers
normalized_nike_127.jpg,Nike Air Jordan White Grey Athletic Running Trainers
normalized_nike_128.jpg,Nike Blazer Mid Blue Grey Athletic Running Trainers
normalized_nike_129.jpg,Nike Zoom Green White Athletic Basketball Trainers
normalized_nike_13.jpg,Nike Court Vision Low Grey Brown Low Training Shoes
normalized_nike_130.jpg,Nike Air Force 1 Low Grey Charcoal Athletic Basketball Trainers
normalized_nike_131.jpg,Nike Air Max Navy Charcoal Athletic Basketball Trainers
normalized_nike_132.jpg,Nike Dunk Low Grey Orange Athletic Training Sneakers
normalized_nike_133.jpg,Nike Court Vision Low Charcoal White Comfort Training Sneakers
normalized_nike_134.jpg,Nike Pegasus Grey Pink Comfort Training Sneakers
normalized_nike_135.jpg,Nike Revolution Charcoal Grey Comfort Streetwear Sneakers
normalized_nike_136.jpg,Nike React Runner Grey Charcoal Comfort Streetwear Sneakers
normalized_nike_137.jpg,Nike Air Jordan Black Grey Comfort Streetwear Sneakers
normalized_nike_138.jpg,Nike Blazer Mid Blue White Comfort Court Sneakers
normalized_nike_139.jpg,Nike Zoom Grey Charcoal Comfort Court Sneakers
normalized_nike_14.jpg,Nike Pegasus Grey Red Retro Training Shoes
normalized_nike_140.jpg,Nike Air Force 1 Low Grey Charcoal Classic Court Sneakers
normalized_nike_141.jpg,Nike Air Max Grey Black Classic Athletic Sneakers
normalized_nike_142.jpg,Nike Dunk Low Grey Black Classic Athletic Sneakers
normalized_nike_143.jpg,Nike Court Vision Low Charcoal Grey Classic Athletic Shoes
normalized_nike_144.jpg,Nike Pegasus Grey Charcoal Classic Lifestyle Shoes
normalized_nike_145.jpg,Nike Revolution Grey Green Classic Lifestyle Shoes
normalized_nike_146.jpg,Nike React Runner Grey Brown Classic Lifestyle Shoes
normalized_nike_147.jpg,Nike Air Jordan Red Black Low Casual Shoes
normalized_nike_148.jpg,Nike Blazer Mid Red Black Low Casual Shoes
normalized_nike_149.jpg,Nike Zoom Grey Pink Low Casual Shoes
normalized_nike_15.jpg,Nike Revolution Beige Brown Retro Streetwear Shoes
normalized_nike_150.jpg,Nike Air Force 1 Low Grey Charcoal Low Running Shoes
normalized_nike_151.jpg,Nike Air Max Grey Charcoal Low Running Shoes
normalized_nike_152.jpg,Nike Dunk Low Grey Charcoal Low Running Shoes
normalized_nike_153.jpg,Nike Court Vision Low Grey Black Low Basketball Shoes
normalized_nike_154.jpg,Nike Pegasus Black Charcoal Retro Basketball Trainers
normalized_nike_155.jpg,Nike Revolution Black Grey Retro Basketball Trainers
normalized_nike_156.jpg,Nike React Runner Black Charcoal Retro Training Trainers
normalized_nike_157.jpg,Nike Air Jordan Grey White Retro Training Trainers
normalized_nike_158.jpg,Nike Blazer Mid Grey Red Retro Training Trainers
normalized_nike_159.jpg,Nike Zoom Grey Navy Retro Streetwear Trainers
normalized_nike_16.jpg,Nike React Runner Grey Charcoal Retro Streetwear Shoes
normalized_nike_160.jpg,Nike Air Force 1 Low Grey Charcoal Retro Streetwear Trainers
normalized_nike_161.jpg,Nike Air Max Grey Charcoal Mesh Streetwear Trainers
normalized_nike_162.jpg,Nike Dunk Low Black Charcoal Mesh Court Trainers
normalized_nike_163.jpg,Nike Court Vision Low Red Grey Mesh Court Trainers
normalized_nike_164.jpg,Nike Pegasus Grey Blue Mesh Court Trainers
normalized_nike_165.jpg,Nike Revolution Grey Red Mesh Athletic Sneakers
normalized_nike_166.jpg,Nike React Runner White Grey Mesh Athletic Sneakers
normalized_nike_167.jpg,Nike Air Jordan Black Navy Mesh Athletic Sneakers
normalized_nike_168.jpg,Nike Blazer Mid Beige Grey Leather Lifestyle Sneakers
normalized_nike_169.jpg,Nike Zoom Grey Charcoal Leather Lifestyle Sneakers
normalized_nike_17.jpg,Nike Air Jordan Beige Charcoal Retro Streetwear Shoes
normalized_nike_170.jpg,Nike Air Force 1 Low Grey Navy Leather Lifestyle Sneakers
normalized_nike_171.jpg,Nike Air Max Red Grey Leather Casual Sneakers
normalized_nike_172.jpg,Nike Dunk Low Red White Leather Casual Sneakers
normalized_nike_173.jpg,Nike Court Vision Low Grey White Leather Casual Sneakers
normalized_nike_174.jpg,Nike Pegasus Grey Charcoal Leather Running Sneakers
normalized_nike_175.jpg,Nike Revolution Grey Charcoal Sport Running Sneakers
normalized_nike_176.jpg,Nike React Runner Grey Black Sport Running Shoes
normalized_nike_177.jpg,Nike Air Jordan Grey Charcoal Sport Basketball Shoes
normalized_nike_178.jpg,Nike Blazer Mid Grey Navy Sport Basketball Shoes
normalized_nike_179.jpg,Nike Zoom Black Teal Sport Basketball Shoes
normalized_nike_18.jpg,Nike Blazer Mid White Grey Retro Court Shoes
normalized_nike_180.jpg,Nike Air Force 1 Low Grey Purple Sport Training Shoes
normalized_nike_181.jpg,Nike Air Max Black Grey Sport Training Shoes
normalized_nike_182.jpg,Nike Dunk Low Grey Charcoal Streetwear Training Shoes
normalized_nike_183.jpg,Nike Court Vision Low Grey Orange Streetwear Streetwear Shoes
normalized_nike_184.jpg,Nike Pegasus Black Navy Streetwear Streetwear Shoes
normalized_nike_185.jpg,Nike Revolution Grey Black Streetwear Streetwear Shoes
normalized_nike_186.jpg,Nike React Runner Grey Blue Streetwear Court Shoes
normalized_nike_187.jpg,Nike Air Jordan Black Grey Streetwear Court Trainers
normalized_nike_188.jpg,Nike Blazer Mid Purple Grey Streetwear Court Trainers
normalized_nike_189.jpg,Nike Zoom Grey Charcoal Cushioned Athletic Trainers
normalized_nike_19.jpg,Nike Zoom Charcoal Grey Retro Court Shoes
normalized_nike_190.jpg,Nike Air Force 1 Low Black Pink Cushioned Athletic Trainers
normalized_nike_191.jpg,Nike Air Max Grey Teal Cushioned Athletic Trainers
normalized_nike_192.jpg,Nike Dunk Low Grey Green Cushioned Lifestyle Trainers
normalized_nike_193.jpg,Nike Court Vision Low Grey Charcoal Cushioned Lifestyle Trainers
normalized_nike_194.jpg,Nike Pegasus Blue Purple Cushioned Lifestyle Trainers
normalized_nike_195.jpg,Nike Revolution Grey Charcoal Cushioned Casual Trainers
normalized_nike_196.jpg,Nike React Runner Grey Charcoal Lightweight Casual Trainers
normalized_nike_197.jpg,Nike Air Jordan Yellow Grey Lightweight Casual Trainers
normalized_nike_198.jpg,Nike Blazer Mid Grey Navy Lightweight Running Sneakers
normalized_nike_199.jpg,Nike Zoom Green Beige Lightweight Running Sneakers
normalized_nike_2.jpg,Nike Dunk Low Green Yellow Classic Lifestyle Sneakers
normalized_nike_20.jpg,Nike Air Force 1 Low Brown Grey Retro Court Shoes
normalized_nike_200.jpg,Nike Air Force 1 Low Black Charcoal Lightweight Running Sneakers
normalized_nike_201.jpg,Nike Air Max Grey Red Lightweight Basketball Sneakers
normalized_nike_202.jpg,Nike Dunk Low Grey Charcoal Lightweight Basketball Sneakers
normalized_nike_204.jpg,Nike Pegasus Grey Charcoal Court Training Sneakers
normalized_nike_205.jpg,Nike Revolution Grey Black Court Training Sneakers
normalized_nike_206.jpg,Nike React Runner Grey Teal Court Training Sneakers
normalized_nike_207.jpg,Nike Air Jordan Grey Beige Court Streetwear Sneakers
normalized_nike_208.jpg,Nike Blazer Mid Grey Charcoal Court Streetwear Sneakers
normalized_nike_209.jpg,Nike Zoom Grey Beige Court Streetwear Shoes
normalized_nike_21.jpg,Nike Air Max Grey Brown Mesh Athletic Shoes
normalized_nike_210.jpg,Nike Air Force 1 Low Grey Beige Runner Court Shoes
normalized_nike_211.jpg,Nike Air Max Grey Orange Runner Court Shoes
normalized_nike_212.jpg,Nike Dunk Low Grey Charcoal Runner Court Shoes
normalized_nike_213.jpg,Nike Court Vision Low Grey Charcoal Runner Athletic Shoes
normalized_nike_214.jpg,Nike Pegasus Beige White Runner Athletic Shoes
normalized_nike_215.jpg,Nike Revolution Grey Green Runner Athletic Shoes
normalized_nike_216.jpg,Nike React Runner Grey Charcoal Runner Lifestyle Shoes
normalized_nike_217.jpg,Nike Air Jordan Grey Navy Trainer Lifestyle Shoes
normalized_nike_218.jpg,Nike Blazer Mid Grey Navy Trainer Lifestyle Shoes
normalized_nike_219.jpg,Nike Zoom Grey Yellow Trainer Casual Shoes
normalized_nike_22.jpg,Nike Dunk Low Grey Pink Mesh Athletic Trainers
normalized_nike_220.jpg,Nike Air Force 1 Low Grey Charcoal Trainer Casual Trainers
normalized_nike_221.jpg,Nike Air Max Grey Charcoal Trainer Casual Trainers
normalized_nike_222.jpg,Nike Dunk Low Grey White Trainer Running Trainers
normalized_nike_223.jpg,Nike Court Vision Low Black Grey Trainer Running Trainers
normalized_nike_224.jpg,Nike Pegasus Grey Charcoal Clean Running Trainers
normalized_nike_225.jpg,Nike Revolution Black Grey Clean Basketball Trainers
normalized_nike_226.jpg,Nike React Runner Grey White Clean Basketball Trainers
normalized_nike_227.jpg,Nike Air Jordan Grey Blue Clean Basketball Trainers
normalized_nike_228.jpg,Nike Blazer Mid Teal Grey Clean Training Trainers
normalized_nike_229.jpg,Nike Zoom Black Charcoal Clean Training Trainers
normalized_nike_23.jpg,Nike Court Vision Low Grey Brown Mesh Athletic Trainers
normalized_nike_230.jpg,Nike Air Force 1 Low Grey Brown Clean Training Trainers
normalized_nike_231.jpg,Nike Air Max Grey Pink Modern Streetwear Sneakers
normalized_nike_232.jpg,Nike Dunk Low Brown Yellow Modern Streetwear Sneakers
normalized_nike_233.jpg,Nike Court Vision Low Grey Charcoal Modern Streetwear Sneakers
normalized_nike_234.jpg,Nike Pegasus Grey Yellow Modern Court Sneakers
normalized_nike_235.jpg,Nike Revolution Charcoal Black Modern Court Sneakers
normalized_nike_236.jpg,Nike React Runner White Grey Modern Court Sneakers
normalized_nike_237.jpg,Nike Air Jordan Grey Charcoal Modern Athletic Sneakers
normalized_nike_238.jpg,Nike Blazer Mid Grey Green Heritage Athletic Sneakers
normalized_nike_239.jpg,Nike Zoom Beige Pink Heritage Athletic Sneakers
normalized_nike_24.jpg,Nike Pegasus Grey Blue Mesh Lifestyle Trainers
normalized_nike_240.jpg,Nike Air Force 1 Low Purple Yellow Heritage Lifestyle Sneakers
normalized_nike_241.jpg,Nike Air Max Grey Beige Heritage Lifestyle Sneakers
normalized_nike_242.jpg,Nike Dunk Low Purple Yellow Heritage Lifestyle Shoes
normalized_nike_243.jpg,Nike Court Vision Low Grey Brown Heritage Casual Shoes
normalized_nike_244.jpg,Nike Pegasus Grey Charcoal Heritage Casual Shoes
normalized_nike_245.jpg,Nike Revolution Grey Blue Performance Casual Shoes
normalized_nike_246.jpg,Nike React Runner Grey Pink Performance Running Shoes
normalized_nike_247.jpg,Nike Air Jordan Grey Charcoal Performance Running Shoes
normalized_nike_248.jpg,Nike Blazer Mid Red Black Performance Running Shoes
normalized_nike_249.jpg,Nike Zoom Red Grey Performance Basketball Shoes
normalized_nike_25.jpg,Nike Revolution Red White Mesh Lifestyle Trainers
normalized_nike_250.jpg,Nike Air Force 1 Low Black Grey Performance Basketball Shoes
normalized_nike_251.jpg,Nike Air Max Grey Beige Performance Basketball Shoes
normalized_nike_252.jpg,Nike Dunk Low Beige Yellow Everyday Training Shoes
normalized_nike_253.jpg,Nike Court Vision Low Grey Blue Everyday Training Trainers
normalized_nike_254.jpg,Nike Pegasus Black Grey Everyday Training Trainers
normalized_nike_255.jpg,Nike Revolution Grey Beige Everyday Streetwear Trainers
normalized_nike_256.jpg,Nike React Runner Grey Charcoal Everyday Streetwear Trainers
normalized_nike_257.jpg,Nike Air Jordan Red Grey Everyday Streetwear Trainers
normalized_nike_258.jpg,Nike Blazer Mid Grey Beige Everyday Court Trainers
normalized_nike_259.jpg,Nike Zoom Red Grey Low Top Court Trainers
normalized_nike_26.jpg,Nike React Runner Grey Red Mesh Lifestyle Trainers
normalized_nike_260.jpg,Nike Air Force 1 Low Black Charcoal Low Top Court Trainers
normalized_nike_261.jpg,Nike Air Max Grey Charcoal Low Top Athletic Trainers
normalized_nike_262.jpg,Nike Dunk Low Charcoal Black Low Top Athletic Trainers
normalized_nike_263.jpg,Nike Court Vision Low Blue Grey Low Top Athletic Trainers
normalized_nike_264.jpg,Nike Pegasus Blue Grey Low Top Lifestyle Sneakers
normalized_nike_265.jpg,Nike Revolution Grey Beige Low Top Lifestyle Sneakers
normalized_nike_266.jpg,Nike React Runner White Grey Athletic Lifestyle Sneakers
normalized_nike_267.jpg,Nike Air Jordan Grey Yellow Athletic Casual Sneakers
normalized_nike_268.jpg,Nike Blazer Mid Grey Charcoal Athletic Casual Sneakers
normalized_nike_269.jpg,Nike Zoom Grey Orange Athletic Casual Sneakers
normalized_nike_27.jpg,Nike Air Jordan Yellow White Mesh Casual Trainers
normalized_nike_270.jpg,Nike Air Force 1 Low Grey Charcoal Athletic Running Sneakers
normalized_nike_271.jpg,Nike Air Max Grey Orange Athletic Running Sneakers
normalized_nike_272.jpg,Nike Dunk Low Grey Brown Athletic Running Sneakers
normalized_nike_273.jpg,Nike Court Vision Low Grey Red Comfort Basketball Sneakers
normalized_nike_274.jpg,Nike Pegasus Grey Blue Comfort Basketball Sneakers
normalized_nike_275.jpg,Nike Revolution Green Grey Comfort Basketball Shoes
normalized_nike_276.jpg,Nike React Runner Green White Comfort Training Shoes
normalized_nike_277.jpg,Nike Air Jordan Grey Blue Comfort Training Shoes
normalized_nike_278.jpg,Nike Blazer Mid Grey Yellow Comfort Training Shoes
normalized_nike_279.jpg,Nike Zoom Navy Grey Comfort Streetwear Shoes
normalized_nike_28.jpg,Nike Blazer Mid Grey White Leather Casual Trainers
normalized_nike_280.jpg,Nike Air Force 1 Low Black Charcoal Classic Streetwear Shoes
normalized_nike_281.jpg,Nike Air Max Beige Red Classic Streetwear Shoes
normalized_nike_282.jpg,Nike Dunk Low Red Orange Classic Court Shoes
normalized_nike_283.jpg,Nike Court Vision Low Grey Brown Classic Court Shoes
normalized_nike_284.jpg,Nike Pegasus Orange Grey Classic Court Shoes
normalized_nike_285.jpg,Nike Revolution Grey Green Classic Athletic Shoes
normalized_nike_286.jpg,Nike React Runner Black Charcoal Classic Athletic Trainers
normalized_nike_287.jpg,Nike Air Jordan Orange Red Low Athletic Trainers
normalized_nike_288.jpg,Nike Blazer Mid Grey Teal Low Lifestyle Trainers
normalized_nike_289.jpg,Nike Zoom Red Grey Low Lifestyle Trainers
normalized_nike_29.jpg,Nike Zoom Grey Black Leather Casual Trainers
normalized_nike_290.jpg,Nike Air Force 1 Low Red Grey Low Lifestyle Trainers
normalized_nike_291.jpg,Nike Air Max Grey Beige Low Casual Trainers
normalized_nike_292.jpg,Nike Dunk Low Grey White Low Casual Trainers
normalized_nike_293.jpg,Nike Court Vision Low Grey Pink Low Casual Trainers
normalized_nike_294.jpg,Nike Pegasus Black Charcoal Retro Running Trainers
normalized_nike_295.jpg,Nike Revolution Grey Charcoal Retro Running Trainers
normalized_nike_296.jpg,Nike React Runner Grey Yellow Retro Running Trainers
normalized_nike_297.jpg,Nike Air Jordan Grey White Retro Basketball Sneakers
normalized_nike_298.jpg,Nike Blazer Mid Grey Charcoal Retro Basketball Sneakers
normalized_nike_299.jpg,Nike Zoom Grey Red Retro Basketball Sneakers
normalized_nike_3.jpg,Nike Court Vision Low Brown Black Classic Casual Sneakers
normalized_nike_30.jpg,Nike Air Force 1 Low Grey Charcoal Leather Running Trainers
normalized_nike_300.jpg,Nike Air Force 1 Low Green Charcoal Retro Training Sneakers
normalized_nike_301.jpg,Nike Air Max Red Beige Mesh Training Sneakers
normalized_nike_302.jpg,Nike Dunk Low Grey Charcoal Mesh Training Sneakers
normalized_nike_303.jpg,Nike Court Vision Low Grey Charcoal Mesh Streetwear Sneakers
normalized_nike_307.jpg,Nike Air Jordan Grey Blue Mesh Court Sneakers
normalized_nike_309.jpg,Nike Zoom Black Purple Leather Athletic Shoes
normalized_nike_31.jpg,Nike Air Max Purple Pink Leather Running Trainers
normalized_nike_311.jpg,Nike Air Max Grey Green Leather Athletic Shoes
normalized_nike_313.jpg,Nike Court Vision Low Grey Red Leather Lifestyle Shoes
normalized_nike_314.jpg,Nike Pegasus Brown Charcoal Leather Lifestyle Shoes
normalized_nike_32.jpg,Nike Dunk Low Grey Brown Leather Running Trainers
normalized_nike_320.jpg,Nike Air Force 1 Low Grey Red Sport Running Trainers
normalized_nike_322.jpg,Nike Dunk Low Red Black Streetwear Basketball Trainers
normalized_nike_33.jpg,Nike Court Vision Low Green Grey Leather Basketball Sneakers
normalized_nike_34.jpg,Nike Pegasus Yellow White Leather Basketball Sneakers
normalized_nike_341.jpg,Nike Air Max Charcoal Grey Lightweight Casual Shoes
normalized_nike_346.jpg,Nike React Runner Red Black Court Basketball Shoes
normalized_nike_35.jpg,Nike Revolution Brown Orange Sport Basketball Sneakers
normalized_nike_350.jpg,Nike Air Force 1 Low Grey Charcoal Runner Training Shoes
normalized_nike_353.jpg,Nike Court Vision Low Black Charcoal Runner Streetwear Trainers
normalized_nike_355.jpg,Nike Revolution Grey Charcoal Runner Court Trainers
normalized_nike_36.jpg,Nike React Runner Yellow White Sport Training Sneakers
normalized_nike_361.jpg,Nike Air Max Black Charcoal Trainer Lifestyle Trainers
normalized_nike_362.jpg,Nike Dunk Low Black Grey Trainer Lifestyle Trainers
normalized_nike_363.jpg,Nike Court Vision Low Grey Charcoal Trainer Casual Sneakers
normalized_nike_368.jpg,Nike Blazer Mid Grey Red Clean Running Sneakers
normalized_nike_37.jpg,Nike Air Jordan Grey Navy Sport Training Sneakers
normalized_nike_374.jpg,Nike Pegasus Grey Charcoal Modern Training Shoes
normalized_nike_376.jpg,Nike React Runner Black Charcoal Modern Streetwear Shoes
normalized_nike_38.jpg,Nike Blazer Mid Navy Grey Sport Training Sneakers
normalized_nike_381.jpg,Nike Air Max Grey Red Heritage Athletic Shoes
normalized_nike_382.jpg,Nike Dunk Low Grey Charcoal Heritage Athletic Shoes
normalized_nike_383.jpg,Nike Court Vision Low White Black Heritage Athletic Shoes
normalized_nike_384.jpg,Nike Pegasus Grey Red Heritage Lifestyle Shoes
normalized_nike_385.jpg,Nike Revolution Charcoal White Performance Lifestyle Trainers
normalized_nike_386.jpg,Nike React Runner Grey Red Performance Lifestyle Trainers
normalized_nike_387.jpg,Nike Air Jordan Black Grey Performance Casual Trainers
normalized_nike_388.jpg,Nike Blazer Mid Black Charcoal Performance Casual Trainers
normalized_nike_389.jpg,Nike Zoom Navy Grey Performance Casual Trainers
normalized_nike_39.jpg,Nike Zoom Grey Red Sport Streetwear Sneakers
normalized_nike_390.jpg,Nike Air Force 1 Low Grey Blue Performance Running Trainers
normalized_nike_391.jpg,Nike Air Max Green Grey Performance Running Trainers
normalized_nike_4.jpg,Nike Pegasus Grey Charcoal Classic Casual Sneakers
normalized_nike_40.jpg,Nike Air Force 1 Low White Grey Sport Streetwear Sneakers
normalized_nike_400.jpg,Nike Air Force 1 Low Grey Beige Low Top Streetwear Sneakers
normalized_nike_401.jpg,Nike Air Max Black Beige Low Top Streetwear Sneakers
normalized_nike_402.jpg,Nike Dunk Low Black Orange Low Top Court Sneakers
normalized_nike_403.jpg,Nike Court Vision Low Brown Red Low Top Court Sneakers
normalized_nike_404.jpg,Nike Pegasus Black Charcoal Low Top Court Sneakers
normalized_nike_405.jpg,Nike Revolution Black Charcoal Low Top Athletic Sneakers
normalized_nike_406.jpg,Nike React Runner Grey Charcoal Athletic Athletic Sneakers
normalized_nike_407.jpg,Nike Air Jordan Grey Green Athletic Athletic Shoes
normalized_nike_408.jpg,Nike Blazer Mid Black Charcoal Athletic Lifestyle Shoes
normalized_nike_409.jpg,Nike Zoom Grey Brown Athletic Lifestyle Shoes
normalized_nike_41.jpg,Nike Air Max Yellow Grey Sport Streetwear Sneakers
normalized_nike_410.jpg,Nike Air Force 1 Low Navy Blue Athletic Lifestyle Shoes
normalized_nike_411.jpg,Nike Air Max Blue Navy Athletic Casual Shoes
normalized_nike_412.jpg,Nike Dunk Low Pink Black Athletic Casual Shoes
normalized_nike_413.jpg,Nike Court Vision Low Navy Blue Comfort Casual Shoes
normalized_nike_414.jpg,Nike Pegasus Blue Navy Comfort Running Shoes
normalized_nike_418.jpg,Nike Blazer Mid Grey Navy Comfort Basketball Trainers
normalized_nike_419.jpg,Nike Zoom Black Charcoal Comfort Basketball Trainers
normalized_nike_42.jpg,Nike Dunk Low Grey Pink Streetwear Court Sneakers
normalized_nike_420.jpg,Nike Air Force 1 Low Black Charcoal Classic Training Trainers
normalized_nike_421.jpg,Nike Air Max Black Charcoal Classic Training Trainers
normalized_nike_422.jpg,Nike Dunk Low Orange White Classic Training Trainers
normalized_nike_423.jpg,Nike Court Vision Low Red Yellow Classic Streetwear Trainers
normalized_nike_424.jpg,Nike Pegasus Purple Green Classic Streetwear Trainers
normalized_nike_425.jpg,Nike Revolution Black Charcoal Classic Streetwear Trainers
normalized_nike_426.jpg,Nike React Runner Charcoal Black Classic Court Trainers
normalized_nike_427.jpg,Nike Air Jordan Grey Beige Low Court Trainers
normalized_nike_428.jpg,Nike Blazer Mid White Grey Low Court Trainers
normalized_nike_429.jpg,Nike Zoom Red Black Low Athletic Sneakers
normalized_nike_43.jpg,Nike Court Vision Low Green White Streetwear Court Sneakers
normalized_nike_430.jpg,Nike Air Force 1 Low Grey Charcoal Low Athletic Sneakers
normalized_nike_431.jpg,Nike Air Max Grey Brown Low Athletic Sneakers
normalized_nike_432.jpg,Nike Dunk Low Teal Navy Low Lifestyle Sneakers
normalized_nike_433.jpg,Nike Court Vision Low Blue Navy Low Lifestyle Sneakers
normalized_nike_434.jpg,Nike Pegasus Grey Navy Retro Lifestyle Sneakers
normalized_nike_435.jpg,Nike Revolution Grey Charcoal Retro Casual Sneakers
normalized_nike_436.jpg,Nike React Runner Teal Black Retro Casual Sneakers
normalized_nike_437.jpg,Nike Air Jordan Red Pink Retro Casual Sneakers
normalized_nike_438.jpg,Nike Blazer Mid Black Charcoal Retro Running Sneakers
normalized_nike_439.jpg,Nike Zoom Grey Red Retro Running Sneakers
normalized_nike_44.jpg,Nike Pegasus Grey Charcoal Streetwear Court Shoes
normalized_nike_440.jpg,Nike Air Force 1 Low Grey Brown Retro Running Shoes
normalized_nike_441.jpg,Nike Air Max Yellow Brown Mesh Basketball Shoes
normalized_nike_442.jpg,Nike Dunk Low Grey Charcoal Mesh Basketball Shoes
normalized_nike_443.jpg,Nike Court Vision Low Red Grey Mesh Basketball Shoes
normalized_nike_444.jpg,Nike Pegasus Black Charcoal Mesh Training Shoes
normalized_nike_445.jpg,Nike Revolution Grey Black Mesh Training Shoes
normalized_nike_446.jpg,Nike React Runner Grey Red Mesh Training Shoes
normalized_nike_447.jpg,Nike Air Jordan Charcoal Navy Mesh Streetwear Shoes
normalized_nike_448.jpg,Nike Blazer Mid Grey Red Leather Streetwear Shoes
normalized_nike_449.jpg,Nike Zoom Red Charcoal Leather Streetwear Shoes
normalized_nike_45.jpg,Nike Revolution Grey Charcoal Streetwear Athletic Shoes
normalized_nike_450.jpg,Nike Air Force 1 Low Red Black Leather Court Shoes
normalized_nike_451.jpg,Nike Air Max Red Charcoal Leather Court Trainers
normalized_nike_452.jpg,Nike Dunk Low Black Charcoal Leather Court Trainers
normalized_nike_453.jpg,Nike Court Vision Low Black Charcoal Leather Athletic Trainers
normalized_nike_454.jpg,Nike Pegasus Blue Grey Leather Athletic Trainers
normalized_nike_455.jpg,Nike Revolution Grey Brown Sport Athletic Trainers
normalized_nike_456.jpg,Nike React Runner Grey Beige Sport Lifestyle Trainers
normalized_nike_457.jpg,Nike Air Jordan Green Grey Sport Lifestyle Trainers
normalized_nike_458.jpg,Nike Blazer Mid White Grey Sport Lifestyle Trainers
normalized_nike_459.jpg,Nike Zoom Grey Pink Sport Casual Trainers
normalized_nike_46.jpg,Nike React Runner Grey Teal Streetwear Athletic Shoes
normalized_nike_460.jpg,Nike Air Force 1 Low Green Black Sport Casual Trainers
normalized_nike_461.jpg,Nike Air Max Red Grey Sport Casual Trainers
normalized_nike_462.jpg,Nike Dunk Low Red Grey Streetwear Running Sneakers
normalized_nike_463.jpg,Nike Court Vision Low Black Grey Streetwear Running Sneakers
normalized_nike_464.jpg,Nike Pegasus Brown Yellow Streetwear Running Sneakers
normalized_nike_465.jpg,Nike Revolution Grey Red Streetwear Basketball Sneakers
normalized_nike_466.jpg,Nike React Runner Grey Charcoal Streetwear Basketball Sneakers
normalized_nike_467.jpg,Nike Air Jordan Grey Charcoal Streetwear Basketball Sneakers
normalized_nike_468.jpg,Nike Blazer Mid White Grey Streetwear Training Sneakers
normalized_nike_469.jpg,Nike Zoom Navy Brown Cushioned Training Sneakers
normalized_nike_47.jpg,Nike Air Jordan Grey Charcoal Streetwear Athletic Shoes
normalized_nike_470.jpg,Nike Air Force 1 Low Black Charcoal Cushioned Training Sneakers
normalized_nike_471.jpg,Nike Air Max Grey Charcoal Cushioned Streetwear Sneakers
normalized_nike_472.jpg,Nike Dunk Low Navy Grey Cushioned Streetwear Sneakers
normalized_nike_473.jpg,Nike Court Vision Low Charcoal Black Cushioned Streetwear Shoes
normalized_nike_474.jpg,Nike Pegasus Grey Teal Cushioned Court Shoes
normalized_nike_475.jpg,Nike Revolution Brown Yellow Cushioned Court Shoes
normalized_nike_48.jpg,Nike Blazer Mid Grey Red Streetwear Lifestyle Shoes
normalized_nike_481.jpg,Nike Air Max Grey Charcoal Lightweight Lifestyle Shoes
normalized_nike_482.jpg,Nike Dunk Low Grey Charcoal Lightweight Lifestyle Shoes
normalized_nike_483.jpg,Nike Court Vision Low Pink Grey Court Casual Shoes
normalized_nike_484.jpg,Nike Pegasus Grey Yellow Court Casual Trainers
normalized_nike_485.jpg,Nike Revolution Grey Yellow Court Casual Trainers
normalized_nike_486.jpg,Nike React Runner White Grey Court Running Trainers
normalized_nike_487.jpg,Nike Air Jordan Grey Pink Court Running Trainers
normalized_nike_488.jpg,Nike Blazer Mid Green Grey Court Running Trainers
normalized_nike_49.jpg,Nike Zoom White Grey Cushioned Lifestyle Shoes
normalized_nike_492.jpg,Nike Dunk Low Grey Charcoal Runner Training Trainers
normalized_nike_493.jpg,Nike Court Vision Low Blue Grey Runner Training Trainers
normalized_nike_494.jpg,Nike Pegasus Grey Charcoal Runner Training Trainers
normalized_nike_495.jpg,Nike Revolution Grey White Runner Streetwear Sneakers
normalized_nike_496.jpg,Nike React Runner Blue Grey Runner Streetwear Sneakers
normalized_nike_497.jpg,Nike Air Jordan Blue Grey Trainer Streetwear Sneakers
normalized_nike_498.jpg,Nike Blazer Mid Blue Navy Trainer Court Sneakers
normalized_nike_499.jpg,Nike Zoom Grey White Trainer Court Sneakers
normalized_nike_5.jpg,Nike Revolution Charcoal Orange Classic Casual Sneakers
normalized_nike_50.jpg,Nike Air Force 1 Low Grey Charcoal Cushioned Lifestyle Shoes
normalized_nike_500.jpg,Nike Air Force 1 Low Black Brown Trainer Court Sneakers
normalized_nike_501.jpg,Nike Air Max Grey Beige Trainer Athletic Sneakers
normalized_nike_502.jpg,Nike Dunk Low Green Grey Trainer Athletic Sneakers
normalized_nike_503.jpg,Nike Court Vision Low Grey Blue Trainer Athletic Sneakers
normalized_nike_504.jpg,Nike Pegasus Teal Grey Clean Lifestyle Sneakers
normalized_nike_505.jpg,Nike Revolution Black Charcoal Clean Lifestyle Sneakers
normalized_nike_506.jpg,Nike React Runner Green Grey Clean Lifestyle Shoes
normalized_nike_507.jpg,Nike Air Jordan Yellow Grey Clean Casual Shoes
normalized_nike_508.jpg,Nike Blazer Mid Black Grey Clean Casual Shoes
normalized_nike_509.jpg,Nike Zoom Black Charcoal Clean Casual Shoes
normalized_nike_51.jpg,Nike Air Max Black Red Cushioned Casual Shoes
normalized_nike_510.jpg,Nike Air Force 1 Low Red Grey Clean Running Shoes
normalized_nike_511.jpg,Nike Air Max Grey Charcoal Modern Running Shoes
normalized_nike_515.jpg,Nike Revolution Grey Beige Modern Basketball Shoes
normalized_nike_516.jpg,Nike React Runner Navy Grey Modern Training Shoes
normalized_nike_517.jpg,Nike Air Jordan Orange Black Modern Training Trainers
normalized_nike_518.jpg,Nike Blazer Mid Green Black Heritage Training Trainers
normalized_nike_519.jpg,Nike Zoom Grey Teal Heritage Streetwear Trainers
normalized_nike_52.jpg,Nike Dunk Low Grey Red Cushioned Casual Shoes
normalized_nike_53.jpg,Nike Court Vision Low Grey Brown Cushioned Casual Shoes
normalized_nike_54.jpg,Nike Pegasus Grey Black Cushioned Running Shoes
normalized_nike_6.jpg,Nike React Runner Grey Black Classic Running Sneakers
normalized_nike_65.jpg,Nike Revolution Grey Green Court Streetwear Trainers
normalized_nike_7.jpg,Nike Air Jordan Grey Black Low Running Sneakers
normalized_nike_8.jpg,Nike Blazer Mid Grey Charcoal Low Running Sneakers
normalized_nike_9.jpg,Nike Zoom Grey Charcoal Low Basketball Sneakers
resized_all_vans_102.jpg,Vans Authentic Black Charcoal Heritage High Top Sneakers
resized_all_vans_103.jpg,Vans Era Navy Grey Heritage High Top Sneakers
resized_all_vans_104.jpg,Vans Classic Slip-On Yellow White Heritage Casual Sneakers
resized_all_vans_105.jpg,Vans Lowland Charcoal Black Performance Skate Sneakers
resized_all_vans_106.jpg,Vans Ward Charcoal Grey Performance Skate Sneakers
resized_all_vans_107.jpg,Vans Skate Low Charcoal Grey Performance Skate Sneakers
resized_all_vans_108.jpg,Vans Canvas Low White Grey Performance Casual Sneakers
resized_all_vans_11.jpg,Vans Sk8-Hi White Grey Low High Top Skate Shoes
resized_all_vans_110.jpg,Vans Old Skool Red White Performance Casual Shoes
resized_all_vans_111.jpg,Vans Sk8-Hi White Green Performance High Top Skate Shoes
resized_all_vans_112.jpg,Vans Authentic White Black Everyday Lifestyle Shoes
resized_all_vans_113.jpg,Vans Era Black Charcoal Everyday Lifestyle Shoes
resized_all_vans_115.jpg,Vans Lowland Grey Charcoal Everyday Canvas Sneakers
resized_all_vans_119.jpg,Vans Filmore Charcoal Grey Low Top Streetwear Shoes
resized_all_vans_12.jpg,Vans Authentic Black Charcoal Low Streetwear Shoes
resized_all_vans_121.jpg,Vans Sk8-Hi Charcoal Black Low Top High Top Skate Trainers
resized_all_vans_122.jpg,Vans Authentic White Charcoal Low Top Low Top Trainers
resized_all_vans_124.jpg,Vans Classic Slip-On White Charcoal Low Top Casual Trainers
resized_all_vans_125.jpg,Vans Lowland Charcoal Black Low Top High Top Trainers
resized_all_vans_126.jpg,Vans Ward Grey Charcoal Athletic Skate Trainers
resized_all_vans_127.jpg,Vans Skate Low Red White Athletic Skate Trainers
resized_all_vans_129.jpg,Vans Filmore White Teal Athletic Casual Trainers
resized_all_vans_130.jpg,Vans Old Skool White Pink Athletic Casual Trainers
resized_all_vans_131.jpg,Vans Sk8-Hi Charcoal White Athletic High Top Skate Trainers
resized_all_vans_132.jpg,Vans Authentic Charcoal White Athletic Lifestyle Sneakers
resized_all_vans_133.jpg,Vans Era Grey Charcoal Comfort Lifestyle Sneakers
resized_all_vans_134.jpg,Vans Classic Slip-On Charcoal Yellow Comfort Casual Sneakers
resized_all_vans_135.jpg,Vans Lowland Pink Grey Comfort Canvas Sneakers
resized_all_vans_136.jpg,Vans Ward Grey Charcoal Comfort Canvas Sneakers
resized_all_vans_137.jpg,Vans Skate Low Charcoal Grey Comfort Canvas Sneakers
resized_all_vans_139.jpg,Vans Filmore Grey Brown Comfort Streetwear Sneakers
resized_all_vans_140.jpg,Vans Old Skool Grey Charcoal Classic Streetwear Sneakers
resized_all_vans_141.jpg,Vans Sk8-Hi Red White Classic High Top Skate Sneakers
resized_all_vans_142.jpg,Vans Authentic White Grey Classic Low Top Sneakers
resized_all_vans_143.jpg,Vans Era Teal White Classic Low Top Shoes
resized_all_vans_144.jpg,Vans Classic Slip-On Navy Grey Classic Casual Shoes
resized_all_vans_145.jpg,Vans Lowland White Charcoal Classic High Top Shoes
resized_all_vans_146.jpg,Vans Ward White Orange Classic High Top Shoes
resized_all_vans_147.jpg,Vans Skate Low Black White Low Skate Shoes
resized_all_vans_15.jpg,Vans Lowland Black Charcoal Retro Low Top Shoes
resized_all_vans_150.jpg,Vans Old Skool Navy White Low Casual Shoes
resized_all_vans_151.jpg,Vans Sk8-Hi Navy Grey Low High Top Skate Shoes
resized_all_vans_154.jpg,Vans Classic Slip-On Green White Retro Casual Trainers
resized_all_vans_157.jpg,Vans Skate Low Grey Charcoal Retro Canvas Sneakers
resized_all_vans_158.jpg,Vans Canvas Low Black Charcoal Retro Canvas Sneakers
resized_all_vans_159.jpg,Vans Filmore Grey Charcoal Retro Streetwear Trainers
resized_all_vans_160.jpg,Vans Old Skool White Red Retro Streetwear Trainers
resized_all_vans_161.jpg,Vans Sk8-Hi Black Charcoal Mesh High Top Skate Trainers
resized_all_vans_163.jpg,Vans Era Black Charcoal Mesh Low Top Trainers
resized_all_vans_166.jpg,Vans Ward Navy White Mesh High Top Sneakers
resized_all_vans_168.jpg,Vans Canvas Low Navy Grey Leather Skate Sneakers
resized_all_vans_169.jpg,Vans Filmore Navy Grey Leather Skate Sneakers
resized_all_vans_17.jpg,Vans Skate Low Black White Retro Low Top Shoes
resized_all_vans_170.jpg,Vans Old Skool Brown Beige Leather Skate Sneakers
resized_all_vans_171.jpg,Vans Sk8-Hi Red White Leather High Top Skate Sneakers
resized_all_vans_172.jpg,Vans Authentic White Charcoal Leather Casual Sneakers
resized_all_vans_173.jpg,Vans Era Red White Leather Casual Sneakers
resized_all_vans_174.jpg,Vans Classic Slip-On White Grey Leather Casual Sneakers
resized_all_vans_175.jpg,Vans Lowland Navy Charcoal Sport Lifestyle Sneakers
resized_all_vans_176.jpg,Vans Ward Black Charcoal Sport Lifestyle Shoes
resized_all_vans_177.jpg,Vans Skate Low Navy White Sport Canvas Sneakers
resized_all_vans_178.jpg,Vans Canvas Low Charcoal Grey Sport Canvas Sneakers
resized_all_vans_179.jpg,Vans Filmore Red White Sport Canvas Sneakers
resized_all_vans_180.jpg,Vans Old Skool Blue Grey Sport Streetwear Shoes
resized_all_vans_185.jpg,Vans Lowland Black Grey Streetwear Low Top Shoes
resized_all_vans_187.jpg,Vans Skate Low Black Charcoal Streetwear High Top Trainers
resized_all_vans_189.jpg,Vans Filmore Black Charcoal Cushioned Skate Trainers
resized_all_vans_19.jpg,Vans Filmore Black Charcoal Retro High Top Shoes
resized_all_vans_192.jpg,Vans Authentic Black Charcoal Cushioned Casual Trainers
resized_all_vans_193.jpg,Vans Era Black Charcoal Cushioned Casual Trainers
resized_all_vans_194.jpg,Vans Classic Slip-On Brown Black Cushioned Casual Trainers
resized_all_vans_195.jpg,Vans Lowland Grey Charcoal Cushioned Lifestyle Trainers
resized_all_vans_196.jpg,Vans Ward Black Charcoal Lightweight Lifestyle Trainers
resized_all_vans_197.jpg,Vans Skate Low Charcoal Black Lightweight Lifestyle Trainers
resized_all_vans_198.jpg,Vans Canvas Low Charcoal Black Lightweight Canvas Sneakers
resized_all_vans_199.jpg,Vans Filmore Charcoal Black Lightweight Canvas Sneakers
resized_all_vans_20.jpg,Vans Old Skool White Grey Retro High Top Shoes
resized_all_vans_200.jpg,Vans Old Skool Charcoal Black Lightweight Canvas Sneakers
resized_all_vans_201.jpg,Vans Sk8-Hi Charcoal Black Lightweight High Top Skate Sneakers
resized_all_vans_203.jpg,Vans Era Black Charcoal Court Streetwear Sneakers
resized_all_vans_205.jpg,Vans Lowland Black Charcoal Court Low Top Sneakers
resized_all_vans_206.jpg,Vans Ward Brown Red Court Low Top Sneakers
resized_all_vans_207.jpg,Vans Skate Low White Grey Court High Top Sneakers
resized_all_vans_208.jpg,Vans Canvas Low Grey Red Court High Top Sneakers
resized_all_vans_209.jpg,Vans Filmore Green Charcoal Court High Top Shoes
resized_all_vans_21.jpg,Vans Sk8-Hi White Black Mesh High Top Skate Shoes
resized_all_vans_210.jpg,Vans Old Skool White Grey Runner Skate Shoes
resized_all_vans_211.jpg,Vans Sk8-Hi Black Charcoal Runner High Top Skate Shoes
resized_all_vans_212.jpg,Vans Authentic Red Grey Runner Skate Shoes
resized_all_vans_213.jpg,Vans Era White Grey Runner Casual Shoes
resized_all_vans_214.jpg,Vans Classic Slip-On Black White Runner Casual Shoes
resized_all_vans_215.jpg,Vans Lowland White Grey Runner Casual Shoes
resized_all_vans_216.jpg,Vans Ward Grey Charcoal Runner Lifestyle Shoes
resized_all_vans_217.jpg,Vans Skate Low White Grey Trainer Lifestyle Shoes
resized_all_vans_218.jpg,Vans Canvas Low Grey Navy Trainer Lifestyle Shoes
resized_all_vans_220.jpg,Vans Old Skool Blue White Trainer Canvas Sneakers
resized_all_vans_223.jpg,Vans Era Black Charcoal Trainer Streetwear Trainers
resized_all_vans_224.jpg,Vans Classic Slip-On Black Charcoal Clean Casual Trainers
resized_all_vans_225.jpg,Vans Lowland White Navy Clean Low Top Trainers
resized_all_vans_228.jpg,Vans Canvas Low Grey Brown Clean High Top Trainers
resized_all_vans_229.jpg,Vans Filmore Black Charcoal Clean High Top Trainers
resized_all_vans_230.jpg,Vans Old Skool Green White Clean High Top Trainers
resized_all_vans_231.jpg,Vans Sk8-Hi Teal White Modern High Top Skate Sneakers
resized_all_vans_232.jpg,Vans Authentic White Brown Modern Skate Sneakers
resized_all_vans_233.jpg,Vans Era Navy White Modern Skate Sneakers
resized_all_vans_236.jpg,Vans Ward White Red Modern Casual Sneakers
resized_all_vans_238.jpg,Vans Canvas Low Black Charcoal Heritage Lifestyle Sneakers
resized_all_vans_240.jpg,Vans Old Skool White Blue Heritage Canvas Sneakers
resized_all_vans_244.jpg,Vans Classic Slip-On White Grey Heritage Casual Shoes
resized_all_vans_245.jpg,Vans Lowland White Charcoal Performance Streetwear Shoes
resized_all_vans_246.jpg,Vans Ward White Grey Performance Low Top Shoes
resized_all_vans_249.jpg,Vans Filmore Black Charcoal Performance High Top Shoes
resized_all_vans_25.jpg,Vans Lowland White Black Mesh Casual Trainers
resized_all_vans_250.jpg,Vans Old Skool White Teal Performance High Top Shoes
resized_all_vans_251.jpg,Vans Sk8-Hi White Beige Performance High Top Skate Shoes
resized_all_vans_252.jpg,Vans Authentic White Charcoal Everyday Skate Shoes
resized_all_vans_253.jpg,Vans Era White Charcoal Everyday Skate Trainers
resized_all_vans_254.jpg,Vans Classic Slip-On Grey Charcoal Everyday Casual Trainers
resized_all_vans_255.jpg,Vans Lowland Grey Black Everyday Casual Trainers
resized_all_vans_256.jpg,Vans Ward Yellow White Everyday Casual Trainers
resized_all_vans_257.jpg,Vans Skate Low Black Charcoal Everyday Casual Trainers
resized_all_vans_258.jpg,Vans Canvas Low White Black Everyday Lifestyle Trainers
resized_all_vans_259.jpg,Vans Filmore Grey Green Low Top Lifestyle Trainers
resized_all_vans_26.jpg,Vans Ward White Grey Mesh Casual Trainers
resized_all_vans_260.jpg,Vans Old Skool Green Grey Low Top Lifestyle Trainers
resized_all_vans_261.jpg,Vans Sk8-Hi Charcoal White Low Top High Top Skate Trainers
resized_all_vans_262.jpg,Vans Authentic Brown Black Low Top Canvas Sneakers
resized_all_vans_263.jpg,Vans Era Charcoal Black Low Top Canvas Sneakers
resized_all_vans_264.jpg,Vans Classic Slip-On Charcoal Grey Low Top Casual Sneakers
resized_all_vans_265.jpg,Vans Lowland Charcoal White Low Top Streetwear Sneakers
resized_all_vans_266.jpg,Vans Ward Black Navy Athletic Streetwear Sneakers
resized_all_vans_267.jpg,Vans Skate Low Orange White Athletic Low Top Sneakers
resized_all_vans_269.jpg,Vans Filmore Charcoal Black Athletic Low Top Sneakers
resized_all_vans_27.jpg,Vans Skate Low Charcoal White Mesh Lifestyle Trainers
resized_all_vans_270.jpg,Vans Old Skool White Grey Athletic High Top Sneakers
resized_all_vans_271.jpg,Vans Sk8-Hi Charcoal Black Athletic High Top Skate Sneakers
resized_all_vans_272.jpg,Vans Authentic Grey Charcoal Athletic High Top Sneakers
resized_all_vans_273.jpg,Vans Era Charcoal White Comfort Skate Sneakers
resized_all_vans_274.jpg,Vans Classic Slip-On Charcoal Red Comfort Casual Sneakers
resized_all_vans_275.jpg,Vans Lowland White Red Comfort Skate Shoes
resized_all_vans_277.jpg,Vans Skate Low Navy Grey Comfort Casual Shoes
resized_all_vans_278.jpg,Vans Canvas Low White Charcoal Comfort Casual Shoes
resized_all_vans_279.jpg,Vans Filmore Beige Charcoal Comfort Lifestyle Shoes
resized_all_vans_28.jpg,Vans Canvas Low White Black Leather Lifestyle Trainers
resized_all_vans_280.jpg,Vans Old Skool Charcoal Black Classic Lifestyle Shoes
resized_all_vans_281.jpg,Vans Sk8-Hi White Grey Classic High Top Skate Shoes
resized_all_vans_282.jpg,Vans Authentic Charcoal Grey Classic Canvas Sneakers
resized_all_vans_283.jpg,Vans Era Red White Classic Canvas Sneakers
resized_all_vans_284.jpg,Vans Classic Slip-On Charcoal Grey Classic Casual Shoes
resized_all_vans_285.jpg,Vans Lowland White Grey Classic Streetwear Shoes
resized_all_vans_286.jpg,Vans Ward Charcoal White Classic Streetwear Trainers
resized_all_vans_287.jpg,Vans Skate Low Black White Low Streetwear Trainers
resized_all_vans_288.jpg,Vans Canvas Low Charcoal Red Low Low Top Trainers
resized_all_vans_289.jpg,Vans Filmore Black Charcoal Low Low Top Trainers
resized_all_vans_29.jpg,Vans Filmore Navy White Leather Lifestyle Trainers
resized_all_vans_290.jpg,Vans Old Skool Black Charcoal Low Low Top Trainers
resized_all_vans_291.jpg,Vans Sk8-Hi Black Charcoal Low High Top Skate Trainers
resized_all_vans_292.jpg,Vans Authentic Brown Black Low High Top Trainers
resized_all_vans_293.jpg,Vans Era Grey Charcoal Low High Top Trainers
resized_all_vans_294.jpg,Vans Classic Slip-On Black Charcoal Retro Casual Trainers
resized_all_vans_295.jpg,Vans Lowland Charcoal Black Retro Skate Trainers
resized_all_vans_296.jpg,Vans Ward Charcoal Black Retro Skate Trainers
resized_all_vans_297.jpg,Vans Skate Low Charcoal Black Retro Casual Sneakers
resized_all_vans_298.jpg,Vans Canvas Low Charcoal Black Retro Casual Sneakers
resized_all_vans_299.jpg,Vans Filmore Charcoal Black Retro Casual Sneakers
resized_all_vans_301.jpg,Vans Sk8-Hi Black Charcoal Mesh High Top Skate Sneakers
resized_all_vans_303.jpg,Vans Era Black Charcoal Mesh Canvas Sneakers
resized_all_vans_304.jpg,Vans Classic Slip-On Brown Red Mesh Casual Sneakers
resized_all_vans_307.jpg,Vans Skate Low Black Charcoal Mesh Streetwear Sneakers
resized_all_vans_308.jpg,Vans Canvas Low White Charcoal Leather Streetwear Shoes
resized_all_vans_309.jpg,Vans Filmore Black Charcoal Leather Low Top Shoes
resized_all_vans_310.jpg,Vans Old Skool Charcoal Black Leather Low Top Shoes
resized_all_vans_314.jpg,Vans Classic Slip-On Navy White Leather Casual Shoes
resized_all_vans_316.jpg,Vans Ward Red Grey Sport Skate Shoes
resized_all_vans_317.jpg,Vans Skate Low Yellow Brown Sport Skate Shoes
resized_all_vans_318.jpg,Vans Canvas Low Grey Brown Sport Casual Shoes
resized_all_vans_32.jpg,Vans Authentic Grey Charcoal Leather Canvas Sneakers
resized_all_vans_320.jpg,Vans Old Skool Charcoal Grey Sport Casual Trainers
resized_all_vans_321.jpg,Vans Sk8-Hi Charcoal Black Sport High Top Skate Trainers
resized_all_vans_322.jpg,Vans Authentic Charcoal Black Streetwear Lifestyle Trainers
resized_all_vans_323.jpg,Vans Era Grey Charcoal Streetwear Lifestyle Trainers
resized_all_vans_324.jpg,Vans Classic Slip-On Navy White Streetwear Casual Trainers
resized_all_vans_327.jpg,Vans Skate Low Navy White Streetwear Streetwear Trainers
resized_all_vans_328.jpg,Vans Canvas Low Black Orange Streetwear Streetwear Trainers
resized_all_vans_329.jpg,Vans Filmore Blue Navy Cushioned Streetwear Trainers
resized_all_vans_330.jpg,Vans Old Skool Yellow White Cushioned Low Top Sneakers
resized_all_vans_331.jpg,Vans Sk8-Hi White Teal Cushioned High Top Skate Sneakers
resized_all_vans_332.jpg,Vans Authentic Charcoal Black Cushioned Low Top Sneakers
resized_all_vans_333.jpg,Vans Era Black Grey Cushioned High Top Sneakers
resized_all_vans_334.jpg,Vans Classic Slip-On Red Grey Cushioned Casual Sneakers
resized_all_vans_335.jpg,Vans Lowland Charcoal White Cushioned High Top Sneakers
resized_all_vans_336.jpg,Vans Ward Grey Brown Lightweight Skate Sneakers
resized_all_vans_339.jpg,Vans Filmore Grey Charcoal Lightweight Casual Sneakers
resized_all_vans_340.jpg,Vans Old Skool Black Grey Lightweight Casual Sneakers
resized_all_vans_342.jpg,Vans Authentic Charcoal Grey Lightweight Lifestyle Shoes
resized_all_vans_343.jpg,Vans Era Orange Red Court Lifestyle Shoes
resized_all_vans_347.jpg,Vans Skate Low Blue White Court Canvas Sneakers
resized_all_vans_348.jpg,Vans Canvas Low Charcoal Black Court Streetwear Shoes
resized_all_vans_349.jpg,Vans Filmore White Orange Court Streetwear Shoes
resized_all_vans_351.jpg,Vans Sk8-Hi Charcoal White Runner High Top Skate Shoes
resized_all_vans_352.jpg,Vans Authentic Charcoal Grey Runner Low Top Trainers
resized_all_vans_354.jpg,Vans Classic Slip-On Charcoal Black Runner Casual Trainers
resized_all_vans_355.jpg,Vans Lowland Black Charcoal Runner High Top Trainers
resized_all_vans_356.jpg,Vans Ward White Grey Runner High Top Trainers
resized_all_vans_357.jpg,Vans Skate Low Navy White Trainer Skate Trainers
resized_all_vans_358.jpg,Vans Canvas Low Navy Grey Trainer Skate Trainers
resized_all_vans_359.jpg,Vans Filmore Black Grey Trainer Skate Trainers
resized_all_vans_363.jpg,Vans Era Charcoal White Trainer Lifestyle Sneakers
resized_all_vans_364.jpg,Vans Classic Slip-On Black Charcoal Clean Casual Sneakers
resized_all_vans_367.jpg,Vans Skate Low Grey Beige Clean Canvas Sneakers
resized_all_vans_368.jpg,Vans Canvas Low Teal White Clean Canvas Sneakers
resized_all_vans_369.jpg,Vans Filmore Orange White Clean Streetwear Sneakers
resized_all_vans_370.jpg,Vans Old Skool Charcoal Grey Clean Streetwear Sneakers
resized_all_vans_373.jpg,Vans Era White Grey Modern Low Top Sneakers
resized_all_vans_374.jpg,Vans Classic Slip-On Navy Grey Modern Casual Shoes
resized_all_vans_375.jpg,Vans Lowland White Teal Modern High Top Shoes
resized_all_vans_376.jpg,Vans Ward Navy Black Modern High Top Shoes
resized_all_vans_378.jpg,Vans Canvas Low Grey Teal Heritage Skate Shoes
resized_all_vans_380.jpg,Vans Old Skool Grey Brown Heritage Skate Shoes
resized_all_vans_381.jpg,Vans Sk8-Hi Navy Grey Heritage High Top Skate Shoes
resized_all_vans_382.jpg,Vans Authentic Navy White Heritage Casual Shoes
resized_all_vans_383.jpg,Vans Era Navy Black Heritage Casual Shoes
resized_all_vans_384.jpg,Vans Classic Slip-On Charcoal Black Heritage Casual Shoes
resized_all_vans_385.jpg,Vans Lowland Black Green Performance Lifestyle Trainers
resized_all_vans_386.jpg,Vans Ward Brown White Performance Lifestyle Trainers
resized_all_vans_387.jpg,Vans Skate Low Black White Performance Canvas Sneakers
resized_all_vans_389.jpg,Vans Filmore Grey Charcoal Performance Canvas Sneakers
resized_all_vans_39.jpg,Vans Filmore Yellow White Sport High Top Sneakers
resized_all_vans_390.jpg,Vans Old Skool White Grey Performance Streetwear Trainers
resized_all_vans_393.jpg,Vans Era White Grey Everyday Low Top Trainers
resized_all_vans_394.jpg,Vans Classic Slip-On White Grey Everyday Casual Trainers
resized_all_vans_395.jpg,Vans Lowland Blue White Everyday Low Top Trainers
resized_all_vans_396.jpg,Vans Ward Grey Navy Everyday High Top Sneakers
resized_all_vans_397.jpg,Vans Skate Low Charcoal Black Everyday High Top Sneakers
resized_all_vans_398.jpg,Vans Canvas Low Black Grey Everyday High Top Sneakers
resized_all_vans_399.jpg,Vans Filmore Charcoal Grey Low Top Skate Sneakers
resized_all_vans_401.jpg,Vans Sk8-Hi Navy White Low Top High Top Skate Sneakers
resized_all_vans_405.jpg,Vans Lowland Yellow White Low Top Lifestyle Sneakers
resized_all_vans_406.jpg,Vans Ward Black Charcoal Athletic Lifestyle Sneakers
resized_all_vans_407.jpg,Vans Skate Low White Grey Athletic Lifestyle Shoes
resized_all_vans_408.jpg,Vans Canvas Low White Grey Athletic Canvas Sneakers
resized_all_vans_41.jpg,Vans Sk8-Hi Grey Charcoal Sport High Top Skate Sneakers
resized_all_vans_412.jpg,Vans Authentic Navy Grey Athletic Streetwear Shoes
resized_all_vans_413.jpg,Vans Era Grey Charcoal Comfort Streetwear Shoes
resized_all_vans_414.jpg,Vans Classic Slip-On Navy White Comfort Casual Shoes
resized_all_vans_416.jpg,Vans Ward Navy White Comfort Low Top Shoes
resized_all_vans_417.jpg,Vans Skate Low White Charcoal Comfort High Top Shoes
resized_all_vans_418.jpg,Vans Canvas Low Grey Charcoal Comfort High Top Trainers
resized_all_vans_42.jpg,Vans Authentic Charcoal Black Streetwear Skate Sneakers
resized_all_vans_421.jpg,Vans Sk8-Hi Grey Red Classic High Top Skate Trainers
resized_all_vans_422.jpg,Vans Authentic Navy White Classic Skate Trainers
resized_all_vans_423.jpg,Vans Era Red White Classic Casual Trainers
resized_all_vans_426.jpg,Vans Ward Grey Charcoal Classic Lifestyle Trainers
resized_all_vans_427.jpg,Vans Skate Low Black Grey Low Lifestyle Trainers
resized_all_vans_428.jpg,Vans Canvas Low White Grey Low Lifestyle Trainers
resized_all_vans_429.jpg,Vans Filmore White Navy Low Canvas Sneakers
resized_all_vans_431.jpg,Vans Sk8-Hi Navy Grey Low High Top Skate Sneakers
resized_all_vans_432.jpg,Vans Authentic White Grey Low Streetwear Sneakers
resized_all_vans_433.jpg,Vans Era White Grey Low Streetwear Sneakers
resized_all_vans_434.jpg,Vans Classic Slip-On Grey Green Retro Casual Sneakers
resized_all_vans_437.jpg,Vans Skate Low Navy Blue Retro Low Top Sneakers
resized_all_vans_44.jpg,Vans Classic Slip-On Brown Yellow Streetwear Casual Shoes
resized_all_vans_440.jpg,Vans Old Skool Charcoal Black Retro High Top Shoes
resized_all_vans_447.jpg,Vans Skate Low Blue White Mesh Lifestyle Shoes
resized_all_vans_449.jpg,Vans Filmore White Grey Leather Lifestyle Shoes
resized_all_vans_454.jpg,Vans Classic Slip-On Red Grey Leather Casual Trainers
resized_all_vans_458.jpg,Vans Canvas Low Charcoal White Sport Low Top Trainers
resized_all_vans_46.jpg,Vans Ward Charcoal Black Streetwear Casual Shoes
resized_all_vans_461.jpg,Vans Sk8-Hi Grey Beige Sport High Top Skate Trainers
resized_all_vans_463.jpg,Vans Era Green White Streetwear Skate Sneakers
resized_all_vans_465.jpg,Vans Lowland Blue White Streetwear Casual Sneakers
resized_all_vans_471.jpg,Vans Sk8-Hi Navy White Cushioned High Top Skate Sneakers
resized_all_vans_472.jpg,Vans Authentic White Charcoal Cushioned Canvas Sneakers
resized_all_vans_473.jpg,Vans Era Green White Cushioned Canvas Sneakers
resized_all_vans_474.jpg,Vans Classic Slip-On Black White Cushioned Casual Shoes
resized_all_vans_475.jpg,Vans Lowland Navy White Cushioned Streetwear Shoes
resized_all_vans_48.jpg,Vans Canvas Low Navy Grey Streetwear Lifestyle Shoes
resized_all_vans_480.jpg,Vans Old Skool White Black Lightweight High Top Shoes
resized_all_vans_481.jpg,Vans Sk8-Hi Black Charcoal Lightweight High Top Skate Shoes
resized_all_vans_483.jpg,Vans Era Charcoal Black Court Skate Shoes
resized_all_vans_484.jpg,Vans Classic Slip-On Grey Red Court Casual Trainers
resized_all_vans_485.jpg,Vans Lowland Grey Charcoal Court Skate Trainers
resized_all_vans_487.jpg,Vans Skate Low White Red Court Casual Trainers
resized_all_vans_488.jpg,Vans Canvas Low Navy Grey Court Casual Trainers
resized_all_vans_489.jpg,Vans Filmore Charcoal Grey Court Lifestyle Trainers
resized_all_vans_490.jpg,Vans Old Skool Red White Runner Lifestyle Trainers
resized_all_vans_491.jpg,Vans Sk8-Hi Teal White Runner High Top Skate Trainers
resized_all_vans_492.jpg,Vans Authentic Navy Grey Runner Canvas Sneakers
resized_all_vans_495.jpg,Vans Lowland Black White Runner Streetwear Sneakers
resized_all_vans_496.jpg,Vans Ward Charcoal White Runner Streetwear Sneakers
resized_all_vans_497.jpg,Vans Skate Low White Black Trainer Streetwear Sneakers
resized_all_vans_498.jpg,Vans Canvas Low Teal White Trainer Low Top Sneakers
resized_all_vans_499.jpg,Vans Filmore White Grey Trainer Low Top Sneakers
resized_all_vans_50.jpg,Vans Old Skool Charcoal White Cushioned Lifestyle Shoes
resized_all_vans_500.jpg,Vans Old Skool Black Charcoal Trainer Low Top Sneakers
resized_all_vans_501.jpg,Vans Sk8-Hi Black Grey Trainer High Top Skate Sneakers
resized_all_vans_502.jpg,Vans Authentic Navy Beige Trainer High Top Sneakers
resized_all_vans_505.jpg,Vans Lowland Black Grey Clean Skate Sneakers
resized_all_vans_506.jpg,Vans Ward Pink White Clean Skate Shoes
resized_all_vans_507.jpg,Vans Skate Low Charcoal Orange Clean Casual Shoes
resized_all_vans_508.jpg,Vans Canvas Low Grey Beige Clean Casual Shoes
resized_all_vans_513.jpg,Vans Era White Grey Modern Canvas Sneakers
resized_all_vans_514.jpg,Vans Classic Slip-On White Charcoal Modern Casual Shoes
resized_all_vans_515.jpg,Vans Lowland Navy Charcoal Modern Canvas Sneakers
resized_all_vans_516.jpg,Vans Ward Black Charcoal Modern Streetwear Shoes
resized_all_vans_517.jpg,Vans Skate Low White Red Modern Streetwear Trainers
resized_all_vans_518.jpg,Vans Canvas Low White Grey Heritage Streetwear Trainers
resized_all_vans_519.jpg,Vans Filmore Green White Heritage Low Top Trainers
resized_all_vans_52.jpg,Vans Authentic Charcoal Black Cushioned Canvas Sneakers
resized_all_vans_522.jpg,Vans Authentic Navy Black Heritage High Top Trainers
resized_all_vans_523.jpg,Vans Era Charcoal Grey Heritage High Top Trainers
resized_all_vans_524.jpg,Vans Classic Slip-On Orange White Heritage Casual Trainers
resized_all_vans_525.jpg,Vans Lowland Brown White Performance Skate Trainers
resized_all_vans_526.jpg,Vans Ward Charcoal Black Performance Skate Trainers
resized_all_vans_530.jpg,Vans Old Skool Beige Grey Performance Casual Sneakers
resized_all_vans_533.jpg,Vans Era Navy Blue Everyday Lifestyle Sneakers
resized_all_vans_534.jpg,Vans Classic Slip-On Navy Grey Everyday Casual Sneakers
resized_all_vans_535.jpg,Vans Lowland White Grey Everyday Canvas Sneakers
resized_all_vans_54.jpg,Vans Classic Slip-On Charcoal Black Cushioned Casual Shoes
resized_all_vans_541.jpg,Vans Sk8-Hi Blue White Low Top High Top Skate Shoes
resized_all_vans_542.jpg,Vans Authentic Charcoal Black Low Top Low Top Shoes
resized_all_vans_543.jpg,Vans Era Grey Charcoal Low Top High Top Shoes
resized_all_vans_547.jpg,Vans Skate Low White Grey Athletic Skate Shoes
resized_all_vans_548.jpg,Vans Canvas Low White Grey Athletic Skate Shoes
resized_all_vans_549.jpg,Vans Filmore Charcoal Black Athletic Casual Shoes
resized_all_vans_550.jpg,Vans Old Skool Blue White Athletic Casual Trainers
resized_all_vans_551.jpg,Vans Sk8-Hi Navy Grey Athletic High Top Skate Trainers
resized_all_vans_552.jpg,Vans Authentic Charcoal Black Athletic Lifestyle Trainers
resized_all_vans_553.jpg,Vans Era Black White Comfort Lifestyle Trainers
resized_all_vans_554.jpg,Vans Classic Slip-On Black Grey Comfort Casual Trainers
resized_all_vans_555.jpg,Vans Lowland White Navy Comfort Canvas Sneakers
resized_all_vans_557.jpg,Vans Skate Low Beige Grey Comfort Canvas Sneakers
resized_all_vans_558.jpg,Vans Canvas Low White Yellow Comfort Streetwear Trainers
resized_all_vans_559.jpg,Vans Filmore Charcoal Black Comfort Streetwear Trainers
resized_all_vans_56.jpg,Vans Ward White Grey Lightweight Streetwear Trainers
resized_all_vans_560.jpg,Vans Old Skool White Navy Classic Streetwear Trainers
resized_all_vans_564.jpg,Vans Classic Slip-On Grey Charcoal Classic Casual Sneakers
resized_all_vans_566.jpg,Vans Ward Brown Grey Classic High Top Sneakers
resized_all_vans_567.jpg,Vans Skate Low Grey Charcoal Low Skate Sneakers
resized_all_vans_568.jpg,Vans Canvas Low White Grey Low Skate Sneakers
resized_all_vans_569.jpg,Vans Filmore Grey Charcoal Low Skate Sneakers
resized_all_vans_57.jpg,Vans Skate Low Charcoal Black Lightweight Low Top Trainers
resized_all_vans_570.jpg,Vans Old Skool White Brown Low Casual Sneakers
resized_all_vans_573.jpg,Vans Era Grey Black Low Lifestyle Shoes
resized_all_vans_574.jpg,Vans Classic Slip-On Black Charcoal Retro Casual Shoes
resized_all_vans_575.jpg,Vans Lowland Navy Orange Retro Lifestyle Shoes
resized_all_vans_576.jpg,Vans Ward White Grey Retro Canvas Sneakers
resized_all_vans_577.jpg,Vans Skate Low White Yellow Retro Canvas Sneakers
resized_all_vans_582.jpg,Vans Authentic Black White Mesh Low Top Shoes
resized_all_vans_583.jpg,Vans Era Black Charcoal Mesh Lifestyle Shoes
resized_all_vans_584.jpg,Vans Classic Slip-On White Grey Mesh Casual Trainers
resized_all_vans_586.jpg,Vans Ward Black White Mesh High Top Trainers
resized_all_vans_587.jpg,Vans Skate Low Charcoal Black Mesh High Top Trainers
resized_all_vans_588.jpg,Vans Canvas Low White Blue Leather Skate Trainers
resized_all_vans_589.jpg,Vans Filmore Grey Charcoal Leather Skate Trainers
resized_all_vans_59.jpg,Vans Filmore Charcoal Black Lightweight Low Top Trainers
resized_all_vans_590.jpg,Vans Old Skool Black Grey Leather Skate Trainers
resized_all_vans_591.jpg,Vans Sk8-Hi White Blue Leather High Top Skate Trainers
resized_all_vans_592.jpg,Vans Authentic Black Navy Leather Casual Trainers
resized_all_vans_593.jpg,Vans Era Red White Leather Casual Trainers
resized_all_vans_594.jpg,Vans Classic Slip-On Black White Leather Casual Sneakers
resized_all_vans_597.jpg,Vans Skate Low Grey Beige Sport Canvas Sneakers
resized_all_vans_598.jpg,Vans Canvas Low White Beige Sport Canvas Sneakers
resized_all_vans_599.jpg,Vans Filmore Brown Grey Sport Canvas Sneakers
resized_all_vans_60.jpg,Vans Old Skool White Grey Lightweight High Top Trainers
resized_all_vans_600.jpg,Vans Old Skool Grey Charcoal Sport Streetwear Sneakers
resized_all_vans_601.jpg,Vans Sk8-Hi Red White Sport High Top Skate Sneakers
resized_all_vans_602.jpg,Vans Authentic White Grey Streetwear Streetwear Sneakers
resized_all_vans_604.jpg,Vans Classic Slip-On White Grey Streetwear Casual Sneakers
resized_all_vans_607.jpg,Vans Skate Low Grey Yellow Streetwear High Top Shoes
resized_all_vans_608.jpg,Vans Canvas Low Black Charcoal Streetwear High Top Shoes
resized_all_vans_609.jpg,Vans Filmore White Yellow Cushioned Skate Shoes
resized_all_vans_61.jpg,Vans Sk8-Hi Charcoal Black Lightweight High Top Skate Trainers
resized_all_vans_610.jpg,Vans Old Skool Navy Teal Cushioned Skate Shoes
resized_all_vans_611.jpg,Vans Sk8-Hi Black Charcoal Cushioned High Top Skate Shoes
resized_all_vans_615.jpg,Vans Lowland Black Charcoal Cushioned Lifestyle Shoes
resized_all_vans_616.jpg,Vans Ward Teal Black Lightweight Lifestyle Trainers
resized_all_vans_617.jpg,Vans Skate Low White Grey Lightweight Lifestyle Trainers
resized_all_vans_618.jpg,Vans Canvas Low Grey Charcoal Lightweight Canvas Sneakers
resized_all_vans_619.jpg,Vans Filmore Red White Lightweight Canvas Sneakers
resized_all_vans_620.jpg,Vans Old Skool White Charcoal Lightweight Canvas Sneakers
resized_all_vans_622.jpg,Vans Authentic White Charcoal Lightweight Streetwear Trainers
resized_all_vans_623.jpg,Vans Era Red White Court Streetwear Trainers
resized_all_vans_624.jpg,Vans Classic Slip-On White Grey Court Casual Trainers
resized_all_vans_625.jpg,Vans Lowland Charcoal Black Court Low Top Trainers
resized_all_vans_627.jpg,Vans Skate Low Charcoal Grey Court High Top Sneakers
resized_all_vans_631.jpg,Vans Sk8-Hi Black Charcoal Runner High Top Skate Sneakers
resized_all_vans_633.jpg,Vans Era Charcoal Black Runner Casual Sneakers
resized_all_vans_634.jpg,Vans Classic Slip-On Teal White Runner Casual Sneakers
resized_all_vans_635.jpg,Vans Lowland White Orange Runner Casual Sneakers
resized_all_vans_638.jpg,Vans Canvas Low Black Charcoal Trainer Lifestyle Shoes
resized_all_vans_64.jpg,Vans Classic Slip-On Charcoal White Court Casual Trainers
resized_all_vans_641.jpg,Vans Sk8-Hi Navy Grey Trainer High Top Skate Shoes
resized_all_vans_642.jpg,Vans Authentic Grey Charcoal Trainer Streetwear Shoes
resized_all_vans_645.jpg,Vans Lowland Navy Grey Clean Low Top Shoes
resized_all_vans_65.jpg,Vans Lowland Black White Court Skate Trainers
resized_all_vans_650.jpg,Vans Old Skool Grey Yellow Clean High Top Trainers
resized_all_vans_651.jpg,Vans Sk8-Hi Grey Charcoal Modern High Top Skate Trainers
resized_all_vans_652.jpg,Vans Authentic Grey Charcoal Modern Skate Trainers
resized_all_vans_654.jpg,Vans Classic Slip-On Grey Charcoal Modern Casual Trainers
resized_all_vans_655.jpg,Vans Lowland Charcoal Black Modern Casual Trainers
resized_all_vans_656.jpg,Vans Ward Black Navy Modern Casual Trainers
resized_all_vans_657.jpg,Vans Skate Low Black White Modern Lifestyle Trainers
resized_all_vans_658.jpg,Vans Canvas Low Black Grey Heritage Lifestyle Trainers
resized_all_vans_662.jpg,Vans Authentic Brown White Heritage Canvas Sneakers
resized_all_vans_663.jpg,Vans Era Charcoal Black Heritage Streetwear Sneakers
resized_all_vans_664.jpg,Vans Classic Slip-On Navy Grey Heritage Casual Sneakers
resized_all_vans_666.jpg,Vans Ward Black White Performance Low Top Sneakers
resized_all_vans_667.jpg,Vans Skate Low White Blue Performance Low Top Sneakers
resized_all_vans_668.jpg,Vans Canvas Low Black White Performance Low Top Sneakers
resized_all_vans_669.jpg,Vans Filmore Yellow White Performance High Top Sneakers
resized_all_vans_670.jpg,Vans Old Skool White Grey Performance High Top Sneakers
resized_all_vans_671.jpg,Vans Sk8-Hi Charcoal Red Performance High Top Skate Shoes
resized_all_vans_674.jpg,Vans Classic Slip-On Grey Green Everyday Casual Shoes
resized_all_vans_675.jpg,Vans Lowland Teal White Everyday Casual Shoes
resized_all_vans_678.jpg,Vans Canvas Low White Grey Everyday Lifestyle Shoes
resized_all_vans_68.jpg,Vans Canvas Low White Charcoal Court Casual Sneakers
resized_all_vans_684.jpg,Vans Classic Slip-On White Orange Low Top Casual Trainers
resized_all_vans_685.jpg,Vans Lowland White Black Low Top Streetwear Trainers
resized_all_vans_687.jpg,Vans Skate Low Grey Charcoal Athletic Low Top Trainers
resized_all_vans_688.jpg,Vans Canvas Low White Grey Athletic Low Top Trainers
resized_all_vans_69.jpg,Vans Filmore Brown Grey Court Lifestyle Sneakers
resized_all_vans_692.jpg,Vans Authentic Charcoal White Athletic High Top Trainers
resized_all_vans_694.jpg,Vans Classic Slip-On White Black Comfort Casual Sneakers
resized_all_vans_695.jpg,Vans Lowland Grey Brown Comfort Skate Sneakers
resized_all_vans_696.jpg,Vans Ward Grey Charcoal Comfort Casual Sneakers
resized_all_vans_697.jpg,Vans Skate Low Charcoal Black Comfort Casual Sneakers
resized_all_vans_70.jpg,Vans Old Skool Charcoal White Runner Lifestyle Sneakers
resized_all_vans_700.jpg,Vans Old Skool White Grey Classic Lifestyle Sneakers
resized_all_vans_701.jpg,Vans Sk8-Hi Charcoal White Classic High Top Skate Sneakers
resized_all_vans_702.jpg,Vans Authentic Red White Classic Canvas Sneakers
resized_all_vans_703.jpg,Vans Era Teal White Classic Canvas Sneakers
resized_all_vans_704.jpg,Vans Classic Slip-On Charcoal Black Classic Casual Shoes
resized_all_vans_705.jpg,Vans Lowland White Grey Sport Low Top Sneakers
resized_all_vans_707.jpg,Vans Skate Low Charcoal White Low Streetwear Shoes
resized_all_vans_709.jpg,Vans Filmore Brown White Low Low Top Shoes
resized_all_vans_71.jpg,Vans Sk8-Hi Black Charcoal Trainer Casual Trainers
resized_all_vans_711.jpg,Vans Sk8-Hi Charcoal White Low High Top Skate Shoes
resized_all_vans_713.jpg,Vans Era Black White Low High Top Shoes
resized_all_vans_714.jpg,Vans Classic Slip-On Black Orange Retro Casual Shoes
resized_all_vans_715.jpg,Vans Lowland White Grey Retro Skate Trainers
resized_all_vans_716.jpg,Vans Ward White Grey Retro Skate Trainers
resized_all_vans_717.jpg,Vans Skate Low Red White Retro Casual Trainers
resized_all_vans_718.jpg,Vans Canvas Low Orange Green Retro Casual Trainers
resized_all_vans_720.jpg,Vans Old Skool White Red Retro Lifestyle Trainers
resized_all_vans_722.jpg,Vans Authentic Navy Black Mesh Lifestyle Trainers
resized_all_vans_723.jpg,Vans Era White Grey Mesh Canvas Sneakers
resized_all_vans_724.jpg,Vans Classic Slip-On Charcoal White Mesh Casual Trainers
resized_all_vans_727.jpg,Vans Skate Low Grey Charcoal Mesh Streetwear Sneakers
resized_all_vans_728.jpg,Vans Canvas Low Red Grey Leather Streetwear Sneakers
resized_all_vans_729.jpg,Vans Filmore Grey Charcoal Leather Low Top Sneakers
resized_all_vans_730.jpg,Vans Old Skool White Pink Leather Low Top Sneakers
resized_all_vans_732.jpg,Vans Authentic Red Black Leather High Top Sneakers
resized_all_vans_734.jpg,Vans Classic Slip-On White Navy Leather Casual Sneakers
resized_all_vans_737.jpg,Vans Skate Low White Grey Sport Skate Shoes
resized_all_vans_738.jpg,Vans Canvas Low White Red Sport Casual Shoes
resized_all_vans_739.jpg,Vans Filmore Beige Grey Sport Casual Shoes
resized_all_vans_74.jpg,Vans Classic Slip-On White Grey Runner Casual Sneakers
resized_all_vans_740.jpg,Vans Old Skool Charcoal Black Sport Casual Shoes
resized_all_vans_741.jpg,Vans Sk8-Hi Grey Red Sport High Top Skate Shoes
resized_all_vans_742.jpg,Vans Authentic Black Grey Streetwear Lifestyle Shoes
resized_all_vans_743.jpg,Vans Era White Grey Streetwear Lifestyle Shoes
resized_all_vans_744.jpg,Vans Classic Slip-On White Grey Streetwear Casual Shoes
resized_all_vans_745.jpg,Vans Lowland White Grey Streetwear Canvas Sneakers
resized_all_vans_75.jpg,Vans Lowland Charcoal Black Runner Streetwear Sneakers
resized_all_vans_78.jpg,Vans Canvas Low Navy White Trainer Low Top Shoes
resized_all_vans_79.jpg,Vans Filmore Black Charcoal Trainer Low Top Shoes
resized_all_vans_80.jpg,Vans Old Skool Charcoal Brown Trainer Low Top Shoes
resized_all_vans_81.jpg,Vans Sk8-Hi Charcoal Black Trainer High Top Skate Shoes
resized_all_vans_82.jpg,Vans Authentic Beige White Trainer High Top Shoes
resized_all_vans_84.jpg,Vans Classic Slip-On Charcoal Black Clean Casual Shoes
resized_all_vans_85.jpg,Vans Lowland Black Grey Clean Skate Shoes
resized_all_vans_87.jpg,Vans Skate Low White Grey Clean Casual Shoes
resized_all_vans_88.jpg,Vans Canvas Low Orange White Clean Casual Trainers
resized_all_vans_89.jpg,Vans Filmore White Grey Clean Casual Trainers
resized_all_vans_9.jpg,Vans Filmore White Charcoal Low Canvas Sneakers
resized_all_vans_90.jpg,Vans Old Skool White Black Clean Lifestyle Trainers
resized_all_vans_91.jpg,Vans Sk8-Hi Black Charcoal Modern High Top Skate Trainers
resized_all_vans_94.jpg,Vans Classic Slip-On Yellow White Modern Casual Trainers
resized_all_vans_95.jpg,Vans Lowland Beige Brown Modern Canvas Sneakers
resized_all_vans_97.jpg,Vans Skate Low White Grey Modern Streetwear Trainers
resized_all_vans_98.jpg,Vans Canvas Low Charcoal White Heritage Streetwear Trainers
resized_padded_new_newbalance_10.jpg,New Balance 574 Grey Brown Low Casual Sneakers
resized_padded_new_newbalance_100.jpg,New Balance 574 Grey White Heritage Athletic Sneakers
resized_padded_new_newbalance_103.jpg,New Balance 530 Black White Heritage Walking Sneakers
resized_padded_new_newbalance_104.jpg,New Balance Fresh Foam Charcoal Black Heritage Walking Sneakers
resized_padded_new_newbalance_105.jpg,New Balance 2002R Grey Charcoal Performance Lifestyle Sneakers
resized_padded_new_newbalance_106.jpg,New Balance 997H Yellow Black Performance Lifestyle Sneakers
resized_padded_new_newbalance_11.jpg,New Balance 327 White Grey Low Casual Shoes
resized_padded_new_newbalance_110.jpg,New Balance 574 White Grey Performance Running Shoes
resized_padded_new_newbalance_111.jpg,New Balance 327 Grey Charcoal Performance Training Shoes
resized_padded_new_newbalance_112.jpg,New Balance 550 Navy White Everyday Training Shoes
resized_padded_new_newbalance_113.jpg,New Balance 530 Navy White Everyday Training Shoes
resized_padded_new_newbalance_114.jpg,New Balance Fresh Foam Navy Grey Everyday Casual Shoes
resized_padded_new_newbalance_115.jpg,New Balance 2002R Black Navy Everyday Casual Shoes
resized_padded_new_newbalance_118.jpg,New Balance 990 White Grey Everyday Retro Shoes
resized_padded_new_newbalance_119.jpg,New Balance Numeric Navy White Low Top Retro Shoes
resized_padded_new_newbalance_12.jpg,New Balance 550 Beige Brown Low Retro Shoes
resized_padded_new_newbalance_120.jpg,New Balance 574 Navy White Low Top Athletic Shoes
resized_padded_new_newbalance_121.jpg,New Balance 327 Grey Charcoal Low Top Athletic Trainers
resized_padded_new_newbalance_122.jpg,New Balance 550 Black Charcoal Low Top Athletic Trainers
resized_padded_new_newbalance_123.jpg,New Balance 530 White Charcoal Low Top Walking Trainers
resized_padded_new_newbalance_125.jpg,New Balance 2002R Charcoal White Low Top Walking Trainers
resized_padded_new_newbalance_126.jpg,New Balance 997H Charcoal White Athletic Lifestyle Trainers
resized_padded_new_newbalance_129.jpg,New Balance Numeric Charcoal Black Athletic Running Trainers
resized_padded_new_newbalance_13.jpg,New Balance 530 White Grey Low Retro Shoes
resized_padded_new_newbalance_130.jpg,New Balance 574 Brown White Athletic Running Trainers
resized_padded_new_newbalance_131.jpg,New Balance 327 Orange Grey Athletic Running Trainers
resized_padded_new_newbalance_132.jpg,New Balance 550 Teal White Athletic Training Sneakers
resized_padded_new_newbalance_133.jpg,New Balance 530 White Grey Comfort Training Sneakers
resized_padded_new_newbalance_135.jpg,New Balance 2002R Charcoal Grey Comfort Casual Sneakers
resized_padded_new_newbalance_136.jpg,New Balance 997H Grey Blue Comfort Casual Sneakers
resized_padded_new_newbalance_137.jpg,New Balance FuelCell Navy Grey Comfort Casual Sneakers
resized_padded_new_newbalance_138.jpg,New Balance 990 White Red Comfort Retro Sneakers
resized_padded_new_newbalance_139.jpg,New Balance Numeric Charcoal White Comfort Retro Sneakers
resized_padded_new_newbalance_14.jpg,New Balance Fresh Foam Charcoal Black Retro Retro Shoes
resized_padded_new_newbalance_142.jpg,New Balance 550 Charcoal White Classic Athletic Sneakers
resized_padded_new_newbalance_143.jpg,New Balance 530 Charcoal White Classic Athletic Shoes
resized_padded_new_newbalance_144.jpg,New Balance Fresh Foam Brown Orange Classic Walking Shoes
resized_padded_new_newbalance_145.jpg,New Balance 2002R White Grey Classic Walking Shoes
resized_padded_new_newbalance_146.jpg,New Balance 997H Brown Black Classic Walking Shoes
resized_padded_new_newbalance_148.jpg,New Balance 990 Navy White Low Lifestyle Shoes
resized_padded_new_newbalance_149.jpg,New Balance Numeric Yellow Brown Low Lifestyle Shoes
resized_padded_new_newbalance_15.jpg,New Balance 2002R Grey Charcoal Retro Athletic Shoes
resized_padded_new_newbalance_150.jpg,New Balance 574 Navy Grey Low Running Shoes
resized_padded_new_newbalance_151.jpg,New Balance 327 Navy White Low Running Shoes
resized_padded_new_newbalance_152.jpg,New Balance 550 Brown Grey Low Running Shoes
resized_padded_new_newbalance_153.jpg,New Balance 530 Charcoal Black Low Training Shoes
resized_padded_new_newbalance_154.jpg,New Balance Fresh Foam Black White Retro Training Trainers
resized_padded_new_newbalance_155.jpg,New Balance 2002R White Charcoal Retro Training Trainers
resized_padded_new_newbalance_156.jpg,New Balance 997H Red White Retro Casual Trainers
resized_padded_new_newbalance_157.jpg,New Balance FuelCell White Red Retro Casual Trainers
resized_padded_new_newbalance_158.jpg,New Balance 990 Grey Navy Retro Casual Trainers
resized_padded_new_newbalance_159.jpg,New Balance Numeric Beige White Retro Retro Trainers
resized_padded_new_newbalance_16.jpg,New Balance 997H Charcoal Black Retro Athletic Shoes
resized_padded_new_newbalance_160.jpg,New Balance 574 Navy Blue Retro Retro Trainers
resized_padded_new_newbalance_161.jpg,New Balance 327 Green Grey Mesh Retro Trainers
resized_padded_new_newbalance_162.jpg,New Balance 550 Grey Green Mesh Athletic Trainers
resized_padded_new_newbalance_163.jpg,New Balance 530 White Grey Mesh Athletic Trainers
resized_padded_new_newbalance_165.jpg,New Balance 2002R Navy Grey Mesh Walking Sneakers
resized_padded_new_newbalance_166.jpg,New Balance 997H Black White Mesh Walking Sneakers
resized_padded_new_newbalance_168.jpg,New Balance 990 Black White Leather Lifestyle Sneakers
resized_padded_new_newbalance_169.jpg,New Balance Numeric Black White Leather Lifestyle Sneakers
resized_padded_new_newbalance_17.jpg,New Balance FuelCell White Yellow Retro Athletic Shoes
resized_padded_new_newbalance_170.jpg,New Balance 574 Navy White Leather Lifestyle Sneakers
resized_padded_new_newbalance_171.jpg,New Balance 327 Blue White Leather Running Sneakers
resized_padded_new_newbalance_172.jpg,New Balance 550 Grey Navy Leather Running Sneakers
resized_padded_new_newbalance_173.jpg,New Balance 530 White Charcoal Leather Running Sneakers
resized_padded_new_newbalance_174.jpg,New Balance Fresh Foam Orange Charcoal Leather Training Sneakers
resized_padded_new_newbalance_175.jpg,New Balance 2002R Grey Charcoal Sport Training Sneakers
resized_padded_new_newbalance_177.jpg,New Balance FuelCell White Navy Sport Casual Shoes
resized_padded_new_newbalance_178.jpg,New Balance 990 Red Grey Sport Casual Shoes
resized_padded_new_newbalance_18.jpg,New Balance 990 Navy Black Retro Walking Shoes
resized_padded_new_newbalance_180.jpg,New Balance 574 Navy White Sport Retro Shoes
resized_padded_new_newbalance_181.jpg,New Balance 327 Black Brown Sport Retro Shoes
resized_padded_new_newbalance_182.jpg,New Balance 550 Grey Navy Streetwear Retro Shoes
resized_padded_new_newbalance_183.jpg,New Balance 530 Navy White Streetwear Athletic Shoes
resized_padded_new_newbalance_184.jpg,New Balance Fresh Foam Brown Black Streetwear Athletic Shoes
resized_padded_new_newbalance_185.jpg,New Balance 2002R Black Charcoal Streetwear Athletic Shoes
resized_padded_new_newbalance_186.jpg,New Balance 997H White Red Streetwear Walking Shoes
resized_padded_new_newbalance_187.jpg,New Balance FuelCell Green Grey Streetwear Walking Trainers
resized_padded_new_newbalance_188.jpg,New Balance 990 Red White Streetwear Walking Trainers
resized_padded_new_newbalance_19.jpg,New Balance Numeric White Grey Retro Walking Shoes
resized_padded_new_newbalance_190.jpg,New Balance 574 White Grey Cushioned Lifestyle Trainers
resized_padded_new_newbalance_191.jpg,New Balance 327 Black Grey Cushioned Lifestyle Trainers
resized_padded_new_newbalance_192.jpg,New Balance 550 Charcoal Grey Cushioned Running Trainers
resized_padded_new_newbalance_195.jpg,New Balance 2002R Red Brown Cushioned Training Trainers
resized_padded_new_newbalance_196.jpg,New Balance 997H White Beige Lightweight Training Trainers
resized_padded_new_newbalance_197.jpg,New Balance FuelCell White Black Lightweight Training Trainers
resized_padded_new_newbalance_198.jpg,New Balance 990 White Teal Lightweight Casual Sneakers
resized_padded_new_newbalance_199.jpg,New Balance Numeric Orange Brown Lightweight Casual Sneakers
resized_padded_new_newbalance_2.jpg,New Balance 550 White Red Classic Lifestyle Sneakers
resized_padded_new_newbalance_20.jpg,New Balance 574 Black White Retro Walking Shoes
resized_padded_new_newbalance_202.jpg,New Balance 550 Charcoal Black Lightweight Retro Sneakers
resized_padded_new_newbalance_203.jpg,New Balance 530 Charcoal Grey Court Retro Sneakers
resized_padded_new_newbalance_204.jpg,New Balance Fresh Foam Navy Red Court Athletic Sneakers
resized_padded_new_newbalance_205.jpg,New Balance 2002R Navy White Court Athletic Sneakers
resized_padded_new_newbalance_206.jpg,New Balance 997H Charcoal Black Court Athletic Sneakers
resized_padded_new_newbalance_208.jpg,New Balance 990 White Grey Court Walking Sneakers
resized_padded_new_newbalance_21.jpg,New Balance 327 White Beige Mesh Lifestyle Shoes
resized_padded_new_newbalance_210.jpg,New Balance 574 Orange White Runner Lifestyle Shoes
resized_padded_new_newbalance_211.jpg,New Balance 327 Charcoal White Runner Lifestyle Shoes
resized_padded_new_newbalance_212.jpg,New Balance 550 Grey Charcoal Runner Lifestyle Shoes
resized_padded_new_newbalance_213.jpg,New Balance 530 Charcoal White Runner Running Shoes
resized_padded_new_newbalance_214.jpg,New Balance Fresh Foam Grey Purple Runner Running Shoes
resized_padded_new_newbalance_215.jpg,New Balance 2002R White Charcoal Runner Running Shoes
resized_padded_new_newbalance_216.jpg,New Balance 997H Black White Runner Training Shoes
resized_padded_new_newbalance_217.jpg,New Balance FuelCell Black Navy Trainer Training Shoes
resized_padded_new_newbalance_218.jpg,New Balance 990 Grey Charcoal Trainer Training Shoes
resized_padded_new_newbalance_22.jpg,New Balance 550 Navy Black Mesh Lifestyle Trainers
resized_padded_new_newbalance_221.jpg,New Balance 327 Grey Charcoal Trainer Casual Trainers
resized_padded_new_newbalance_222.jpg,New Balance 550 White Grey Trainer Retro Trainers
resized_padded_new_newbalance_224.jpg,New Balance Fresh Foam Black Charcoal Clean Retro Trainers
resized_padded_new_newbalance_225.jpg,New Balance 2002R Red White Clean Athletic Trainers
resized_padded_new_newbalance_226.jpg,New Balance 997H White Navy Clean Athletic Trainers
resized_padded_new_newbalance_228.jpg,New Balance 990 Navy White Clean Walking Trainers
resized_padded_new_newbalance_23.jpg,New Balance 530 White Grey Mesh Lifestyle Trainers
resized_padded_new_newbalance_231.jpg,New Balance 327 Charcoal Grey Modern Lifestyle Sneakers
resized_padded_new_newbalance_232.jpg,New Balance 550 Navy White Modern Lifestyle Sneakers
resized_padded_new_newbalance_234.jpg,New Balance Fresh Foam White Red Modern Running Sneakers
resized_padded_new_newbalance_235.jpg,New Balance 2002R Charcoal White Modern Running Sneakers
resized_padded_new_newbalance_239.jpg,New Balance Numeric Blue Grey Heritage Training Sneakers
resized_padded_new_newbalance_24.jpg,New Balance Fresh Foam Teal White Mesh Running Trainers
resized_padded_new_newbalance_240.jpg,New Balance 574 Red White Heritage Casual Sneakers
resized_padded_new_newbalance_242.jpg,New Balance 550 Red White Heritage Casual Shoes
resized_padded_new_newbalance_243.jpg,New Balance 530 Brown Red Heritage Retro Shoes
resized_padded_new_newbalance_244.jpg,New Balance Fresh Foam Charcoal Black Heritage Retro Shoes
resized_padded_new_newbalance_245.jpg,New Balance 2002R Purple Navy Performance Retro Shoes
resized_padded_new_newbalance_246.jpg,New Balance 997H Beige Charcoal Performance Athletic Shoes
resized_padded_new_newbalance_247.jpg,New Balance FuelCell Grey Yellow Performance Athletic Shoes
resized_padded_new_newbalance_248.jpg,New Balance 990 Red Orange Performance Athletic Shoes
resized_padded_new_newbalance_249.jpg,New Balance Numeric Charcoal Grey Performance Walking Shoes
resized_padded_new_newbalance_25.jpg,New Balance 2002R Grey Green Mesh Running Trainers
resized_padded_new_newbalance_250.jpg,New Balance 574 Grey Charcoal Performance Walking Shoes
resized_padded_new_newbalance_251.jpg,New Balance 327 Charcoal White Performance Walking Shoes
resized_padded_new_newbalance_252.jpg,New Balance 550 Beige Green Everyday Lifestyle Shoes
resized_padded_new_newbalance_253.jpg,New Balance 530 Brown White Everyday Lifestyle Trainers
resized_padded_new_newbalance_257.jpg,New Balance FuelCell Black Charcoal Everyday Running Trainers
resized_padded_new_newbalance_258.jpg,New Balance 990 Navy White Everyday Training Trainers
resized_padded_new_newbalance_260.jpg,New Balance 574 Navy White Low Top Training Trainers
resized_padded_new_newbalance_261.jpg,New Balance 327 Blue Black Low Top Casual Trainers
resized_padded_new_newbalance_262.jpg,New Balance 550 Brown Grey Low Top Casual Trainers
resized_padded_new_newbalance_263.jpg,New Balance 530 Green Grey Low Top Casual Trainers
resized_padded_new_newbalance_264.jpg,New Balance Fresh Foam White Navy Low Top Retro Sneakers
resized_padded_new_newbalance_267.jpg,New Balance FuelCell Grey Navy Athletic Athletic Sneakers
resized_padded_new_newbalance_268.jpg,New Balance 990 White Grey Athletic Athletic Sneakers
resized_padded_new_newbalance_269.jpg,New Balance Numeric White Yellow Athletic Athletic Sneakers
resized_padded_new_newbalance_270.jpg,New Balance 574 White Grey Athletic Walking Sneakers
resized_padded_new_newbalance_271.jpg,New Balance 327 Black Green Athletic Walking Sneakers
resized_padded_new_newbalance_274.jpg,New Balance Fresh Foam Grey Charcoal Comfort Lifestyle Sneakers
resized_padded_new_newbalance_275.jpg,New Balance 2002R Black Charcoal Comfort Lifestyle Shoes
resized_padded_new_newbalance_276.jpg,New Balance 997H White Grey Comfort Running Shoes
resized_padded_new_newbalance_277.jpg,New Balance FuelCell Black Grey Comfort Running Shoes
resized_padded_new_newbalance_278.jpg,New Balance 990 White Orange Comfort Running Shoes
resized_padded_new_newbalance_279.jpg,New Balance Numeric Black White Comfort Training Shoes
resized_padded_new_newbalance_28.jpg,New Balance 990 Charcoal Grey Leather Training Trainers
resized_padded_new_newbalance_280.jpg,New Balance 574 White Black Classic Training Shoes
resized_padded_new_newbalance_281.jpg,New Balance 327 White Grey Classic Training Shoes
resized_padded_new_newbalance_282.jpg,New Balance 550 White Black Classic Casual Shoes
resized_padded_new_newbalance_284.jpg,New Balance Fresh Foam Green White Classic Casual Shoes
resized_padded_new_newbalance_286.jpg,New Balance 997H White Grey Classic Retro Trainers
resized_padded_new_newbalance_287.jpg,New Balance FuelCell White Brown Low Retro Trainers
resized_padded_new_newbalance_289.jpg,New Balance Numeric White Beige Low Athletic Trainers
resized_padded_new_newbalance_29.jpg,New Balance Numeric Black Brown Leather Training Trainers
resized_padded_new_newbalance_290.jpg,New Balance 574 Pink Red Low Athletic Trainers
resized_padded_new_newbalance_293.jpg,New Balance 530 Charcoal Black Low Walking Trainers
resized_padded_new_newbalance_294.jpg,New Balance Fresh Foam Grey Beige Retro Lifestyle Trainers
resized_padded_new_newbalance_295.jpg,New Balance 2002R White Blue Retro Lifestyle Trainers
resized_padded_new_newbalance_296.jpg,New Balance 997H Navy Teal Retro Lifestyle Trainers
resized_padded_new_newbalance_297.jpg,New Balance FuelCell Black Charcoal Retro Running Sneakers
resized_padded_new_newbalance_298.jpg,New Balance 990 Grey Charcoal Retro Running Sneakers
resized_padded_new_newbalance_299.jpg,New Balance Numeric Navy White Retro Running Sneakers
resized_padded_new_newbalance_3.jpg,New Balance 530 Grey Charcoal Classic Running Sneakers
resized_padded_new_newbalance_30.jpg,New Balance 574 Red White Leather Casual Trainers
resized_padded_new_newbalance_300.jpg,New Balance 574 White Yellow Retro Training Sneakers
resized_padded_new_newbalance_32.jpg,New Balance 550 Grey Charcoal Leather Casual Trainers
resized_padded_new_newbalance_33.jpg,New Balance 530 Orange White Leather Retro Sneakers
resized_padded_new_newbalance_34.jpg,New Balance Fresh Foam White Grey Leather Retro Sneakers
resized_padded_new_newbalance_35.jpg,New Balance 2002R Black Charcoal Sport Retro Sneakers
resized_padded_new_newbalance_36.jpg,New Balance 997H Charcoal Grey Sport Athletic Sneakers
resized_padded_new_newbalance_37.jpg,New Balance FuelCell Black White Sport Athletic Sneakers
resized_padded_new_newbalance_38.jpg,New Balance 990 White Teal Sport Athletic Sneakers
resized_padded_new_newbalance_4.jpg,New Balance Fresh Foam White Grey Classic Running Sneakers
resized_padded_new_newbalance_41.jpg,New Balance 327 Charcoal White Sport Walking Sneakers
resized_padded_new_newbalance_42.jpg,New Balance 550 White Grey Streetwear Lifestyle Sneakers
resized_padded_new_newbalance_44.jpg,New Balance Fresh Foam White Charcoal Streetwear Lifestyle Shoes
resized_padded_new_newbalance_45.jpg,New Balance 2002R Black Charcoal Streetwear Running Shoes
resized_padded_new_newbalance_46.jpg,New Balance 997H White Navy Streetwear Running Shoes
resized_padded_new_newbalance_47.jpg,New Balance FuelCell Grey Charcoal Streetwear Running Shoes
resized_padded_new_newbalance_48.jpg,New Balance 990 Teal White Streetwear Training Shoes
resized_padded_new_newbalance_49.jpg,New Balance Numeric Charcoal Black Cushioned Training Shoes
resized_padded_new_newbalance_5.jpg,New Balance 2002R Grey Beige Classic Running Sneakers
resized_padded_new_newbalance_50.jpg,New Balance 574 Black Charcoal Cushioned Training Shoes
resized_padded_new_newbalance_51.jpg,New Balance 327 Black Charcoal Cushioned Casual Shoes
resized_padded_new_newbalance_52.jpg,New Balance 550 Red White Cushioned Casual Shoes
resized_padded_new_newbalance_53.jpg,New Balance 530 Navy White Cushioned Casual Shoes
resized_padded_new_newbalance_54.jpg,New Balance Fresh Foam Grey Charcoal Cushioned Retro Shoes
resized_padded_new_newbalance_55.jpg,New Balance 2002R Navy White Cushioned Retro Trainers
resized_padded_new_newbalance_56.jpg,New Balance 997H White Red Lightweight Retro Trainers
resized_padded_new_newbalance_57.jpg,New Balance FuelCell Charcoal White Lightweight Athletic Trainers
resized_padded_new_newbalance_58.jpg,New Balance 990 Grey Charcoal Lightweight Athletic Trainers
resized_padded_new_newbalance_59.jpg,New Balance Numeric White Grey Lightweight Athletic Trainers
resized_padded_new_newbalance_6.jpg,New Balance 997H Grey Charcoal Classic Training Sneakers
resized_padded_new_newbalance_60.jpg,New Balance 574 Navy Grey Lightweight Walking Trainers
resized_padded_new_newbalance_65.jpg,New Balance 2002R Navy Grey Court Lifestyle Trainers
resized_padded_new_newbalance_66.jpg,New Balance 997H Charcoal Navy Court Running Sneakers
resized_padded_new_newbalance_69.jpg,New Balance Numeric Black Navy Court Training Sneakers
resized_padded_new_newbalance_70.jpg,New Balance 574 Navy Charcoal Runner Training Sneakers
resized_padded_new_newbalance_71.jpg,New Balance 327 Grey Charcoal Runner Training Sneakers
resized_padded_new_newbalance_74.jpg,New Balance Fresh Foam Red Grey Runner Casual Sneakers
resized_padded_new_newbalance_75.jpg,New Balance 2002R White Grey Runner Retro Sneakers
resized_padded_new_newbalance_76.jpg,New Balance 997H Charcoal Black Runner Retro Sneakers
resized_padded_new_newbalance_78.jpg,New Balance 990 Red Grey Trainer Athletic Shoes
resized_padded_new_newbalance_79.jpg,New Balance Numeric Black Grey Trainer Athletic Shoes
resized_padded_new_newbalance_82.jpg,New Balance 550 Grey Black Trainer Walking Shoes
resized_padded_new_newbalance_83.jpg,New Balance 530 Navy White Trainer Walking Shoes
resized_padded_new_newbalance_84.jpg,New Balance Fresh Foam Teal White Clean Lifestyle Shoes
resized_padded_new_newbalance_85.jpg,New Balance 2002R Navy Charcoal Clean Lifestyle Shoes
resized_padded_new_newbalance_86.jpg,New Balance 997H Grey Beige Clean Lifestyle Shoes
resized_padded_new_newbalance_87.jpg,New Balance FuelCell White Beige Clean Running Shoes
resized_padded_new_newbalance_88.jpg,New Balance 990 Red Grey Clean Running Trainers
resized_padded_new_newbalance_89.jpg,New Balance Numeric Grey Black Clean Running Trainers
resized_padded_new_newbalance_9.jpg,New Balance Numeric Grey Charcoal Low Casual Sneakers
resized_padded_new_newbalance_90.jpg,New Balance 574 Navy Black Clean Training Trainers
resized_padded_new_newbalance_91.jpg,New Balance 327 White Grey Modern Training Trainers
resized_padded_new_newbalance_92.jpg,New Balance 550 Charcoal Grey Modern Training Trainers
resized_padded_new_newbalance_93.jpg,New Balance 530 White Grey Modern Casual Trainers
resized_padded_new_newbalance_94.jpg,New Balance Fresh Foam White Navy Modern Casual Trainers
resized_padded_puma_10.jpg,Puma Suede White Charcoal Low Casual Sneakers
resized_padded_puma_105.jpg,Puma Flyer Runner Teal White Performance Lifestyle Sneakers
resized_padded_puma_106.jpg,Puma Cell Black Charcoal Performance Lifestyle Sneakers
resized_padded_puma_107.jpg,Puma Carina Charcoal Grey Performance Lifestyle Sneakers
resized_padded_puma_108.jpg,Puma Roma Charcoal Black Performance Running Sneakers
resized_padded_puma_109.jpg,Puma Rider Navy Grey Performance Running Sneakers
resized_padded_puma_11.jpg,Puma RS-X White Grey Low Casual Shoes
resized_padded_puma_112.jpg,Puma Future Rider Black Charcoal Everyday Training Shoes
resized_padded_puma_113.jpg,Puma Smash Charcoal White Everyday Training Shoes
resized_padded_puma_114.jpg,Puma Caven Charcoal Black Everyday Casual Shoes
resized_padded_puma_115.jpg,Puma Flyer Runner White Purple Everyday Casual Shoes
resized_padded_puma_116.jpg,Puma Cell White Grey Everyday Casual Shoes
resized_padded_puma_118.jpg,Puma Roma Navy White Everyday Court Shoes
resized_padded_puma_119.jpg,Puma Rider Charcoal Black Low Top Court Shoes
resized_padded_puma_12.jpg,Puma Future Rider Navy White Low Court Shoes
resized_padded_puma_121.jpg,Puma RS-X White Charcoal Low Top Athletic Trainers
resized_padded_puma_122.jpg,Puma Future Rider Grey Charcoal Low Top Athletic Trainers
resized_padded_puma_123.jpg,Puma Smash Navy White Low Top Retro Trainers
resized_padded_puma_124.jpg,Puma Caven Black Charcoal Low Top Retro Trainers
resized_padded_puma_126.jpg,Puma Cell Charcoal Black Athletic Lifestyle Trainers
resized_padded_puma_127.jpg,Puma Carina Charcoal Brown Athletic Lifestyle Trainers
resized_padded_puma_129.jpg,Puma Rider Beige White Athletic Running Trainers
resized_padded_puma_13.jpg,Puma Smash White Grey Low Court Shoes
resized_padded_puma_130.jpg,Puma Suede White Grey Athletic Running Trainers
resized_padded_puma_131.jpg,Puma RS-X White Red Athletic Running Trainers
resized_padded_puma_133.jpg,Puma Smash Black White Comfort Training Sneakers
resized_padded_puma_134.jpg,Puma Caven White Grey Comfort Training Sneakers
resized_padded_puma_135.jpg,Puma Flyer Runner Brown Yellow Comfort Casual Sneakers
resized_padded_puma_136.jpg,Puma Cell Charcoal Black Comfort Casual Sneakers
resized_padded_puma_137.jpg,Puma Carina White Charcoal Comfort Casual Sneakers
resized_padded_puma_138.jpg,Puma Roma Navy White Comfort Court Sneakers
resized_padded_puma_139.jpg,Puma Rider Brown White Comfort Court Sneakers
resized_padded_puma_140.jpg,Puma Suede Green Charcoal Classic Court Sneakers
resized_padded_puma_141.jpg,Puma RS-X White Brown Classic Athletic Sneakers
resized_padded_puma_142.jpg,Puma Future Rider White Charcoal Classic Athletic Sneakers
resized_padded_puma_143.jpg,Puma Smash White Black Classic Athletic Shoes
resized_padded_puma_144.jpg,Puma Caven Yellow White Classic Retro Shoes
resized_padded_puma_145.jpg,Puma Flyer Runner White Grey Classic Retro Shoes
resized_padded_puma_146.jpg,Puma Cell White Red Classic Retro Shoes
resized_padded_puma_147.jpg,Puma Carina White Grey Low Lifestyle Shoes
resized_padded_puma_148.jpg,Puma Roma Brown White Low Lifestyle Shoes
resized_padded_puma_149.jpg,Puma Rider White Grey Low Lifestyle Shoes
resized_padded_puma_15.jpg,Puma Flyer Runner Charcoal Black Retro Athletic Shoes
resized_padded_puma_150.jpg,Puma Suede White Black Low Running Shoes
resized_padded_puma_151.jpg,Puma RS-X Black White Low Running Shoes
resized_padded_puma_152.jpg,Puma Future Rider White Grey Low Running Shoes
resized_padded_puma_153.jpg,Puma Smash Charcoal White Low Training Shoes
resized_padded_puma_157.jpg,Puma Carina White Charcoal Retro Casual Trainers
resized_padded_puma_158.jpg,Puma Roma White Grey Retro Casual Trainers
resized_padded_puma_159.jpg,Puma Rider Yellow Beige Retro Court Trainers
resized_padded_puma_16.jpg,Puma Cell White Grey Retro Athletic Shoes
resized_padded_puma_160.jpg,Puma Suede Black White Retro Court Trainers
resized_padded_puma_161.jpg,Puma RS-X Beige Brown Mesh Court Trainers
resized_padded_puma_162.jpg,Puma Future Rider Grey Charcoal Mesh Athletic Trainers
resized_padded_puma_164.jpg,Puma Caven Red Brown Mesh Athletic Trainers
resized_padded_puma_165.jpg,Puma Flyer Runner Charcoal Black Mesh Retro Sneakers
resized_padded_puma_166.jpg,Puma Cell Red White Mesh Retro Sneakers
resized_padded_puma_167.jpg,Puma Carina White Grey Mesh Retro Sneakers
resized_padded_puma_168.jpg,Puma Roma White Grey Leather Lifestyle Sneakers
resized_padded_puma_170.jpg,Puma Suede Grey Teal Leather Lifestyle Sneakers
resized_padded_puma_171.jpg,Puma RS-X White Orange Leather Running Sneakers
resized_padded_puma_173.jpg,Puma Smash Grey Orange Leather Running Sneakers
resized_padded_puma_174.jpg,Puma Caven Black Brown Leather Training Sneakers
resized_padded_puma_175.jpg,Puma Flyer Runner White Grey Sport Training Sneakers
resized_padded_puma_176.jpg,Puma Cell White Charcoal Sport Training Shoes
resized_padded_puma_177.jpg,Puma Carina Charcoal White Sport Casual Shoes
resized_padded_puma_178.jpg,Puma Roma Black Charcoal Sport Casual Shoes
resized_padded_puma_179.jpg,Puma Rider Orange Yellow Sport Casual Shoes
resized_padded_puma_18.jpg,Puma Roma Black Brown Retro Retro Shoes
resized_padded_puma_180.jpg,Puma Suede White Grey Sport Court Shoes
resized_padded_puma_181.jpg,Puma RS-X White Grey Sport Court Shoes
resized_padded_puma_182.jpg,Puma Future Rider Charcoal White Streetwear Court Shoes
resized_padded_puma_183.jpg,Puma Smash White Grey Streetwear Athletic Shoes
resized_padded_puma_184.jpg,Puma Caven White Grey Streetwear Athletic Shoes
resized_padded_puma_185.jpg,Puma Flyer Runner Grey Charcoal Streetwear Athletic Shoes
resized_padded_puma_186.jpg,Puma Cell White Navy Streetwear Retro Shoes
resized_padded_puma_190.jpg,Puma Suede White Grey Cushioned Lifestyle Trainers
resized_padded_puma_193.jpg,Puma Smash White Navy Cushioned Running Trainers
resized_padded_puma_194.jpg,Puma Caven Navy Green Cushioned Running Trainers
resized_padded_puma_195.jpg,Puma Flyer Runner Charcoal Black Cushioned Training Trainers
resized_padded_puma_196.jpg,Puma Cell Green White Lightweight Training Trainers
resized_padded_puma_197.jpg,Puma Carina Navy White Lightweight Training Trainers
resized_padded_puma_198.jpg,Puma Roma Navy Green Lightweight Casual Sneakers
resized_padded_puma_199.jpg,Puma Rider Charcoal Black Lightweight Casual Sneakers
resized_padded_puma_20.jpg,Puma Suede Black White Retro Retro Shoes
resized_padded_puma_201.jpg,Puma RS-X White Blue Lightweight Court Sneakers
resized_padded_puma_203.jpg,Puma Smash Charcoal Black Court Court Sneakers
resized_padded_puma_204.jpg,Puma Caven White Navy Court Athletic Sneakers
resized_padded_puma_205.jpg,Puma Flyer Runner Navy Green Court Athletic Sneakers
resized_padded_puma_206.jpg,Puma Cell Yellow Grey Court Athletic Sneakers
resized_padded_puma_207.jpg,Puma Carina White Grey Court Retro Sneakers
resized_padded_puma_208.jpg,Puma Roma Charcoal White Court Retro Sneakers
resized_padded_puma_209.jpg,Puma Rider Navy White Court Retro Shoes
resized_padded_puma_21.jpg,Puma RS-X Charcoal Black Mesh Lifestyle Shoes
resized_padded_puma_212.jpg,Puma Future Rider Grey Charcoal Runner Lifestyle Shoes
resized_padded_puma_213.jpg,Puma Smash White Brown Runner Running Shoes
resized_padded_puma_215.jpg,Puma Flyer Runner Navy White Runner Running Shoes
resized_padded_puma_216.jpg,Puma Cell Black Brown Runner Training Shoes
resized_padded_puma_217.jpg,Puma Carina Green Navy Trainer Training Shoes
resized_padded_puma_218.jpg,Puma Roma Navy Green Trainer Training Shoes
resized_padded_puma_219.jpg,Puma Rider Charcoal Black Trainer Casual Shoes
resized_padded_puma_22.jpg,Puma Future Rider White Teal Mesh Lifestyle Trainers
resized_padded_puma_222.jpg,Puma Future Rider White Charcoal Trainer Court Trainers
resized_padded_puma_223.jpg,Puma Smash Black White Trainer Court Trainers
resized_padded_puma_224.jpg,Puma Caven Navy White Clean Court Trainers
resized_padded_puma_225.jpg,Puma Flyer Runner Black White Clean Athletic Trainers
resized_padded_puma_226.jpg,Puma Cell Black Charcoal Clean Athletic Trainers
resized_padded_puma_227.jpg,Puma Carina Charcoal White Clean Athletic Trainers
resized_padded_puma_228.jpg,Puma Roma Charcoal Navy Clean Retro Trainers
resized_padded_puma_229.jpg,Puma Rider Yellow Orange Clean Retro Trainers
resized_padded_puma_230.jpg,Puma Suede White Charcoal Clean Retro Trainers
resized_padded_puma_232.jpg,Puma Future Rider Black Charcoal Modern Lifestyle Sneakers
resized_padded_puma_233.jpg,Puma Smash Red Grey Modern Lifestyle Sneakers
resized_padded_puma_234.jpg,Puma Caven White Grey Modern Running Sneakers
resized_padded_puma_235.jpg,Puma Flyer Runner Grey White Modern Running Sneakers
resized_padded_puma_236.jpg,Puma Cell Charcoal Orange Modern Running Sneakers
resized_padded_puma_237.jpg,Puma Carina Grey Charcoal Modern Training Sneakers
resized_padded_puma_238.jpg,Puma Roma Brown Yellow Heritage Training Sneakers
resized_padded_puma_239.jpg,Puma Rider Black Charcoal Heritage Training Sneakers
resized_padded_puma_24.jpg,Puma Caven Grey Charcoal Mesh Running Trainers
resized_padded_puma_240.jpg,Puma Suede Charcoal White Heritage Casual Sneakers
resized_padded_puma_241.jpg,Puma RS-X Navy White Heritage Casual Sneakers
resized_padded_puma_242.jpg,Puma Future Rider Yellow Grey Heritage Casual Shoes
resized_padded_puma_243.jpg,Puma Smash Charcoal Black Heritage Court Shoes
resized_padded_puma_244.jpg,Puma Caven Black Charcoal Heritage Court Shoes
resized_padded_puma_245.jpg,Puma Flyer Runner White Black Performance Court Shoes
resized_padded_puma_246.jpg,Puma Cell Black Charcoal Performance Athletic Shoes
resized_padded_puma_247.jpg,Puma Carina Black White Performance Athletic Shoes
resized_padded_puma_248.jpg,Puma Roma White Grey Performance Athletic Shoes
resized_padded_puma_249.jpg,Puma Rider White Grey Performance Retro Shoes
resized_padded_puma_250.jpg,Puma Suede White Grey Performance Retro Shoes
resized_padded_puma_251.jpg,Puma RS-X Black Charcoal Performance Retro Shoes
resized_padded_puma_252.jpg,Puma Future Rider Grey Orange Everyday Lifestyle Shoes
resized_padded_puma_253.jpg,Puma Smash Navy White Everyday Lifestyle Trainers
resized_padded_puma_254.jpg,Puma Caven Navy Green Everyday Lifestyle Trainers
resized_padded_puma_255.jpg,Puma Flyer Runner Beige Brown Everyday Running Trainers
resized_padded_puma_256.jpg,Puma Cell White Grey Everyday Running Trainers
resized_padded_puma_257.jpg,Puma Carina Navy White Everyday Running Trainers
resized_padded_puma_258.jpg,Puma Roma Black White Everyday Training Trainers
resized_padded_puma_259.jpg,Puma Rider White Charcoal Low Top Training Trainers
resized_padded_puma_260.jpg,Puma Suede Navy White Low Top Training Trainers
resized_padded_puma_261.jpg,Puma RS-X Charcoal White Low Top Casual Trainers
resized_padded_puma_262.jpg,Puma Future Rider Teal Grey Low Top Casual Trainers
resized_padded_puma_263.jpg,Puma Smash White Charcoal Low Top Casual Trainers
resized_padded_puma_264.jpg,Puma Caven Charcoal Black Low Top Court Sneakers
resized_padded_puma_265.jpg,Puma Flyer Runner Charcoal Black Low Top Court Sneakers
resized_padded_puma_266.jpg,Puma Cell Green Navy Athletic Court Sneakers
resized_padded_puma_268.jpg,Puma Roma Navy White Athletic Athletic Sneakers
resized_padded_puma_269.jpg,Puma Rider Charcoal White Athletic Athletic Sneakers
resized_padded_puma_270.jpg,Puma Suede Grey Charcoal Athletic Retro Sneakers
resized_padded_puma_271.jpg,Puma RS-X Charcoal Black Athletic Retro Sneakers
resized_padded_puma_272.jpg,Puma Future Rider Navy Green Athletic Retro Sneakers
resized_padded_puma_273.jpg,Puma Smash Green Navy Comfort Lifestyle Sneakers
resized_padded_puma_274.jpg,Puma Caven White Grey Comfort Lifestyle Sneakers
resized_padded_puma_275.jpg,Puma Flyer Runner White Grey Comfort Lifestyle Shoes
resized_padded_puma_276.jpg,Puma Cell Black Charcoal Comfort Running Shoes
resized_padded_puma_279.jpg,Puma Rider Grey Charcoal Comfort Training Shoes
resized_padded_puma_28.jpg,Puma Roma Charcoal Black Leather Training Trainers
resized_padded_puma_280.jpg,Puma Suede Charcoal Black Classic Training Shoes
resized_padded_puma_281.jpg,Puma RS-X Grey Teal Classic Training Shoes
resized_padded_puma_282.jpg,Puma Future Rider White Grey Classic Casual Shoes
resized_padded_puma_285.jpg,Puma Flyer Runner Green Navy Classic Court Shoes
resized_padded_puma_286.jpg,Puma Cell Charcoal Black Classic Court Trainers
resized_padded_puma_287.jpg,Puma Carina Charcoal Black Low Court Trainers
resized_padded_puma_288.jpg,Puma Roma Navy White Low Athletic Trainers
resized_padded_puma_289.jpg,Puma Rider Charcoal Black Low Athletic Trainers
resized_padded_puma_29.jpg,Puma Rider White Teal Leather Training Trainers
resized_padded_puma_290.jpg,Puma Suede Grey Charcoal Low Athletic Trainers
resized_padded_puma_291.jpg,Puma RS-X White Grey Low Retro Trainers
resized_padded_puma_292.jpg,Puma Future Rider Yellow Grey Low Retro Trainers
resized_padded_puma_293.jpg,Puma Smash Black Charcoal Low Retro Trainers
resized_padded_puma_294.jpg,Puma Caven Grey Charcoal Retro Lifestyle Trainers
resized_padded_puma_295.jpg,Puma Flyer Runner Black Charcoal Retro Lifestyle Trainers
resized_padded_puma_296.jpg,Puma Cell Yellow White Retro Lifestyle Trainers
resized_padded_puma_297.jpg,Puma Carina White Grey Retro Running Sneakers
resized_padded_puma_298.jpg,Puma Roma Red White Retro Running Sneakers
resized_padded_puma_299.jpg,Puma Rider White Red Retro Running Sneakers
resized_padded_puma_3.jpg,Puma Smash White Charcoal Classic Running Sneakers
resized_padded_puma_30.jpg,Puma Suede Grey Beige Leather Casual Trainers
resized_padded_puma_300.jpg,Puma Suede Navy Green Retro Training Sneakers
resized_padded_puma_301.jpg,Puma RS-X Red Black Mesh Training Sneakers
resized_padded_puma_302.jpg,Puma Future Rider Grey Charcoal Mesh Training Sneakers
resized_padded_puma_303.jpg,Puma Smash Black Brown Mesh Casual Sneakers
resized_padded_puma_304.jpg,Puma Caven White Grey Mesh Casual Sneakers
resized_padded_puma_305.jpg,Puma Flyer Runner Charcoal White Mesh Casual Sneakers
resized_padded_puma_306.jpg,Puma Cell White Red Mesh Court Sneakers
resized_padded_puma_307.jpg,Puma Carina Black Charcoal Mesh Court Sneakers
resized_padded_puma_308.jpg,Puma Roma Grey Charcoal Leather Court Shoes
resized_padded_puma_309.jpg,Puma Rider White Grey Leather Athletic Shoes
resized_padded_puma_31.jpg,Puma RS-X Charcoal White Leather Casual Trainers
resized_padded_puma_310.jpg,Puma Suede Green White Leather Athletic Shoes
resized_padded_puma_312.jpg,Puma Future Rider White Blue Leather Retro Shoes
resized_padded_puma_313.jpg,Puma Smash Charcoal White Leather Retro Shoes
resized_padded_puma_314.jpg,Puma Caven Charcoal Black Leather Retro Shoes
resized_padded_puma_315.jpg,Puma Flyer Runner Grey Charcoal Sport Lifestyle Shoes
resized_padded_puma_316.jpg,Puma Cell White Grey Sport Lifestyle Shoes
resized_padded_puma_317.jpg,Puma Carina Navy White Sport Lifestyle Shoes
resized_padded_puma_318.jpg,Puma Roma Charcoal Black Sport Running Shoes
resized_padded_puma_319.jpg,Puma Rider White Grey Sport Running Trainers
resized_padded_puma_32.jpg,Puma Future Rider White Teal Leather Casual Trainers
resized_padded_puma_320.jpg,Puma Suede Black Grey Sport Running Trainers
resized_padded_puma_321.jpg,Puma RS-X Charcoal White Sport Training Trainers
resized_padded_puma_322.jpg,Puma Future Rider Green White Streetwear Training Trainers
resized_padded_puma_324.jpg,Puma Caven Grey Yellow Streetwear Casual Trainers
resized_padded_puma_325.jpg,Puma Flyer Runner Charcoal White Streetwear Casual Trainers
resized_padded_puma_326.jpg,Puma Cell Black White Streetwear Casual Trainers
resized_padded_puma_327.jpg,Puma Carina Navy Red Streetwear Court Trainers
resized_padded_puma_328.jpg,Puma Roma White Charcoal Streetwear Court Trainers
resized_padded_puma_329.jpg,Puma Rider White Grey Cushioned Court Trainers
resized_padded_puma_33.jpg,Puma Smash Charcoal White Leather Court Sneakers
resized_padded_puma_330.jpg,Puma Suede White Charcoal Cushioned Athletic Sneakers
resized_padded_puma_331.jpg,Puma RS-X White Grey Cushioned Athletic Sneakers
resized_padded_puma_332.jpg,Puma Future Rider Black Charcoal Cushioned Athletic Sneakers
resized_padded_puma_333.jpg,Puma Smash Grey Red Cushioned Retro Sneakers
resized_padded_puma_334.jpg,Puma Caven Charcoal Black Cushioned Retro Sneakers
resized_padded_puma_335.jpg,Puma Flyer Runner Black Brown Cushioned Retro Sneakers
resized_padded_puma_336.jpg,Puma Cell Red Yellow Lightweight Lifestyle Sneakers
resized_padded_puma_337.jpg,Puma Carina Grey Orange Lightweight Lifestyle Sneakers
resized_padded_puma_338.jpg,Puma Roma White Purple Lightweight Lifestyle Sneakers
resized_padded_puma_339.jpg,Puma Rider Black Grey Lightweight Running Sneakers
resized_padded_puma_34.jpg,Puma Caven White Charcoal Leather Court Sneakers
resized_padded_puma_341.jpg,Puma RS-X White Grey Lightweight Running Shoes
resized_padded_puma_342.jpg,Puma Future Rider Charcoal White Lightweight Training Shoes
resized_padded_puma_343.jpg,Puma Smash White Grey Court Training Shoes
resized_padded_puma_344.jpg,Puma Caven Charcoal Black Court Training Shoes
resized_padded_puma_345.jpg,Puma Flyer Runner Black Charcoal Court Casual Shoes
resized_padded_puma_346.jpg,Puma Cell Navy Red Court Casual Shoes
resized_padded_puma_347.jpg,Puma Carina Charcoal Grey Court Casual Shoes
resized_padded_puma_348.jpg,Puma Roma Charcoal Black Court Court Shoes
resized_padded_puma_349.jpg,Puma Rider Navy Charcoal Court Court Shoes
resized_padded_puma_35.jpg,Puma Flyer Runner Black Charcoal Sport Court Sneakers
resized_padded_puma_350.jpg,Puma Suede Charcoal Black Runner Court Shoes
resized_padded_puma_351.jpg,Puma RS-X Black Charcoal Runner Athletic Shoes
resized_padded_puma_352.jpg,Puma Future Rider Red White Runner Athletic Trainers
resized_padded_puma_353.jpg,Puma Smash Charcoal Black Runner Athletic Trainers
resized_padded_puma_354.jpg,Puma Caven Charcoal Black Runner Retro Trainers
resized_padded_puma_355.jpg,Puma Flyer Runner Navy Blue Runner Retro Trainers
resized_padded_puma_356.jpg,Puma Cell Navy Green Runner Retro Trainers
resized_padded_puma_357.jpg,Puma Carina Charcoal White Trainer Lifestyle Trainers
resized_padded_puma_358.jpg,Puma Roma White Charcoal Trainer Lifestyle Trainers
resized_padded_puma_359.jpg,Puma Rider Orange Red Trainer Lifestyle Trainers
resized_padded_puma_36.jpg,Puma Cell White Charcoal Sport Athletic Sneakers
resized_padded_puma_360.jpg,Puma Suede Green White Trainer Running Trainers
resized_padded_puma_361.jpg,Puma RS-X Navy White Trainer Running Trainers
resized_padded_puma_362.jpg,Puma Future Rider White Grey Trainer Running Trainers
resized_padded_puma_365.jpg,Puma Flyer Runner Charcoal White Clean Training Sneakers
resized_padded_puma_367.jpg,Puma Carina White Red Clean Casual Sneakers
resized_padded_puma_368.jpg,Puma Roma Charcoal Black Clean Casual Sneakers
resized_padded_puma_369.jpg,Puma Rider Red Grey Clean Court Sneakers
resized_padded_puma_370.jpg,Puma Suede White Navy Clean Court Sneakers
resized_padded_puma_371.jpg,Puma RS-X White Grey Modern Court Sneakers
resized_padded_puma_372.jpg,Puma Future Rider White Grey Modern Athletic Sneakers
resized_padded_puma_373.jpg,Puma Smash Charcoal White Modern Athletic Sneakers
resized_padded_puma_374.jpg,Puma Caven White Charcoal Modern Athletic Shoes
resized_padded_puma_375.jpg,Puma Flyer Runner White Grey Modern Retro Shoes
resized_padded_puma_376.jpg,Puma Cell Green White Modern Retro Shoes
resized_padded_puma_377.jpg,Puma Carina Black Charcoal Modern Retro Shoes
resized_padded_puma_378.jpg,Puma Roma Grey Orange Heritage Lifestyle Shoes
resized_padded_puma_380.jpg,Puma Suede White Charcoal Heritage Lifestyle Shoes
resized_padded_puma_382.jpg,Puma Future Rider White Grey Heritage Running Shoes
resized_padded_puma_383.jpg,Puma Smash Grey Orange Heritage Running Shoes
resized_padded_puma_384.jpg,Puma Caven Black White Heritage Training Shoes
resized_padded_puma_385.jpg,Puma Flyer Runner Charcoal White Performance Training Trainers
resized_padded_puma_386.jpg,Puma Cell Charcoal White Performance Training Trainers
resized_padded_puma_388.jpg,Puma Roma Blue Brown Performance Casual Trainers
resized_padded_puma_389.jpg,Puma Rider Red White Performance Casual Trainers
resized_padded_puma_390.jpg,Puma Suede Green White Performance Court Trainers
resized_padded_puma_391.jpg,Puma RS-X White Grey Performance Court Trainers
resized_padded_puma_392.jpg,Puma Future Rider Grey Charcoal Everyday Court Trainers
resized_padded_puma_394.jpg,Puma Caven Red White Everyday Athletic Trainers
resized_padded_puma_395.jpg,Puma Flyer Runner Green Grey Everyday Athletic Trainers
resized_padded_puma_397.jpg,Puma Carina Grey Green Everyday Retro Sneakers
resized_padded_puma_398.jpg,Puma Roma Black White Everyday Retro Sneakers
resized_padded_puma_399.jpg,Puma Rider Grey Charcoal Low Top Lifestyle Sneakers
resized_padded_puma_4.jpg,Puma Caven White Charcoal Classic Running Sneakers
resized_padded_puma_400.jpg,Puma Suede Grey Orange Low Top Lifestyle Sneakers
resized_padded_puma_401.jpg,Puma RS-X White Grey Low Top Lifestyle Sneakers
resized_padded_puma_402.jpg,Puma Future Rider Navy White Low Top Running Sneakers
resized_padded_puma_403.jpg,Puma Smash Charcoal Black Low Top Running Sneakers
resized_padded_puma_404.jpg,Puma Caven Black White Low Top Running Sneakers
resized_padded_puma_405.jpg,Puma Flyer Runner Charcoal Brown Low Top Training Sneakers
resized_padded_puma_406.jpg,Puma Cell Charcoal Green Athletic Training Sneakers
resized_padded_puma_408.jpg,Puma Roma Green White Athletic Casual Shoes
resized_padded_puma_409.jpg,Puma Rider Navy Green Athletic Casual Shoes
resized_padded_puma_41.jpg,Puma RS-X Brown Yellow Sport Retro Sneakers
resized_padded_puma_410.jpg,Puma Suede Grey Blue Athletic Casual Shoes
resized_padded_puma_411.jpg,Puma RS-X White Black Athletic Court Shoes
resized_padded_puma_412.jpg,Puma Future Rider Navy White Athletic Court Shoes
resized_padded_puma_413.jpg,Puma Smash White Grey Comfort Court Shoes
resized_padded_puma_414.jpg,Puma Caven White Grey Comfort Athletic Shoes
resized_padded_puma_415.jpg,Puma Flyer Runner White Grey Comfort Athletic Shoes
resized_padded_puma_416.jpg,Puma Cell White Grey Comfort Athletic Shoes
resized_padded_puma_417.jpg,Puma Carina White Charcoal Comfort Retro Shoes
resized_padded_puma_418.jpg,Puma Roma Charcoal Black Comfort Retro Trainers
resized_padded_puma_419.jpg,Puma Rider Charcoal Grey Comfort Retro Trainers
resized_padded_puma_42.jpg,Puma Future Rider Charcoal Red Streetwear Lifestyle Sneakers
resized_padded_puma_420.jpg,Puma Suede Black White Classic Lifestyle Trainers
resized_padded_puma_421.jpg,Puma RS-X Charcoal White Classic Lifestyle Trainers
resized_padded_puma_422.jpg,Puma Future Rider Navy White Classic Lifestyle Trainers
resized_padded_puma_423.jpg,Puma Smash White Grey Classic Running Trainers
resized_padded_puma_424.jpg,Puma Caven White Grey Classic Running Trainers
resized_padded_puma_425.jpg,Puma Flyer Runner Charcoal Black Classic Running Trainers
resized_padded_puma_426.jpg,Puma Cell White Charcoal Classic Training Trainers
resized_padded_puma_427.jpg,Puma Carina Navy Charcoal Low Training Trainers
resized_padded_puma_428.jpg,Puma Roma Navy Green Low Training Trainers
resized_padded_puma_429.jpg,Puma Rider Charcoal White Low Casual Sneakers
resized_padded_puma_43.jpg,Puma Smash White Grey Streetwear Lifestyle Sneakers
resized_padded_puma_430.jpg,Puma Suede White Grey Low Casual Sneakers
resized_padded_puma_431.jpg,Puma RS-X White Yellow Low Casual Sneakers
resized_padded_puma_432.jpg,Puma Future Rider Green Blue Low Court Sneakers
resized_padded_puma_433.jpg,Puma Smash White Grey Low Court Sneakers
resized_padded_puma_434.jpg,Puma Caven Charcoal Black Retro Court Sneakers
resized_padded_puma_435.jpg,Puma Flyer Runner Green White Retro Athletic Sneakers
resized_padded_puma_436.jpg,Puma Cell Charcoal Black Retro Athletic Sneakers
resized_padded_puma_437.jpg,Puma Carina Charcoal Black Retro Athletic Sneakers
resized_padded_puma_438.jpg,Puma Roma Charcoal Grey Retro Retro Sneakers
resized_padded_puma_439.jpg,Puma Rider Grey Charcoal Retro Retro Sneakers
resized_padded_puma_44.jpg,Puma Caven White Teal Streetwear Lifestyle Shoes
resized_padded_puma_440.jpg,Puma Suede Green White Retro Retro Shoes
resized_padded_puma_441.jpg,Puma RS-X Grey Orange Mesh Lifestyle Shoes
resized_padded_puma_442.jpg,Puma Future Rider White Grey Mesh Lifestyle Shoes
resized_padded_puma_443.jpg,Puma Smash Green White Mesh Lifestyle Shoes
resized_padded_puma_444.jpg,Puma Caven White Navy Mesh Running Shoes
resized_padded_puma_445.jpg,Puma Flyer Runner Charcoal White Mesh Running Shoes
resized_padded_puma_446.jpg,Puma Cell Green White Mesh Running Shoes
resized_padded_puma_447.jpg,Puma Carina White Charcoal Mesh Training Shoes
resized_padded_puma_448.jpg,Puma Roma Navy White Leather Training Shoes
resized_padded_puma_451.jpg,Puma RS-X Green White Leather Casual Trainers
resized_padded_puma_454.jpg,Puma Caven Charcoal White Leather Court Trainers
resized_padded_puma_455.jpg,Puma Flyer Runner White Grey Sport Court Trainers
resized_padded_puma_458.jpg,Puma Roma White Blue Sport Athletic Trainers
resized_padded_puma_459.jpg,Puma Rider Charcoal Black Sport Retro Trainers
resized_padded_puma_46.jpg,Puma Cell White Charcoal Streetwear Running Shoes
resized_padded_puma_460.jpg,Puma Suede Grey White Sport Retro Trainers
resized_padded_puma_461.jpg,Puma RS-X Charcoal White Sport Retro Trainers
resized_padded_puma_463.jpg,Puma Smash Red Black Streetwear Lifestyle Sneakers
resized_padded_puma_464.jpg,Puma Caven White Grey Streetwear Lifestyle Sneakers
resized_padded_puma_465.jpg,Puma Flyer Runner Charcoal White Streetwear Running Sneakers
resized_padded_puma_467.jpg,Puma Carina Black Charcoal Streetwear Running Sneakers
resized_padded_puma_468.jpg,Puma Roma Grey Red Streetwear Training Sneakers
resized_padded_puma_469.jpg,Puma Rider Pink White Cushioned Training Sneakers
resized_padded_puma_47.jpg,Puma Carina White Charcoal Streetwear Running Shoes
resized_padded_puma_470.jpg,Puma Suede Charcoal White Cushioned Training Sneakers
resized_padded_puma_471.jpg,Puma RS-X Red Orange Cushioned Casual Sneakers
resized_padded_puma_472.jpg,Puma Future Rider Red White Cushioned Casual Sneakers
resized_padded_puma_473.jpg,Puma Smash Charcoal White Cushioned Casual Shoes
resized_padded_puma_474.jpg,Puma Caven Charcoal Black Cushioned Court Shoes
resized_padded_puma_475.jpg,Puma Flyer Runner Red White Cushioned Court Shoes
resized_padded_puma_476.jpg,Puma Cell Green Grey Lightweight Court Shoes
resized_padded_puma_477.jpg,Puma Carina Red White Lightweight Athletic Shoes
resized_padded_puma_478.jpg,Puma Roma Orange Charcoal Lightweight Athletic Shoes
resized_padded_puma_479.jpg,Puma Rider Red White Lightweight Athletic Shoes
resized_padded_puma_48.jpg,Puma Roma White Grey Streetwear Training Shoes
resized_padded_puma_480.jpg,Puma Suede Charcoal White Lightweight Retro Shoes
resized_padded_puma_481.jpg,Puma RS-X Charcoal White Lightweight Retro Shoes
resized_padded_puma_482.jpg,Puma Future Rider Charcoal White Lightweight Retro Shoes
resized_padded_puma_483.jpg,Puma Smash Black Charcoal Court Lifestyle Shoes
resized_padded_puma_484.jpg,Puma Caven Navy Grey Court Lifestyle Trainers
resized_padded_puma_485.jpg,Puma Flyer Runner Charcoal Red Court Lifestyle Trainers
resized_padded_puma_486.jpg,Puma Cell Grey Charcoal Court Running Trainers
resized_padded_puma_487.jpg,Puma Carina White Grey Court Running Trainers
resized_padded_puma_489.jpg,Puma Rider Charcoal Black Court Training Trainers
resized_padded_puma_49.jpg,Puma Rider White Grey Cushioned Training Shoes
resized_padded_puma_491.jpg,Puma RS-X White Grey Runner Training Trainers
resized_padded_puma_492.jpg,Puma Future Rider Navy White Runner Casual Trainers
resized_padded_puma_493.jpg,Puma Smash White Black Runner Casual Trainers
resized_padded_puma_494.jpg,Puma Caven Green White Runner Casual Trainers
resized_padded_puma_495.jpg,Puma Flyer Runner White Grey Runner Court Sneakers
resized_padded_puma_496.jpg,Puma Cell White Grey Runner Court Sneakers
resized_padded_puma_497.jpg,Puma Carina White Grey Trainer Court Sneakers
resized_padded_puma_498.jpg,Puma Roma White Green Trainer Athletic Sneakers
resized_padded_puma_5.jpg,Puma Flyer Runner Charcoal White Classic Running Sneakers
resized_padded_puma_50.jpg,Puma Suede White Green Cushioned Training Shoes
resized_padded_puma_500.jpg,Puma Suede Navy White Trainer Athletic Sneakers
resized_padded_puma_501.jpg,Puma RS-X White Black Trainer Retro Sneakers
resized_padded_puma_502.jpg,Puma Future Rider Orange Green Trainer Retro Sneakers
resized_padded_puma_504.jpg,Puma Caven White Grey Clean Lifestyle Sneakers
resized_padded_puma_505.jpg,Puma Flyer Runner Grey Charcoal Clean Lifestyle Sneakers
resized_padded_puma_506.jpg,Puma Cell White Grey Clean Lifestyle Shoes
resized_padded_puma_507.jpg,Puma Carina Charcoal Brown Clean Running Shoes
resized_padded_puma_508.jpg,Puma Roma Navy Purple Clean Running Shoes
resized_padded_puma_509.jpg,Puma Rider Navy Green Clean Running Shoes
resized_padded_puma_510.jpg,Puma Suede Grey Charcoal Clean Training Shoes
resized_padded_puma_511.jpg,Puma RS-X Charcoal White Modern Training Shoes
resized_padded_puma_512.jpg,Puma Future Rider White Grey Modern Training Shoes
resized_padded_puma_513.jpg,Puma Smash Navy White Modern Casual Shoes
resized_padded_puma_514.jpg,Puma Caven White Grey Modern Casual Shoes
resized_padded_puma_515.jpg,Puma Flyer Runner White Grey Modern Casual Shoes
resized_padded_puma_516.jpg,Puma Cell White Grey Modern Court Shoes
resized_padded_puma_517.jpg,Puma Carina White Teal Modern Court Trainers
resized_padded_puma_518.jpg,Puma Roma Green Charcoal Heritage Court Trainers
resized_padded_puma_519.jpg,Puma Rider Charcoal Black Heritage Athletic Trainers
resized_padded_puma_52.jpg,Puma Future Rider Charcoal Black Cushioned Casual Shoes
resized_padded_puma_521.jpg,Puma RS-X Black White Heritage Athletic Trainers
resized_padded_puma_523.jpg,Puma Smash White Grey Heritage Retro Trainers
resized_padded_puma_524.jpg,Puma Caven Charcoal Black Heritage Retro Trainers
resized_padded_puma_525.jpg,Puma Flyer Runner White Grey Performance Lifestyle Trainers
resized_padded_puma_526.jpg,Puma Cell Grey White Performance Lifestyle Trainers
resized_padded_puma_528.jpg,Puma Roma Green Yellow Performance Running Sneakers
resized_padded_puma_529.jpg,Puma Rider White Black Performance Running Sneakers
resized_padded_puma_53.jpg,Puma Smash White Navy Cushioned Casual Shoes
resized_padded_puma_530.jpg,Puma Suede White Brown Performance Running Sneakers
resized_padded_puma_531.jpg,Puma RS-X Grey Charcoal Performance Training Sneakers
resized_padded_puma_532.jpg,Puma Future Rider White Teal Everyday Training Sneakers
resized_padded_puma_533.jpg,Puma Smash White Brown Everyday Training Sneakers
resized_padded_puma_534.jpg,Puma Caven Grey Green Everyday Casual Sneakers
resized_padded_puma_535.jpg,Puma Flyer Runner Navy White Everyday Casual Sneakers
resized_padded_puma_536.jpg,Puma Cell Charcoal Black Everyday Casual Sneakers
resized_padded_puma_54.jpg,Puma Caven Red Grey Cushioned Court Shoes
resized_padded_puma_540.jpg,Puma Suede Black Charcoal Low Top Athletic Shoes
resized_padded_puma_541.jpg,Puma RS-X Black Charcoal Low Top Athletic Shoes
resized_padded_puma_542.jpg,Puma Future Rider White Navy Low Top Athletic Shoes
resized_padded_puma_543.jpg,Puma Smash White Blue Low Top Retro Shoes
resized_padded_puma_544.jpg,Puma Caven Charcoal Green Low Top Retro Shoes
resized_padded_puma_545.jpg,Puma Flyer Runner Charcoal White Low Top Retro Shoes
resized_padded_puma_546.jpg,Puma Cell White Grey Athletic Lifestyle Shoes
resized_padded_puma_547.jpg,Puma Carina Navy Charcoal Athletic Lifestyle Shoes
resized_padded_puma_548.jpg,Puma Roma Navy White Athletic Lifestyle Shoes
resized_padded_puma_549.jpg,Puma Rider Navy White Athletic Running Shoes
resized_padded_puma_55.jpg,Puma Flyer Runner Brown Yellow Cushioned Court Trainers
resized_padded_puma_550.jpg,Puma Suede Teal Charcoal Athletic Running Trainers
resized_padded_puma_551.jpg,Puma RS-X Red Charcoal Athletic Running Trainers
resized_padded_puma_552.jpg,Puma Future Rider Black Charcoal Athletic Training Trainers
resized_padded_puma_553.jpg,Puma Smash White Red Comfort Training Trainers
resized_padded_puma_554.jpg,Puma Caven Charcoal Black Comfort Training Trainers
resized_padded_puma_555.jpg,Puma Flyer Runner Black Charcoal Comfort Casual Trainers
resized_padded_puma_556.jpg,Puma Cell Charcoal Black Comfort Casual Trainers
resized_padded_puma_557.jpg,Puma Carina Teal White Comfort Casual Trainers
resized_padded_puma_558.jpg,Puma Roma Brown Yellow Comfort Court Trainers
resized_padded_puma_559.jpg,Puma Rider Black Charcoal Comfort Court Trainers
resized_padded_puma_56.jpg,Puma Cell Charcoal Black Lightweight Court Trainers
resized_padded_puma_561.jpg,Puma RS-X White Brown Low Running Sneakers
resized_padded_puma_562.jpg,Puma Future Rider White Grey Classic Athletic Sneakers
resized_padded_puma_563.jpg,Puma Smash Black Charcoal Classic Athletic Sneakers
resized_padded_puma_564.jpg,Puma Caven Grey Charcoal Classic Retro Sneakers
resized_padded_puma_565.jpg,Puma Flyer Runner White Brown Classic Retro Sneakers
resized_padded_puma_566.jpg,Puma Cell Charcoal Grey Classic Retro Sneakers
resized_padded_puma_567.jpg,Puma Carina White Grey Low Lifestyle Sneakers
resized_padded_puma_568.jpg,Puma Roma Blue White Low Lifestyle Sneakers
resized_padded_puma_569.jpg,Puma Rider White Red Low Lifestyle Sneakers
resized_padded_puma_57.jpg,Puma Carina Black White Lightweight Athletic Trainers
resized_padded_puma_570.jpg,Puma Suede Charcoal Black Low Running Sneakers
resized_padded_puma_571.jpg,Puma RS-X Charcoal Black Low Running Sneakers
resized_padded_puma_572.jpg,Puma Future Rider White Grey Clean Athletic Trainers
resized_padded_puma_574.jpg,Puma Caven Black Charcoal Retro Training Shoes
resized_padded_puma_575.jpg,Puma Flyer Runner Charcoal Black Retro Training Shoes
resized_padded_puma_576.jpg,Puma Cell Navy White Retro Casual Shoes
resized_padded_puma_578.jpg,Puma Roma Charcoal White Retro Casual Shoes
resized_padded_puma_579.jpg,Puma Rider White Grey Retro Court Shoes
resized_padded_puma_58.jpg,Puma Roma Black Charcoal Lightweight Athletic Trainers
resized_padded_puma_580.jpg,Puma Suede White Charcoal Retro Court Shoes
resized_padded_puma_581.jpg,Puma RS-X White Grey Mesh Court Shoes
resized_padded_puma_582.jpg,Puma Future Rider Charcoal Black Mesh Athletic Shoes
resized_padded_puma_583.jpg,Puma Smash White Charcoal Mesh Athletic Trainers
resized_padded_puma_585.jpg,Puma Flyer Runner White Grey Mesh Retro Trainers
resized_padded_puma_586.jpg,Puma Cell White Black Mesh Retro Trainers
resized_padded_puma_587.jpg,Puma Carina Charcoal Black Mesh Retro Trainers
resized_padded_puma_588.jpg,Puma Roma Charcoal Black Leather Lifestyle Trainers
resized_padded_puma_589.jpg,Puma Rider Navy Black Leather Lifestyle Trainers
resized_padded_puma_59.jpg,Puma Rider White Black Lightweight Athletic Trainers
resized_padded_puma_590.jpg,Puma Suede White Brown Leather Lifestyle Trainers
resized_padded_puma_591.jpg,Puma RS-X Charcoal Black Leather Running Trainers
resized_padded_puma_592.jpg,Puma Future Rider Black White Leather Running Trainers
resized_padded_puma_593.jpg,Puma Smash Charcoal Grey Leather Running Trainers
resized_padded_puma_594.jpg,Puma Caven Brown White Leather Training Sneakers
resized_padded_puma_595.jpg,Puma Flyer Runner White Grey Performance Lifestyle Shoes
resized_padded_puma_596.jpg,Puma Cell Charcoal Black Sport Training Sneakers
resized_padded_puma_597.jpg,Puma Carina Charcoal Black Sport Casual Sneakers
resized_padded_puma_598.jpg,Puma Roma Navy White Sport Casual Sneakers
resized_padded_puma_599.jpg,Puma Rider Black White Sport Casual Sneakers
resized_padded_puma_6.jpg,Puma Cell Black White Classic Training Sneakers
resized_padded_puma_60.jpg,Puma Suede Black Charcoal Lightweight Retro Trainers
resized_padded_puma_600.jpg,Puma Suede Yellow White Sport Court Sneakers
resized_padded_puma_601.jpg,Puma RS-X White Orange Sport Court Sneakers
resized_padded_puma_602.jpg,Puma Future Rider White Blue Streetwear Court Sneakers
resized_padded_puma_603.jpg,Puma Smash White Red Streetwear Athletic Sneakers
resized_padded_puma_604.jpg,Puma Caven White Navy Streetwear Athletic Sneakers
resized_padded_puma_605.jpg,Puma Flyer Runner Charcoal Grey Streetwear Athletic Shoes
resized_padded_puma_606.jpg,Puma Cell White Grey Streetwear Retro Shoes
resized_padded_puma_607.jpg,Puma Carina White Grey Streetwear Retro Shoes
resized_padded_puma_608.jpg,Puma Roma White Grey Streetwear Retro Shoes
resized_padded_puma_609.jpg,Puma Rider Charcoal White Cushioned Lifestyle Shoes
resized_padded_puma_61.jpg,Puma RS-X Grey Brown Lightweight Retro Trainers
resized_padded_puma_610.jpg,Puma Suede Grey Charcoal Cushioned Lifestyle Shoes
resized_padded_puma_611.jpg,Puma RS-X White Blue Cushioned Lifestyle Shoes
resized_padded_puma_612.jpg,Puma Future Rider Brown Black Cushioned Running Shoes
resized_padded_puma_613.jpg,Puma Smash Grey Beige Cushioned Running Shoes
resized_padded_puma_614.jpg,Puma Caven White Grey Cushioned Running Shoes
resized_padded_puma_615.jpg,Puma Flyer Runner Charcoal White Cushioned Training Shoes
resized_padded_puma_616.jpg,Puma Cell White Charcoal Lightweight Training Trainers
resized_padded_puma_618.jpg,Puma Roma Charcoal Grey Lightweight Casual Trainers
resized_padded_puma_619.jpg,Puma Rider White Grey Lightweight Casual Trainers
resized_padded_puma_620.jpg,Puma Suede Charcoal Black Lightweight Casual Trainers
resized_padded_puma_621.jpg,Puma RS-X Charcoal White Lightweight Court Trainers
resized_padded_puma_622.jpg,Puma Future Rider Yellow Black Lightweight Court Trainers
resized_padded_puma_625.jpg,Puma Flyer Runner Charcoal Black Court Athletic Trainers
resized_padded_puma_626.jpg,Puma Cell Green White Court Athletic Trainers
resized_padded_puma_627.jpg,Puma Carina White Grey Cushioned Court Sneakers
resized_padded_puma_628.jpg,Puma Roma White Grey Court Retro Sneakers
resized_padded_puma_629.jpg,Puma Rider White Grey Court Retro Sneakers
resized_padded_puma_632.jpg,Puma Future Rider White Grey Runner Lifestyle Sneakers
resized_padded_puma_633.jpg,Puma Smash White Grey Runner Running Sneakers
resized_padded_puma_634.jpg,Puma Caven Brown Charcoal Runner Running Sneakers
resized_padded_puma_635.jpg,Puma Flyer Runner White Black Runner Running Sneakers
resized_padded_puma_636.jpg,Puma Cell Beige Orange Runner Training Sneakers
resized_padded_puma_638.jpg,Puma Roma Black White Trainer Training Shoes
resized_padded_puma_639.jpg,Puma Rider White Charcoal Trainer Casual Shoes
resized_padded_puma_64.jpg,Puma Caven Navy White Court Lifestyle Trainers
resized_padded_puma_640.jpg,Puma Suede Charcoal Black Trainer Casual Shoes
resized_padded_puma_641.jpg,Puma RS-X Black White Trainer Casual Shoes
resized_padded_puma_642.jpg,Puma Future Rider White Grey Trainer Court Shoes
resized_padded_puma_643.jpg,Puma Smash Charcoal Black Trainer Court Shoes
resized_padded_puma_644.jpg,Puma Caven Black Charcoal Clean Court Shoes
resized_padded_puma_645.jpg,Puma Flyer Runner Black Charcoal Clean Athletic Shoes
resized_padded_puma_646.jpg,Puma Cell Charcoal Grey Clean Athletic Shoes
resized_padded_puma_647.jpg,Puma Carina Red Black Clean Athletic Shoes
resized_padded_puma_648.jpg,Puma Roma White Grey Clean Retro Shoes
resized_padded_puma_649.jpg,Puma Rider Charcoal Black Clean Retro Trainers
resized_padded_puma_65.jpg,Puma Flyer Runner Charcoal Black Court Lifestyle Trainers
resized_padded_puma_650.jpg,Puma Suede Black Charcoal Clean Retro Trainers
resized_padded_puma_651.jpg,Puma RS-X White Grey Modern Lifestyle Trainers
resized_padded_puma_652.jpg,Puma Future Rider White Blue Modern Lifestyle Trainers
resized_padded_puma_653.jpg,Puma Smash White Navy Modern Lifestyle Trainers
resized_padded_puma_654.jpg,Puma Caven Grey Blue Modern Running Trainers
resized_padded_puma_655.jpg,Puma Flyer Runner Grey Charcoal Modern Running Trainers
resized_padded_puma_656.jpg,Puma Cell Black White Modern Running Trainers
resized_padded_puma_657.jpg,Puma Carina White Grey Modern Training Trainers
resized_padded_puma_68.jpg,Puma Roma White Black Court Running Sneakers
resized_padded_puma_70.jpg,Puma Suede White Black Runner Training Sneakers
resized_padded_puma_72.jpg,Puma Future Rider White Navy Runner Casual Sneakers
resized_padded_puma_73.jpg,Puma Smash White Brown Runner Casual Sneakers
resized_padded_puma_75.jpg,Puma Flyer Runner Charcoal White Runner Court Sneakers
resized_padded_puma_76.jpg,Puma Cell Charcoal Black Runner Court Sneakers
resized_padded_puma_77.jpg,Puma Carina White Grey Trainer Court Shoes
resized_padded_puma_78.jpg,Puma Roma Charcoal White Trainer Athletic Shoes
resized_padded_puma_79.jpg,Puma Rider Black Grey Trainer Athletic Shoes
resized_padded_puma_80.jpg,Puma Suede Charcoal White Trainer Athletic Shoes
resized_padded_puma_81.jpg,Puma RS-X Red White Trainer Retro Shoes
resized_padded_puma_82.jpg,Puma Future Rider White Grey Trainer Retro Shoes
resized_padded_puma_84.jpg,Puma Caven White Pink Clean Lifestyle Shoes
resized_padded_puma_85.jpg,Puma Flyer Runner Charcoal Brown Clean Lifestyle Shoes
resized_padded_puma_87.jpg,Puma Carina Black Grey Clean Running Shoes
resized_padded_puma_89.jpg,Puma Rider Charcoal Black Clean Running Trainers
resized_padded_puma_9.jpg,Puma Rider White Red Low Casual Sneakers
resized_padded_puma_96.jpg,Puma Cell Charcoal White Modern Court Trainers
resized_padded_puma_97.jpg,Puma Carina White Grey Modern Court Trainers
resized_padded_puma_98.jpg,Puma Roma White Grey Heritage Court Trainers
resized_padded_reebok_10.jpg,Reebok Classic Leather White Grey Low Casual Sneakers
resized_padded_reebok_100.jpg,Reebok Classic Leather Yellow White Heritage Athletic Sneakers
resized_padded_reebok_102.jpg,Reebok Royal Glide Grey Teal Heritage Retro Sneakers
resized_padded_reebok_103.jpg,Reebok Nano X Grey Charcoal Heritage Retro Sneakers
resized_padded_reebok_104.jpg,Reebok Energen Run Charcoal Black Heritage Retro Sneakers
resized_padded_reebok_105.jpg,Reebok Zig Dynamica Charcoal White Performance Lifestyle Sneakers
resized_padded_reebok_106.jpg,Reebok Flexagon Charcoal Black Performance Lifestyle Sneakers
resized_padded_reebok_108.jpg,Reebok LX2200 Charcoal Black Performance Training Sneakers
resized_padded_reebok_109.jpg,Reebok Workout Plus White Grey Performance Training Sneakers
resized_padded_reebok_11.jpg,Reebok Club C White Navy Low Casual Shoes
resized_padded_reebok_110.jpg,Reebok Classic Leather White Grey Performance Training Shoes
resized_padded_reebok_111.jpg,Reebok Club C Grey Charcoal Performance Running Shoes
resized_padded_reebok_112.jpg,Reebok Royal Glide Charcoal Black Everyday Running Shoes
resized_padded_reebok_113.jpg,Reebok Nano X Grey Charcoal Everyday Running Shoes
resized_padded_reebok_114.jpg,Reebok Energen Run Navy White Everyday Casual Shoes
resized_padded_reebok_115.jpg,Reebok Zig Dynamica White Grey Everyday Casual Shoes
resized_padded_reebok_116.jpg,Reebok Flexagon Charcoal Black Everyday Casual Shoes
resized_padded_reebok_117.jpg,Reebok Legacy Grey Brown Everyday Court Shoes
resized_padded_reebok_118.jpg,Reebok LX2200 White Blue Everyday Court Shoes
resized_padded_reebok_119.jpg,Reebok Workout Plus White Grey Low Top Court Shoes
resized_padded_reebok_12.jpg,Reebok Royal Glide White Grey Low Court Shoes
resized_padded_reebok_121.jpg,Reebok Club C Charcoal Grey Low Top Athletic Trainers
resized_padded_reebok_122.jpg,Reebok Royal Glide Black Charcoal Low Top Athletic Trainers
resized_padded_reebok_123.jpg,Reebok Nano X White Grey Low Top Retro Trainers
resized_padded_reebok_124.jpg,Reebok Energen Run Charcoal Black Low Top Retro Trainers
resized_padded_reebok_125.jpg,Reebok Zig Dynamica Beige Grey Low Top Retro Trainers
resized_padded_reebok_126.jpg,Reebok Flexagon Navy Grey Athletic Lifestyle Trainers
resized_padded_reebok_127.jpg,Reebok Legacy White Grey Athletic Lifestyle Trainers
resized_padded_reebok_128.jpg,Reebok LX2200 Navy White Athletic Lifestyle Trainers
resized_padded_reebok_129.jpg,Reebok Workout Plus White Grey Athletic Training Trainers
resized_padded_reebok_131.jpg,Reebok Club C Grey Red Athletic Training Trainers
resized_padded_reebok_132.jpg,Reebok Royal Glide White Grey Athletic Running Sneakers
resized_padded_reebok_133.jpg,Reebok Nano X White Grey Comfort Running Sneakers
resized_padded_reebok_135.jpg,Reebok Zig Dynamica Charcoal Grey Comfort Casual Sneakers
resized_padded_reebok_136.jpg,Reebok Flexagon Charcoal Black Comfort Casual Sneakers
resized_padded_reebok_138.jpg,Reebok LX2200 White Grey Comfort Court Sneakers
resized_padded_reebok_139.jpg,Reebok Workout Plus White Grey Comfort Court Sneakers
resized_padded_reebok_14.jpg,Reebok Energen Run White Grey Retro Court Shoes
resized_padded_reebok_140.jpg,Reebok Classic Leather Grey Charcoal Classic Court Sneakers
resized_padded_reebok_141.jpg,Reebok Club C Grey Orange Classic Athletic Sneakers
resized_padded_reebok_142.jpg,Reebok Royal Glide Grey Red Classic Athletic Sneakers
resized_padded_reebok_144.jpg,Reebok Energen Run White Grey Classic Retro Shoes
resized_padded_reebok_145.jpg,Reebok Zig Dynamica Navy White Classic Retro Shoes
resized_padded_reebok_146.jpg,Reebok Flexagon Green White Classic Retro Shoes
resized_padded_reebok_147.jpg,Reebok Legacy Charcoal Black Low Lifestyle Shoes
resized_padded_reebok_149.jpg,Reebok Workout Plus Charcoal Black Low Lifestyle Shoes
resized_padded_reebok_15.jpg,Reebok Zig Dynamica White Grey Retro Athletic Shoes
resized_padded_reebok_150.jpg,Reebok Classic Leather Black Charcoal Low Training Shoes
resized_padded_reebok_151.jpg,Reebok Club C White Grey Low Training Shoes
resized_padded_reebok_152.jpg,Reebok Royal Glide Black Charcoal Low Training Shoes
resized_padded_reebok_153.jpg,Reebok Nano X Grey Charcoal Low Running Shoes
resized_padded_reebok_154.jpg,Reebok Energen Run Navy White Retro Running Trainers
resized_padded_reebok_155.jpg,Reebok Zig Dynamica Grey Charcoal Retro Running Trainers
resized_padded_reebok_157.jpg,Reebok Legacy White Grey Retro Casual Trainers
resized_padded_reebok_158.jpg,Reebok LX2200 Black Charcoal Retro Casual Trainers
resized_padded_reebok_159.jpg,Reebok Workout Plus Grey Charcoal Retro Court Trainers
resized_padded_reebok_16.jpg,Reebok Flexagon White Grey Retro Athletic Shoes
resized_padded_reebok_160.jpg,Reebok Classic Leather Charcoal Grey Retro Court Trainers
resized_padded_reebok_162.jpg,Reebok Royal Glide Red Teal Mesh Athletic Trainers
resized_padded_reebok_163.jpg,Reebok Nano X Grey Charcoal Mesh Athletic Trainers
resized_padded_reebok_164.jpg,Reebok Energen Run White Orange Mesh Athletic Trainers
resized_padded_reebok_165.jpg,Reebok Zig Dynamica Black White Mesh Retro Sneakers
resized_padded_reebok_166.jpg,Reebok Flexagon White Grey Mesh Retro Sneakers
resized_padded_reebok_167.jpg,Reebok Legacy Black Charcoal Mesh Retro Sneakers
resized_padded_reebok_170.jpg,Reebok Classic Leather Charcoal White Leather Lifestyle Sneakers
resized_padded_reebok_171.jpg,Reebok Club C White Grey Leather Training Sneakers
resized_padded_reebok_173.jpg,Reebok Nano X White Grey Leather Training Sneakers
resized_padded_reebok_175.jpg,Reebok Zig Dynamica White Grey Sport Running Sneakers
resized_padded_reebok_176.jpg,Reebok Flexagon White Grey Sport Running Shoes
resized_padded_reebok_177.jpg,Reebok Legacy Grey Charcoal Sport Casual Shoes
resized_padded_reebok_18.jpg,Reebok LX2200 White Grey Retro Retro Shoes
resized_padded_reebok_181.jpg,Reebok Club C Charcoal Green Sport Court Shoes
resized_padded_reebok_182.jpg,Reebok Royal Glide White Grey Streetwear Court Shoes
resized_padded_reebok_183.jpg,Reebok Nano X Charcoal Black Streetwear Athletic Shoes
resized_padded_reebok_184.jpg,Reebok Energen Run White Grey Streetwear Athletic Shoes
resized_padded_reebok_188.jpg,Reebok LX2200 White Grey Streetwear Retro Trainers
resized_padded_reebok_189.jpg,Reebok Workout Plus White Charcoal Cushioned Lifestyle Trainers
resized_padded_reebok_190.jpg,Reebok Classic Leather Black White Cushioned Lifestyle Trainers
resized_padded_reebok_191.jpg,Reebok Club C Grey Navy Cushioned Lifestyle Trainers
resized_padded_reebok_192.jpg,Reebok Royal Glide White Grey Cushioned Training Trainers
resized_padded_reebok_193.jpg,Reebok Nano X Navy Grey Cushioned Training Trainers
resized_padded_reebok_194.jpg,Reebok Energen Run White Grey Cushioned Training Trainers
resized_padded_reebok_195.jpg,Reebok Zig Dynamica Grey Charcoal Cushioned Running Trainers
resized_padded_reebok_196.jpg,Reebok Flexagon Grey Charcoal Lightweight Running Trainers
resized_padded_reebok_198.jpg,Reebok LX2200 Black Charcoal Lightweight Casual Sneakers
resized_padded_reebok_199.jpg,Reebok Workout Plus Grey Charcoal Lightweight Casual Sneakers
resized_padded_reebok_20.jpg,Reebok Classic Leather Black Charcoal Retro Retro Shoes
resized_padded_reebok_200.jpg,Reebok Classic Leather Grey Charcoal Lightweight Casual Sneakers
resized_padded_reebok_201.jpg,Reebok Club C Navy White Lightweight Court Sneakers
resized_padded_reebok_202.jpg,Reebok Royal Glide Navy Grey Lightweight Court Sneakers
resized_padded_reebok_203.jpg,Reebok Nano X White Grey Court Court Sneakers
resized_padded_reebok_204.jpg,Reebok Energen Run White Grey Court Athletic Sneakers
resized_padded_reebok_205.jpg,Reebok Zig Dynamica Grey Blue Court Athletic Sneakers
resized_padded_reebok_206.jpg,Reebok Flexagon Charcoal Grey Court Athletic Sneakers
resized_padded_reebok_207.jpg,Reebok Legacy Grey White Court Retro Sneakers
resized_padded_reebok_208.jpg,Reebok LX2200 White Grey Court Retro Sneakers
resized_padded_reebok_209.jpg,Reebok Workout Plus Black Charcoal Court Retro Shoes
resized_padded_reebok_21.jpg,Reebok Club C Charcoal Black Mesh Lifestyle Shoes
resized_padded_reebok_210.jpg,Reebok Classic Leather Grey Charcoal Runner Lifestyle Shoes
resized_padded_reebok_212.jpg,Reebok Royal Glide White Yellow Runner Lifestyle Shoes
resized_padded_reebok_213.jpg,Reebok Nano X White Grey Runner Training Shoes
resized_padded_reebok_214.jpg,Reebok Energen Run White Grey Runner Training Shoes
resized_padded_reebok_215.jpg,Reebok Zig Dynamica White Grey Runner Training Shoes
resized_padded_reebok_216.jpg,Reebok Flexagon White Grey Runner Running Shoes
resized_padded_reebok_217.jpg,Reebok Legacy Navy Grey Trainer Running Shoes
resized_padded_reebok_218.jpg,Reebok LX2200 White Grey Trainer Running Shoes
resized_padded_reebok_219.jpg,Reebok Workout Plus Black Charcoal Trainer Casual Shoes
resized_padded_reebok_22.jpg,Reebok Royal Glide Charcoal White Mesh Lifestyle Trainers
resized_padded_reebok_220.jpg,Reebok Classic Leather Grey Charcoal Trainer Casual Trainers
resized_padded_reebok_221.jpg,Reebok Club C Navy White Trainer Casual Trainers
resized_padded_reebok_222.jpg,Reebok Royal Glide White Grey Trainer Court Trainers
resized_padded_reebok_223.jpg,Reebok Nano X Grey Red Trainer Court Trainers
resized_padded_reebok_224.jpg,Reebok Energen Run White Beige Clean Court Trainers
resized_padded_reebok_225.jpg,Reebok Zig Dynamica Grey Navy Clean Athletic Trainers
resized_padded_reebok_226.jpg,Reebok Flexagon White Grey Clean Athletic Trainers
resized_padded_reebok_227.jpg,Reebok Legacy Red Charcoal Clean Athletic Trainers
resized_padded_reebok_228.jpg,Reebok LX2200 Charcoal Black Clean Retro Trainers
resized_padded_reebok_229.jpg,Reebok Workout Plus White Grey Clean Retro Trainers
resized_padded_reebok_23.jpg,Reebok Nano X White Grey Mesh Lifestyle Trainers
resized_padded_reebok_231.jpg,Reebok Club C Charcoal Grey Modern Lifestyle Sneakers
resized_padded_reebok_232.jpg,Reebok Royal Glide Black Charcoal Modern Lifestyle Sneakers
resized_padded_reebok_233.jpg,Reebok Nano X White Grey Modern Lifestyle Sneakers
resized_padded_reebok_234.jpg,Reebok Energen Run Grey Charcoal Modern Training Sneakers
resized_padded_reebok_235.jpg,Reebok Zig Dynamica White Grey Modern Training Sneakers
resized_padded_reebok_236.jpg,Reebok Flexagon White Grey Modern Training Sneakers
resized_padded_reebok_237.jpg,Reebok Legacy Charcoal Teal Modern Running Sneakers
resized_padded_reebok_239.jpg,Reebok Workout Plus Red Brown Heritage Running Sneakers
resized_padded_reebok_24.jpg,Reebok Energen Run Grey Brown Mesh Training Trainers
resized_padded_reebok_240.jpg,Reebok Classic Leather Charcoal Black Heritage Casual Sneakers
resized_padded_reebok_241.jpg,Reebok Club C Navy Grey Heritage Casual Sneakers
resized_padded_reebok_242.jpg,Reebok Royal Glide White Red Heritage Casual Shoes
resized_padded_reebok_243.jpg,Reebok Nano X Black Charcoal Heritage Court Shoes
resized_padded_reebok_244.jpg,Reebok Energen Run Navy Charcoal Heritage Court Shoes
resized_padded_reebok_245.jpg,Reebok Zig Dynamica White Grey Performance Court Shoes
resized_padded_reebok_247.jpg,Reebok Legacy Grey Charcoal Performance Athletic Shoes
resized_padded_reebok_248.jpg,Reebok LX2200 Blue White Performance Athletic Shoes
resized_padded_reebok_249.jpg,Reebok Workout Plus Navy White Performance Retro Shoes
resized_padded_reebok_250.jpg,Reebok Classic Leather Black Charcoal Performance Retro Shoes
resized_padded_reebok_252.jpg,Reebok Royal Glide Grey Charcoal Everyday Lifestyle Shoes
resized_padded_reebok_253.jpg,Reebok Nano X Charcoal Grey Everyday Lifestyle Trainers
resized_padded_reebok_255.jpg,Reebok Zig Dynamica Charcoal Black Everyday Training Trainers
resized_padded_reebok_256.jpg,Reebok Flexagon Charcoal Black Everyday Training Trainers
resized_padded_reebok_258.jpg,Reebok LX2200 Yellow Black Everyday Running Trainers
resized_padded_reebok_259.jpg,Reebok Workout Plus Brown Charcoal Low Top Running Trainers
resized_padded_reebok_260.jpg,Reebok Classic Leather Charcoal Grey Low Top Running Trainers
resized_padded_reebok_261.jpg,Reebok Club C Grey Navy Low Top Casual Trainers
resized_padded_reebok_262.jpg,Reebok Royal Glide Grey Blue Low Top Casual Trainers
resized_padded_reebok_263.jpg,Reebok Nano X Grey Red Low Top Casual Trainers
resized_padded_reebok_264.jpg,Reebok Energen Run Navy Grey Low Top Court Sneakers
resized_padded_reebok_265.jpg,Reebok Zig Dynamica Grey Red Low Top Court Sneakers
resized_padded_reebok_268.jpg,Reebok LX2200 Charcoal White Athletic Athletic Sneakers
resized_padded_reebok_269.jpg,Reebok Workout Plus Grey Charcoal Athletic Athletic Sneakers
resized_padded_reebok_271.jpg,Reebok Club C Grey Green Athletic Retro Sneakers
resized_padded_reebok_275.jpg,Reebok Zig Dynamica Red Grey Comfort Lifestyle Shoes
resized_padded_reebok_278.jpg,Reebok LX2200 Teal Navy Comfort Training Shoes
resized_padded_reebok_279.jpg,Reebok Workout Plus Grey Charcoal Comfort Running Shoes
resized_padded_reebok_28.jpg,Reebok LX2200 White Grey Leather Running Trainers
resized_padded_reebok_280.jpg,Reebok Classic Leather Navy White Classic Running Shoes
resized_padded_reebok_281.jpg,Reebok Club C Grey Navy Classic Running Shoes
resized_padded_reebok_282.jpg,Reebok Royal Glide Red Green Classic Casual Shoes
resized_padded_reebok_283.jpg,Reebok Nano X Grey Navy Classic Casual Shoes
resized_padded_reebok_285.jpg,Reebok Zig Dynamica Black Charcoal Classic Court Shoes
resized_padded_reebok_286.jpg,Reebok Flexagon Red Grey Classic Court Trainers
resized_padded_reebok_287.jpg,Reebok Legacy White Grey Low Court Trainers
resized_padded_reebok_288.jpg,Reebok LX2200 Black Grey Low Athletic Trainers
resized_padded_reebok_289.jpg,Reebok Workout Plus Charcoal White Low Athletic Trainers
resized_padded_reebok_29.jpg,Reebok Workout Plus Charcoal Black Leather Running Trainers
resized_padded_reebok_290.jpg,Reebok Classic Leather Blue Yellow Low Athletic Trainers
resized_padded_reebok_291.jpg,Reebok Club C Grey Navy Low Retro Trainers
resized_padded_reebok_294.jpg,Reebok Energen Run White Grey Retro Lifestyle Trainers
resized_padded_reebok_295.jpg,Reebok Zig Dynamica White Grey Retro Lifestyle Trainers
resized_padded_reebok_297.jpg,Reebok Legacy Beige Orange Retro Training Sneakers
resized_padded_reebok_298.jpg,Reebok LX2200 White Grey Retro Training Sneakers
resized_padded_reebok_299.jpg,Reebok Workout Plus Charcoal Black Retro Training Sneakers
resized_padded_reebok_300.jpg,Reebok Classic Leather Charcoal Grey Retro Running Sneakers
resized_padded_reebok_301.jpg,Reebok Club C White Grey Mesh Running Sneakers
resized_padded_reebok_302.jpg,Reebok Royal Glide White Grey Mesh Running Sneakers
resized_padded_reebok_303.jpg,Reebok Nano X White Grey Mesh Casual Sneakers
resized_padded_reebok_306.jpg,Reebok Flexagon Black Charcoal Mesh Court Sneakers
resized_padded_reebok_308.jpg,Reebok LX2200 Grey Navy Leather Court Shoes
resized_padded_reebok_309.jpg,Reebok Workout Plus White Grey Leather Athletic Shoes
resized_padded_reebok_31.jpg,Reebok Club C White Grey Leather Casual Trainers
resized_padded_reebok_310.jpg,Reebok Classic Leather White Grey Leather Athletic Shoes
resized_padded_reebok_312.jpg,Reebok Royal Glide White Blue Leather Retro Shoes
resized_padded_reebok_313.jpg,Reebok Nano X Charcoal Black Leather Retro Shoes
resized_padded_reebok_315.jpg,Reebok Zig Dynamica Black White Sport Lifestyle Shoes
resized_padded_reebok_318.jpg,Reebok LX2200 Grey Brown Sport Training Shoes
resized_padded_reebok_319.jpg,Reebok Workout Plus Grey Beige Sport Training Trainers
resized_padded_reebok_32.jpg,Reebok Royal Glide Navy White Leather Casual Trainers
resized_padded_reebok_320.jpg,Reebok Classic Leather Charcoal Black Sport Training Trainers
resized_padded_reebok_321.jpg,Reebok Club C White Grey Sport Running Trainers
resized_padded_reebok_322.jpg,Reebok Royal Glide Beige Brown Streetwear Running Trainers
resized_padded_reebok_323.jpg,Reebok Nano X White Grey Streetwear Running Trainers
resized_padded_reebok_326.jpg,Reebok Flexagon Black Charcoal Streetwear Casual Trainers
resized_padded_reebok_327.jpg,Reebok Legacy White Black Streetwear Court Trainers
resized_padded_reebok_329.jpg,Reebok Workout Plus White Grey Cushioned Court Trainers
resized_padded_reebok_33.jpg,Reebok Nano X White Grey Leather Court Sneakers
resized_padded_reebok_331.jpg,Reebok Club C Grey Black Cushioned Athletic Sneakers
resized_padded_reebok_332.jpg,Reebok Royal Glide Yellow White Cushioned Athletic Sneakers
resized_padded_reebok_333.jpg,Reebok Nano X Yellow Beige Cushioned Retro Sneakers
resized_padded_reebok_334.jpg,Reebok Energen Run White Grey Cushioned Retro Sneakers
resized_padded_reebok_335.jpg,Reebok Zig Dynamica Charcoal Black Cushioned Retro Sneakers
resized_padded_reebok_336.jpg,Reebok Flexagon White Grey Lightweight Lifestyle Sneakers
resized_padded_reebok_337.jpg,Reebok Legacy Black Charcoal Lightweight Lifestyle Sneakers
resized_padded_reebok_338.jpg,Reebok LX2200 Grey Navy Lightweight Lifestyle Sneakers
resized_padded_reebok_339.jpg,Reebok Workout Plus White Grey Lightweight Training Sneakers
resized_padded_reebok_34.jpg,Reebok Energen Run Brown Grey Leather Court Sneakers
resized_padded_reebok_340.jpg,Reebok Classic Leather Black Charcoal Lightweight Training Sneakers
resized_padded_reebok_341.jpg,Reebok Club C White Black Lightweight Training Shoes
resized_padded_reebok_342.jpg,Reebok Royal Glide White Grey Lightweight Running Shoes
resized_padded_reebok_343.jpg,Reebok Nano X Grey Green Court Running Shoes
resized_padded_reebok_345.jpg,Reebok Zig Dynamica White Grey Court Casual Shoes
resized_padded_reebok_346.jpg,Reebok Flexagon Charcoal Brown Court Casual Shoes
resized_padded_reebok_347.jpg,Reebok Legacy Black Charcoal Court Casual Shoes
resized_padded_reebok_348.jpg,Reebok LX2200 White Grey Court Court Shoes
resized_padded_reebok_349.jpg,Reebok Workout Plus White Charcoal Court Court Shoes
resized_padded_reebok_350.jpg,Reebok Classic Leather White Grey Runner Court Shoes
resized_padded_reebok_351.jpg,Reebok Club C White Grey Runner Athletic Shoes
resized_padded_reebok_352.jpg,Reebok Royal Glide White Navy Runner Athletic Trainers
resized_padded_reebok_353.jpg,Reebok Nano X White Grey Runner Athletic Trainers
resized_padded_reebok_356.jpg,Reebok Flexagon White Navy Runner Retro Trainers
resized_padded_reebok_358.jpg,Reebok LX2200 Black White Trainer Lifestyle Trainers
resized_padded_reebok_36.jpg,Reebok Flexagon Charcoal White Sport Athletic Sneakers
resized_padded_reebok_360.jpg,Reebok Classic Leather White Grey Trainer Training Trainers
resized_padded_reebok_362.jpg,Reebok Royal Glide Grey Black Trainer Training Trainers
resized_padded_reebok_363.jpg,Reebok Nano X Charcoal Grey Trainer Running Sneakers
resized_padded_reebok_364.jpg,Reebok Energen Run Charcoal Black Clean Running Sneakers
resized_padded_reebok_365.jpg,Reebok Zig Dynamica Charcoal Black Clean Running Sneakers
resized_padded_reebok_366.jpg,Reebok Flexagon White Grey Clean Casual Sneakers
resized_padded_reebok_367.jpg,Reebok Legacy Pink Red Clean Casual Sneakers
resized_padded_reebok_368.jpg,Reebok LX2200 Navy White Clean Casual Sneakers
resized_padded_reebok_369.jpg,Reebok Workout Plus Black Charcoal Clean Court Sneakers
resized_padded_reebok_37.jpg,Reebok Legacy White Grey Sport Athletic Sneakers
resized_padded_reebok_370.jpg,Reebok Classic Leather White Blue Clean Court Sneakers
resized_padded_reebok_371.jpg,Reebok Club C Charcoal Black Modern Court Sneakers
resized_padded_reebok_372.jpg,Reebok Royal Glide Grey Charcoal Modern Athletic Sneakers
resized_padded_reebok_373.jpg,Reebok Nano X White Beige Modern Athletic Sneakers
resized_padded_reebok_374.jpg,Reebok Energen Run Grey Charcoal Modern Athletic Shoes
resized_padded_reebok_375.jpg,Reebok Zig Dynamica White Grey Modern Retro Shoes
resized_padded_reebok_376.jpg,Reebok Flexagon White Grey Modern Retro Shoes
resized_padded_reebok_377.jpg,Reebok Legacy White Grey Modern Retro Shoes
resized_padded_reebok_378.jpg,Reebok LX2200 White Purple Heritage Lifestyle Shoes
resized_padded_reebok_38.jpg,Reebok LX2200 Charcoal Black Sport Athletic Sneakers
resized_padded_reebok_380.jpg,Reebok Classic Leather Grey Blue Heritage Lifestyle Shoes
resized_padded_reebok_381.jpg,Reebok Club C Red Grey Heritage Training Shoes
resized_padded_reebok_382.jpg,Reebok Royal Glide White Grey Heritage Training Shoes
resized_padded_reebok_384.jpg,Reebok Energen Run White Charcoal Heritage Running Shoes
resized_padded_reebok_385.jpg,Reebok Zig Dynamica Brown Grey Performance Running Trainers
resized_padded_reebok_386.jpg,Reebok Flexagon White Grey Performance Running Trainers
resized_padded_reebok_387.jpg,Reebok Legacy White Teal Performance Casual Trainers
resized_padded_reebok_389.jpg,Reebok Workout Plus Grey Navy Performance Casual Trainers
resized_padded_reebok_390.jpg,Reebok Classic Leather White Blue Performance Court Trainers
resized_padded_reebok_391.jpg,Reebok Club C White Teal Performance Court Trainers
resized_padded_reebok_392.jpg,Reebok Royal Glide White Grey Everyday Court Trainers
resized_padded_reebok_393.jpg,Reebok Nano X Charcoal Black Everyday Athletic Trainers
resized_padded_reebok_394.jpg,Reebok Energen Run White Yellow Everyday Athletic Trainers
resized_padded_reebok_395.jpg,Reebok Zig Dynamica Blue White Everyday Athletic Trainers
resized_padded_reebok_396.jpg,Reebok Flexagon Charcoal Black Everyday Retro Sneakers
resized_padded_reebok_397.jpg,Reebok Legacy White Grey Everyday Retro Sneakers
resized_padded_reebok_399.jpg,Reebok Workout Plus Navy White Low Top Lifestyle Sneakers
resized_padded_reebok_4.jpg,Reebok Energen Run White Grey Classic Training Sneakers
resized_padded_reebok_40.jpg,Reebok Classic Leather Grey Red Sport Retro Sneakers
resized_padded_reebok_400.jpg,Reebok Classic Leather Grey Charcoal Low Top Lifestyle Sneakers
resized_padded_reebok_402.jpg,Reebok Royal Glide Black White Low Top Training Sneakers
resized_padded_reebok_403.jpg,Reebok Nano X Black Navy Low Top Training Sneakers
resized_padded_reebok_404.jpg,Reebok Energen Run Grey Brown Low Top Training Sneakers
resized_padded_reebok_405.jpg,Reebok Zig Dynamica Yellow White Low Top Running Sneakers
resized_padded_reebok_406.jpg,Reebok Flexagon Grey Charcoal Athletic Running Sneakers
resized_padded_reebok_407.jpg,Reebok Legacy White Grey Athletic Running Shoes
resized_padded_reebok_408.jpg,Reebok LX2200 Green Grey Athletic Casual Shoes
resized_padded_reebok_409.jpg,Reebok Workout Plus White Blue Athletic Casual Shoes
resized_padded_reebok_411.jpg,Reebok Club C White Black Athletic Court Shoes
resized_padded_reebok_412.jpg,Reebok Royal Glide White Grey Athletic Court Shoes
resized_padded_reebok_413.jpg,Reebok Nano X White Grey Comfort Court Shoes
resized_padded_reebok_414.jpg,Reebok Energen Run White Black Comfort Athletic Shoes
resized_padded_reebok_415.jpg,Reebok Zig Dynamica White Grey Comfort Athletic Shoes
resized_padded_reebok_416.jpg,Reebok Flexagon White Red Comfort Athletic Shoes
resized_padded_reebok_419.jpg,Reebok Workout Plus White Grey Comfort Retro Trainers
resized_padded_reebok_42.jpg,Reebok Royal Glide White Grey Streetwear Lifestyle Sneakers
resized_padded_reebok_420.jpg,Reebok Classic Leather White Grey Classic Lifestyle Trainers
resized_padded_reebok_421.jpg,Reebok Club C White Blue Classic Lifestyle Trainers
resized_padded_reebok_422.jpg,Reebok Royal Glide White Grey Classic Lifestyle Trainers
resized_padded_reebok_423.jpg,Reebok Nano X Red Charcoal Classic Training Trainers
resized_padded_reebok_424.jpg,Reebok Energen Run Grey Red Classic Training Trainers
resized_padded_reebok_426.jpg,Reebok Flexagon White Grey Classic Running Trainers
resized_padded_reebok_427.jpg,Reebok Legacy Black White Low Running Trainers
resized_padded_reebok_428.jpg,Reebok LX2200 White Grey Low Running Trainers
resized_padded_reebok_429.jpg,Reebok Workout Plus White Red Low Casual Sneakers
resized_padded_reebok_43.jpg,Reebok Nano X Charcoal Grey Streetwear Lifestyle Sneakers
resized_padded_reebok_430.jpg,Reebok Classic Leather White Orange Low Casual Sneakers
resized_padded_reebok_431.jpg,Reebok Club C White Teal Low Casual Sneakers
resized_padded_reebok_432.jpg,Reebok Royal Glide White Grey Low Court Sneakers
resized_padded_reebok_433.jpg,Reebok Nano X Charcoal White Low Court Sneakers
resized_padded_reebok_434.jpg,Reebok Energen Run White Charcoal Retro Court Sneakers
resized_padded_reebok_436.jpg,Reebok Flexagon White Red Retro Athletic Sneakers
resized_padded_reebok_437.jpg,Reebok Legacy Charcoal Yellow Retro Athletic Sneakers
resized_padded_reebok_438.jpg,Reebok LX2200 Charcoal White Retro Retro Sneakers
resized_padded_reebok_439.jpg,Reebok Workout Plus White Grey Retro Retro Sneakers
resized_padded_reebok_44.jpg,Reebok Energen Run White Grey Streetwear Lifestyle Shoes
resized_padded_reebok_45.jpg,Reebok Zig Dynamica Beige White Streetwear Training Shoes
resized_padded_reebok_46.jpg,Reebok Flexagon Black Charcoal Streetwear Training Shoes
resized_padded_reebok_47.jpg,Reebok Legacy White Grey Streetwear Training Shoes
resized_padded_reebok_48.jpg,Reebok LX2200 White Grey Streetwear Running Shoes
resized_padded_reebok_49.jpg,Reebok Workout Plus White Grey Cushioned Running Shoes
resized_padded_reebok_5.jpg,Reebok Zig Dynamica White Grey Classic Training Sneakers
resized_padded_reebok_50.jpg,Reebok Classic Leather White Grey Cushioned Running Shoes
resized_padded_reebok_51.jpg,Reebok Club C Grey Charcoal Cushioned Casual Shoes
resized_padded_reebok_54.jpg,Reebok Energen Run Black Charcoal Cushioned Court Shoes
resized_padded_reebok_55.jpg,Reebok Zig Dynamica Yellow Red Cushioned Court Trainers
resized_padded_reebok_56.jpg,Reebok Flexagon Grey Teal Lightweight Court Trainers
resized_padded_reebok_57.jpg,Reebok Legacy White Grey Lightweight Athletic Trainers
resized_padded_reebok_58.jpg,Reebok LX2200 Navy White Lightweight Athletic Trainers
resized_padded_reebok_59.jpg,Reebok Workout Plus Charcoal Black Lightweight Athletic Trainers
resized_padded_reebok_60.jpg,Reebok Classic Leather White Grey Lightweight Retro Trainers
resized_padded_reebok_61.jpg,Reebok Club C Charcoal Grey Lightweight Retro Trainers
resized_padded_reebok_62.jpg,Reebok Royal Glide White Grey Lightweight Retro Trainers
resized_padded_reebok_63.jpg,Reebok Nano X Charcoal Grey Court Lifestyle Trainers
resized_padded_reebok_64.jpg,Reebok Energen Run White Grey Court Lifestyle Trainers
resized_padded_reebok_65.jpg,Reebok Zig Dynamica White Grey Court Lifestyle Trainers
resized_padded_reebok_67.jpg,Reebok Legacy White Grey Court Training Sneakers
resized_padded_reebok_69.jpg,Reebok Workout Plus Navy White Court Running Sneakers
resized_padded_reebok_70.jpg,Reebok Classic Leather Charcoal Black Runner Running Sneakers
resized_padded_reebok_71.jpg,Reebok Club C Grey Charcoal Runner Running Sneakers
resized_padded_reebok_72.jpg,Reebok Royal Glide Charcoal Black Runner Casual Sneakers
resized_padded_reebok_74.jpg,Reebok Energen Run White Grey Runner Casual Sneakers
resized_padded_reebok_75.jpg,Reebok Zig Dynamica White Charcoal Runner Court Sneakers
resized_padded_reebok_76.jpg,Reebok Flexagon Charcoal Black Runner Court Sneakers
resized_padded_reebok_79.jpg,Reebok Workout Plus Charcoal Teal Trainer Athletic Shoes
resized_padded_reebok_80.jpg,Reebok Classic Leather Black Charcoal Trainer Athletic Shoes
resized_padded_reebok_82.jpg,Reebok Royal Glide White Grey Trainer Retro Shoes
resized_padded_reebok_83.jpg,Reebok Nano X White Grey Trainer Retro Shoes
resized_padded_reebok_84.jpg,Reebok Energen Run Black Charcoal Clean Lifestyle Shoes
resized_padded_reebok_85.jpg,Reebok Zig Dynamica Navy Grey Clean Lifestyle Shoes
resized_padded_reebok_88.jpg,Reebok LX2200 White Grey Clean Training Trainers
resized_padded_reebok_89.jpg,Reebok Workout Plus White Grey Clean Training Trainers
resized_padded_reebok_92.jpg,Reebok Royal Glide Navy White Modern Running Trainers
resized_padded_reebok_93.jpg,Reebok Nano X White Navy Modern Casual Trainers
resized_padded_reebok_94.jpg,Reebok Energen Run Charcoal Grey Modern Casual Trainers
resized_padded_reebok_95.jpg,Reebok Zig Dynamica Charcoal Black Modern Casual Trainers
resized_padded_reebok_96.jpg,Reebok Flexagon White Grey Modern Court Trainers
resized_padded_reebok_99.jpg,Reebok Workout Plus Black Charcoal Heritage Athletic Sneakers
resized_padded_underarmour_100.jpg,Under Armour HOVR Phantom Black White Heritage Basketball Sneakers
resized_padded_underarmour_101.jpg,Under Armour Charged Assert Grey Charcoal Heritage Basketball Sneakers
resized_padded_underarmour_102.jpg,Under Armour Charged Pursuit Charcoal White Heritage Trail Sneakers
resized_padded_underarmour_103.jpg,Under Armour Project Rock Black Charcoal Heritage Trail Sneakers
resized_padded_underarmour_104.jpg,Under Armour Surge Black Charcoal Heritage Trail Sneakers
resized_padded_underarmour_105.jpg,Under Armour HOVR Sonic White Grey Performance Running Sneakers
resized_padded_underarmour_106.jpg,Under Armour Flow Charcoal White Performance Running Sneakers
resized_padded_underarmour_108.jpg,Under Armour Micro G Black Grey Performance Training Sneakers
resized_padded_underarmour_109.jpg,Under Armour Charged Rogue Charcoal White Performance Training Sneakers
resized_padded_underarmour_11.jpg,Under Armour Charged Assert Charcoal White Low Gym Shoes
resized_padded_underarmour_110.jpg,Under Armour HOVR Phantom Grey Blue Performance Training Shoes
resized_padded_underarmour_111.jpg,Under Armour Charged Assert White Grey Performance Athletic Shoes
resized_padded_underarmour_116.jpg,Under Armour Flow Navy Grey Everyday Gym Shoes
resized_padded_underarmour_117.jpg,Under Armour Tribase Reign Black Grey Everyday Workout Shoes
resized_padded_underarmour_118.jpg,Under Armour Micro G Black Red Everyday Workout Shoes
resized_padded_underarmour_119.jpg,Under Armour Charged Rogue Black Grey Low Top Workout Shoes
resized_padded_underarmour_12.jpg,Under Armour Charged Pursuit Black Charcoal Low Workout Shoes
resized_padded_underarmour_120.jpg,Under Armour HOVR Phantom Black Grey Low Top Basketball Shoes
resized_padded_underarmour_121.jpg,Under Armour Charged Assert Black Charcoal Low Top Basketball Trainers
resized_padded_underarmour_122.jpg,Under Armour Charged Pursuit Black Charcoal Low Top Basketball Trainers
resized_padded_underarmour_123.jpg,Under Armour Project Rock Charcoal Black Low Top Trail Trainers
resized_padded_underarmour_125.jpg,Under Armour HOVR Sonic Charcoal Black Low Top Trail Trainers
resized_padded_underarmour_126.jpg,Under Armour Flow Navy Charcoal Athletic Running Trainers
resized_padded_underarmour_128.jpg,Under Armour Micro G White Grey Athletic Running Trainers
resized_padded_underarmour_129.jpg,Under Armour Charged Rogue Charcoal Grey Athletic Training Trainers
resized_padded_underarmour_13.jpg,Under Armour Project Rock Charcoal White Low Workout Shoes
resized_padded_underarmour_130.jpg,Under Armour HOVR Phantom Navy Grey Athletic Training Trainers
resized_padded_underarmour_131.jpg,Under Armour Charged Assert Red Black Athletic Training Trainers
resized_padded_underarmour_133.jpg,Under Armour Project Rock Black Charcoal Comfort Athletic Sneakers
resized_padded_underarmour_134.jpg,Under Armour Surge Charcoal Black Comfort Athletic Sneakers
resized_padded_underarmour_135.jpg,Under Armour HOVR Sonic Black Blue Comfort Gym Sneakers
resized_padded_underarmour_136.jpg,Under Armour Flow Charcoal Grey Comfort Gym Sneakers
resized_padded_underarmour_137.jpg,Under Armour Tribase Reign White Grey Comfort Gym Sneakers
resized_padded_underarmour_14.jpg,Under Armour Surge Charcoal Black Retro Workout Shoes
resized_padded_underarmour_143.jpg,Under Armour Project Rock Black Grey Classic Basketball Shoes
resized_padded_underarmour_144.jpg,Under Armour Surge Black Charcoal Classic Trail Shoes
resized_padded_underarmour_145.jpg,Under Armour HOVR Sonic Black Charcoal Classic Trail Shoes
resized_padded_underarmour_146.jpg,Under Armour Flow Charcoal Black Classic Trail Shoes
resized_padded_underarmour_147.jpg,Under Armour Tribase Reign Navy White Low Running Shoes
resized_padded_underarmour_15.jpg,Under Armour HOVR Sonic White Grey Retro Basketball Shoes
resized_padded_underarmour_150.jpg,Under Armour HOVR Phantom Grey White Low Training Shoes
resized_padded_underarmour_151.jpg,Under Armour Charged Assert Grey Charcoal Low Training Shoes
resized_padded_underarmour_153.jpg,Under Armour Project Rock Black White Low Athletic Shoes
resized_padded_underarmour_154.jpg,Under Armour Surge Grey Charcoal Retro Athletic Trainers
resized_padded_underarmour_155.jpg,Under Armour HOVR Sonic Charcoal White Retro Athletic Trainers
resized_padded_underarmour_156.jpg,Under Armour Flow Black Charcoal Retro Gym Trainers
resized_padded_underarmour_157.jpg,Under Armour Tribase Reign Black Charcoal Retro Gym Trainers
resized_padded_underarmour_158.jpg,Under Armour Micro G White Grey Retro Gym Trainers
resized_padded_underarmour_159.jpg,Under Armour Charged Rogue Charcoal White Retro Workout Trainers
resized_padded_underarmour_16.jpg,Under Armour Flow Grey Charcoal Retro Basketball Shoes
resized_padded_underarmour_160.jpg,Under Armour HOVR Phantom Grey Black Retro Workout Trainers
resized_padded_underarmour_161.jpg,Under Armour Charged Assert Black Grey Mesh Workout Trainers
resized_padded_underarmour_162.jpg,Under Armour Charged Pursuit Charcoal White Mesh Basketball Trainers
resized_padded_underarmour_163.jpg,Under Armour Project Rock Grey Blue Mesh Basketball Trainers
resized_padded_underarmour_164.jpg,Under Armour Surge White Grey Mesh Basketball Trainers
resized_padded_underarmour_166.jpg,Under Armour Flow Black Charcoal Mesh Trail Sneakers
resized_padded_underarmour_169.jpg,Under Armour Charged Rogue Navy Grey Leather Running Sneakers
resized_padded_underarmour_170.jpg,Under Armour HOVR Phantom Black Grey Leather Running Sneakers
resized_padded_underarmour_171.jpg,Under Armour Charged Assert Black Red Leather Training Sneakers
resized_padded_underarmour_172.jpg,Under Armour Charged Pursuit Black Grey Leather Training Sneakers
resized_padded_underarmour_173.jpg,Under Armour Project Rock Black Grey Leather Training Sneakers
resized_padded_underarmour_174.jpg,Under Armour Surge Black Charcoal Leather Athletic Sneakers
resized_padded_underarmour_175.jpg,Under Armour HOVR Sonic Black Charcoal Sport Athletic Sneakers
resized_padded_underarmour_176.jpg,Under Armour Flow Charcoal Black Sport Athletic Shoes
resized_padded_underarmour_178.jpg,Under Armour Micro G Charcoal Black Sport Gym Shoes
resized_padded_underarmour_179.jpg,Under Armour Charged Rogue Navy Charcoal Sport Gym Shoes
resized_padded_underarmour_18.jpg,Under Armour Micro G White Grey Retro Trail Shoes
resized_padded_underarmour_181.jpg,Under Armour Charged Assert White Grey Sport Workout Shoes
resized_padded_underarmour_182.jpg,Under Armour Charged Pursuit Charcoal Grey Streetwear Workout Shoes
resized_padded_underarmour_183.jpg,Under Armour Project Rock Navy Grey Streetwear Basketball Shoes
resized_padded_underarmour_184.jpg,Under Armour Surge Red Black Streetwear Basketball Shoes
resized_padded_underarmour_185.jpg,Under Armour HOVR Sonic Blue Grey Streetwear Basketball Shoes
resized_padded_underarmour_186.jpg,Under Armour Flow Black Charcoal Streetwear Trail Shoes
resized_padded_underarmour_187.jpg,Under Armour Tribase Reign Charcoal Black Streetwear Trail Trainers
resized_padded_underarmour_188.jpg,Under Armour Micro G Black Blue Streetwear Trail Trainers
resized_padded_underarmour_189.jpg,Under Armour Charged Rogue Charcoal Grey Cushioned Running Trainers
resized_padded_underarmour_19.jpg,Under Armour Charged Rogue Black White Retro Trail Shoes
resized_padded_underarmour_190.jpg,Under Armour HOVR Phantom White Grey Cushioned Running Trainers
resized_padded_underarmour_191.jpg,Under Armour Charged Assert White Navy Cushioned Running Trainers
resized_padded_underarmour_193.jpg,Under Armour Project Rock Charcoal Red Cushioned Training Trainers
resized_padded_underarmour_196.jpg,Under Armour Flow Black Grey Lightweight Athletic Trainers
resized_padded_underarmour_197.jpg,Under Armour Tribase Reign Black Charcoal Lightweight Athletic Trainers
resized_padded_underarmour_198.jpg,Under Armour Micro G Black Charcoal Lightweight Gym Sneakers
resized_padded_underarmour_199.jpg,Under Armour Charged Rogue Charcoal Black Lightweight Gym Sneakers
resized_padded_underarmour_2.jpg,Under Armour Charged Pursuit Black White Classic Running Sneakers
resized_padded_underarmour_200.jpg,Under Armour HOVR Phantom Navy White Lightweight Gym Sneakers
resized_padded_underarmour_203.jpg,Under Armour Project Rock Grey White Court Workout Sneakers
resized_padded_underarmour_204.jpg,Under Armour Surge Grey Charcoal Court Basketball Sneakers
resized_padded_underarmour_205.jpg,Under Armour HOVR Sonic Black White Court Basketball Sneakers
resized_padded_underarmour_206.jpg,Under Armour Flow Black White Court Basketball Sneakers
resized_padded_underarmour_207.jpg,Under Armour Tribase Reign Grey Charcoal Court Trail Sneakers
resized_padded_underarmour_208.jpg,Under Armour Micro G Charcoal White Court Trail Sneakers
resized_padded_underarmour_209.jpg,Under Armour Charged Rogue Black Charcoal Court Trail Shoes
resized_padded_underarmour_21.jpg,Under Armour Charged Assert Charcoal Black Mesh Running Shoes
resized_padded_underarmour_210.jpg,Under Armour HOVR Phantom Black Charcoal Runner Running Shoes
resized_padded_underarmour_211.jpg,Under Armour Charged Assert White Grey Runner Running Shoes
resized_padded_underarmour_212.jpg,Under Armour Charged Pursuit Charcoal White Runner Running Shoes
resized_padded_underarmour_214.jpg,Under Armour Surge Black Grey Runner Training Shoes
resized_padded_underarmour_215.jpg,Under Armour HOVR Sonic Charcoal White Runner Training Shoes
resized_padded_underarmour_216.jpg,Under Armour Flow Grey Blue Runner Athletic Shoes
resized_padded_underarmour_217.jpg,Under Armour Tribase Reign White Grey Trainer Athletic Shoes
resized_padded_underarmour_219.jpg,Under Armour Charged Rogue Black Charcoal Trainer Gym Shoes
resized_padded_underarmour_22.jpg,Under Armour Charged Pursuit Navy White Mesh Running Trainers
resized_padded_underarmour_222.jpg,Under Armour Charged Pursuit Navy Grey Trainer Workout Trainers
resized_padded_underarmour_223.jpg,Under Armour Project Rock Black Grey Trainer Workout Trainers
resized_padded_underarmour_224.jpg,Under Armour Surge Black Red Clean Workout Trainers
resized_padded_underarmour_225.jpg,Under Armour HOVR Sonic Black Grey Clean Basketball Trainers
resized_padded_underarmour_226.jpg,Under Armour Flow Black Grey Clean Basketball Trainers
resized_padded_underarmour_229.jpg,Under Armour Charged Rogue Charcoal Black Clean Trail Trainers
resized_padded_underarmour_231.jpg,Under Armour Charged Assert Charcoal Black Modern Running Sneakers
resized_padded_underarmour_232.jpg,Under Armour Charged Pursuit Navy Charcoal Modern Running Sneakers
resized_padded_underarmour_233.jpg,Under Armour Project Rock Navy Charcoal Modern Running Sneakers
resized_padded_underarmour_234.jpg,Under Armour Surge White Grey Modern Training Sneakers
resized_padded_underarmour_235.jpg,Under Armour HOVR Sonic Charcoal Grey Modern Training Sneakers
resized_padded_underarmour_236.jpg,Under Armour Flow Navy Grey Modern Training Sneakers
resized_padded_underarmour_237.jpg,Under Armour Tribase Reign Red Black Modern Athletic Sneakers
resized_padded_underarmour_238.jpg,Under Armour Micro G Blue Grey Heritage Athletic Sneakers
resized_padded_underarmour_239.jpg,Under Armour Charged Rogue Black Charcoal Heritage Athletic Sneakers
resized_padded_underarmour_24.jpg,Under Armour Surge Black Charcoal Mesh Training Trainers
resized_padded_underarmour_240.jpg,Under Armour HOVR Phantom Charcoal Black Heritage Gym Sneakers
resized_padded_underarmour_241.jpg,Under Armour Charged Assert Black Blue Heritage Gym Sneakers
resized_padded_underarmour_242.jpg,Under Armour Charged Pursuit Charcoal Grey Heritage Gym Shoes
resized_padded_underarmour_243.jpg,Under Armour Project Rock White Grey Heritage Workout Shoes
resized_padded_underarmour_244.jpg,Under Armour Surge White Navy Heritage Workout Shoes
resized_padded_underarmour_246.jpg,Under Armour Flow Charcoal Red Performance Basketball Shoes
resized_padded_underarmour_249.jpg,Under Armour Charged Rogue Black Grey Performance Trail Shoes
resized_padded_underarmour_25.jpg,Under Armour HOVR Sonic Black Charcoal Mesh Training Trainers
resized_padded_underarmour_250.jpg,Under Armour HOVR Phantom Black Charcoal Performance Trail Shoes
resized_padded_underarmour_251.jpg,Under Armour Charged Assert Black Charcoal Performance Trail Shoes
resized_padded_underarmour_252.jpg,Under Armour Charged Pursuit Charcoal Black Everyday Running Shoes
resized_padded_underarmour_253.jpg,Under Armour Project Rock Navy White Everyday Running Trainers
resized_padded_underarmour_256.jpg,Under Armour Flow Grey White Everyday Training Trainers
resized_padded_underarmour_257.jpg,Under Armour Tribase Reign Grey Charcoal Everyday Training Trainers
resized_padded_underarmour_258.jpg,Under Armour Micro G Black White Everyday Athletic Trainers
resized_padded_underarmour_259.jpg,Under Armour Charged Rogue Black White Low Top Athletic Trainers
resized_padded_underarmour_26.jpg,Under Armour Flow Black Charcoal Mesh Training Trainers
resized_padded_underarmour_260.jpg,Under Armour HOVR Phantom Grey Charcoal Low Top Athletic Trainers
resized_padded_underarmour_261.jpg,Under Armour Charged Assert Charcoal White Low Top Gym Trainers
resized_padded_underarmour_262.jpg,Under Armour Charged Pursuit Black Charcoal Low Top Gym Trainers
resized_padded_underarmour_263.jpg,Under Armour Project Rock Black Charcoal Low Top Gym Trainers
resized_padded_underarmour_264.jpg,Under Armour Surge White Grey Low Top Workout Sneakers
resized_padded_underarmour_265.jpg,Under Armour HOVR Sonic Charcoal White Low Top Workout Sneakers
resized_padded_underarmour_266.jpg,Under Armour Flow Grey Black Athletic Workout Sneakers
resized_padded_underarmour_267.jpg,Under Armour Tribase Reign Black Grey Athletic Basketball Sneakers
resized_padded_underarmour_268.jpg,Under Armour Micro G Charcoal White Athletic Basketball Sneakers
resized_padded_underarmour_269.jpg,Under Armour Charged Rogue Grey Blue Athletic Basketball Sneakers
resized_padded_underarmour_27.jpg,Under Armour Tribase Reign Yellow Brown Mesh Athletic Trainers
resized_padded_underarmour_270.jpg,Under Armour HOVR Phantom White Grey Athletic Trail Sneakers
resized_padded_underarmour_272.jpg,Under Armour Charged Pursuit Black Charcoal Athletic Trail Sneakers
resized_padded_underarmour_275.jpg,Under Armour HOVR Sonic Navy Grey Comfort Running Shoes
resized_padded_underarmour_276.jpg,Under Armour Flow Black Grey Comfort Training Shoes
resized_padded_underarmour_277.jpg,Under Armour Tribase Reign Black Red Comfort Training Shoes
resized_padded_underarmour_278.jpg,Under Armour Micro G Black Grey Comfort Training Shoes
resized_padded_underarmour_279.jpg,Under Armour Charged Rogue Black Grey Comfort Athletic Shoes
resized_padded_underarmour_281.jpg,Under Armour Charged Assert Black Charcoal Classic Athletic Shoes
resized_padded_underarmour_282.jpg,Under Armour Charged Pursuit Charcoal Black Classic Gym Shoes
resized_padded_underarmour_283.jpg,Under Armour Project Rock Navy Blue Classic Gym Shoes
resized_padded_underarmour_284.jpg,Under Armour Surge Charcoal Black Classic Gym Shoes
resized_padded_underarmour_285.jpg,Under Armour HOVR Sonic Navy Charcoal Classic Workout Shoes
resized_padded_underarmour_286.jpg,Under Armour Flow Navy Charcoal Classic Workout Trainers
resized_padded_underarmour_287.jpg,Under Armour Tribase Reign White Grey Low Workout Trainers
resized_padded_underarmour_288.jpg,Under Armour Micro G Charcoal Grey Low Basketball Trainers
resized_padded_underarmour_289.jpg,Under Armour Charged Rogue Navy Grey Low Basketball Trainers
resized_padded_underarmour_29.jpg,Under Armour Charged Rogue Red Black Leather Athletic Trainers
resized_padded_underarmour_290.jpg,Under Armour HOVR Phantom Red Black Low Basketball Trainers
resized_padded_underarmour_291.jpg,Under Armour Charged Assert Blue Grey Low Trail Trainers
resized_padded_underarmour_292.jpg,Under Armour Charged Pursuit Black Charcoal Low Trail Trainers
resized_padded_underarmour_293.jpg,Under Armour Project Rock Charcoal Black Low Trail Trainers
resized_padded_underarmour_294.jpg,Under Armour Surge Black Blue Retro Running Trainers
resized_padded_underarmour_295.jpg,Under Armour HOVR Sonic Charcoal Grey Retro Running Trainers
resized_padded_underarmour_296.jpg,Under Armour Flow White Grey Retro Running Trainers
resized_padded_underarmour_297.jpg,Under Armour Tribase Reign White Navy Retro Training Sneakers
resized_padded_underarmour_299.jpg,Under Armour Charged Rogue Charcoal Red Retro Training Sneakers
resized_padded_underarmour_3.jpg,Under Armour Project Rock Charcoal Black Classic Training Sneakers
resized_padded_underarmour_30.jpg,Under Armour HOVR Phantom Grey Blue Leather Gym Trainers
resized_padded_underarmour_31.jpg,Under Armour Charged Assert Black Grey Leather Gym Trainers
resized_padded_underarmour_34.jpg,Under Armour Surge White Grey Leather Workout Sneakers
resized_padded_underarmour_35.jpg,Under Armour HOVR Sonic Black Grey Sport Workout Sneakers
resized_padded_underarmour_36.jpg,Under Armour Flow Black Charcoal Sport Basketball Sneakers
resized_padded_underarmour_38.jpg,Under Armour Micro G Grey Charcoal Sport Basketball Sneakers
resized_padded_underarmour_39.jpg,Under Armour Charged Rogue Navy Grey Sport Trail Sneakers
resized_padded_underarmour_4.jpg,Under Armour Surge Black Charcoal Classic Training Sneakers
resized_padded_underarmour_40.jpg,Under Armour HOVR Phantom Charcoal Black Sport Trail Sneakers
resized_padded_underarmour_41.jpg,Under Armour Charged Assert White Grey Sport Trail Sneakers
resized_padded_underarmour_42.jpg,Under Armour Charged Pursuit Black White Streetwear Running Sneakers
resized_padded_underarmour_43.jpg,Under Armour Project Rock Charcoal Grey Streetwear Running Sneakers
resized_padded_underarmour_44.jpg,Under Armour Surge Charcoal Black Streetwear Running Shoes
resized_padded_underarmour_45.jpg,Under Armour HOVR Sonic Black Charcoal Streetwear Training Shoes
resized_padded_underarmour_46.jpg,Under Armour Flow Red Orange Streetwear Training Shoes
resized_padded_underarmour_47.jpg,Under Armour Tribase Reign Black Red Streetwear Training Shoes
resized_padded_underarmour_48.jpg,Under Armour Micro G Grey Yellow Streetwear Athletic Shoes
resized_padded_underarmour_49.jpg,Under Armour Charged Rogue Grey Charcoal Cushioned Athletic Shoes
resized_padded_underarmour_5.jpg,Under Armour HOVR Sonic Grey Charcoal Classic Training Sneakers
resized_padded_underarmour_50.jpg,Under Armour HOVR Phantom Black Charcoal Cushioned Athletic Shoes
resized_padded_underarmour_51.jpg,Under Armour Charged Assert Red Black Cushioned Gym Shoes
resized_padded_underarmour_53.jpg,Under Armour Project Rock Green Grey Cushioned Gym Shoes
resized_padded_underarmour_54.jpg,Under Armour Surge Red Grey Cushioned Workout Shoes
resized_padded_underarmour_55.jpg,Under Armour HOVR Sonic Grey Teal Cushioned Workout Trainers
resized_padded_underarmour_56.jpg,Under Armour Flow Charcoal Black Lightweight Workout Trainers
resized_padded_underarmour_57.jpg,Under Armour Tribase Reign Teal White Lightweight Basketball Trainers
resized_padded_underarmour_58.jpg,Under Armour Micro G Navy Black Lightweight Basketball Trainers
resized_padded_underarmour_59.jpg,Under Armour Charged Rogue White Brown Lightweight Basketball Trainers
resized_padded_underarmour_6.jpg,Under Armour Flow Charcoal Black Classic Athletic Sneakers
resized_padded_underarmour_60.jpg,Under Armour HOVR Phantom Grey Red Lightweight Trail Trainers
resized_padded_underarmour_61.jpg,Under Armour Charged Assert Black Grey Lightweight Trail Trainers
resized_padded_underarmour_62.jpg,Under Armour Charged Pursuit Grey Charcoal Lightweight Trail Trainers
resized_padded_underarmour_63.jpg,Under Armour Project Rock Black Charcoal Court Running Trainers
resized_padded_underarmour_64.jpg,Under Armour Surge Charcoal White Court Running Trainers
resized_padded_underarmour_65.jpg,Under Armour HOVR Sonic Red Grey Court Running Trainers
resized_padded_underarmour_66.jpg,Under Armour Flow Grey Navy Court Training Sneakers
resized_padded_underarmour_69.jpg,Under Armour Charged Rogue Charcoal Black Court Athletic Sneakers
resized_padded_underarmour_71.jpg,Under Armour Charged Assert Black Grey Runner Athletic Sneakers
resized_padded_underarmour_72.jpg,Under Armour Charged Pursuit Black White Runner Gym Sneakers
resized_padded_underarmour_73.jpg,Under Armour Project Rock Red White Runner Gym Sneakers
resized_padded_underarmour_74.jpg,Under Armour Surge White Blue Runner Gym Sneakers
resized_padded_underarmour_78.jpg,Under Armour Micro G Black Grey Trainer Basketball Shoes
resized_padded_underarmour_80.jpg,Under Armour HOVR Phantom Grey Green Trainer Basketball Shoes
resized_padded_underarmour_81.jpg,Under Armour Charged Assert Charcoal Grey Trainer Trail Shoes
resized_padded_underarmour_83.jpg,Under Armour Project Rock Black Grey Trainer Trail Shoes
resized_padded_underarmour_84.jpg,Under Armour Surge Yellow Grey Clean Running Shoes
resized_padded_underarmour_86.jpg,Under Armour Flow Black White Clean Running Shoes
resized_padded_underarmour_87.jpg,Under Armour Tribase Reign Black Charcoal Clean Training Shoes
resized_padded_underarmour_9.jpg,Under Armour Charged Rogue Black Charcoal Low Gym Sneakers
resized_padded_underarmour_90.jpg,Under Armour HOVR Phantom Black Grey Clean Athletic Trainers
resized_padded_underarmour_91.jpg,Under Armour Charged Assert Black Charcoal Modern Athletic Trainers
resized_padded_underarmour_92.jpg,Under Armour Charged Pursuit Black Charcoal Modern Athletic Trainers
resized_padded_underarmour_93.jpg,Under Armour Project Rock Charcoal Black Modern Gym Trainers
resized_padded_underarmour_94.jpg,Under Armour Surge Navy White Modern Gym Trainers
resized_padded_underarmour_97.jpg,Under Armour Tribase Reign Grey White Modern Workout Trainers
resized_padded_underarmour_98.jpg,Under Armour Micro G Grey Charcoal Heritage Workout Trainers
resized_padded_vans_10.jpg,Vans Old Skool Charcoal Black Low Canvas Sneakers
resized_padded_vans_101.jpg,Vans Sk8-Hi Grey Charcoal Heritage High Top Skate Sneakers
resized_padded_vans_102.jpg,Vans Authentic Brown Red Heritage High Top Sneakers
resized_padded_vans_104.jpg,Vans Classic Slip-On White Black Heritage Casual Sneakers
resized_padded_vans_106.jpg,Vans Ward Black Grey Performance Skate Sneakers
resized_padded_vans_107.jpg,Vans Skate Low White Grey Performance Skate Sneakers
resized_padded_vans_109.jpg,Vans Filmore Yellow White Performance Casual Sneakers
resized_padded_vans_110.jpg,Vans Old Skool Green Black Performance Casual Shoes
resized_padded_vans_111.jpg,Vans Sk8-Hi White Brown Performance High Top Skate Shoes
resized_padded_vans_112.jpg,Vans Authentic White Grey Everyday Lifestyle Shoes
resized_padded_vans_113.jpg,Vans Era White Charcoal Everyday Lifestyle Shoes
resized_padded_vans_114.jpg,Vans Classic Slip-On Charcoal Yellow Everyday Casual Shoes
resized_padded_vans_115.jpg,Vans Lowland Black White Everyday Canvas Sneakers
resized_padded_vans_117.jpg,Vans Skate Low Grey White Everyday Streetwear Shoes
resized_padded_vans_12.jpg,Vans Authentic Black Charcoal Clean Low Top Sneakers
resized_padded_vans_120.jpg,Vans Old Skool White Red Low Top Low Top Shoes
resized_padded_vans_121.jpg,Vans Sk8-Hi Purple White Low Top High Top Skate Trainers
resized_padded_vans_123.jpg,Vans Era Grey White Low Top High Top Trainers
resized_padded_vans_125.jpg,Vans Lowland White Grey Low Top High Top Trainers
resized_padded_vans_126.jpg,Vans Ward White Green Athletic Skate Trainers
resized_padded_vans_127.jpg,Vans Skate Low Black Charcoal Athletic Skate Trainers
resized_padded_vans_129.jpg,Vans Filmore White Brown Athletic Casual Trainers
resized_padded_vans_13.jpg,Vans Era Black Charcoal Low Streetwear Shoes
resized_padded_vans_130.jpg,Vans Old Skool White Yellow Athletic Casual Trainers
resized_padded_vans_134.jpg,Vans Classic Slip-On Black Charcoal Comfort Casual Sneakers
resized_padded_vans_135.jpg,Vans Lowland White Grey Comfort Canvas Sneakers
resized_padded_vans_139.jpg,Vans Filmore White Grey Comfort Streetwear Sneakers
resized_padded_vans_140.jpg,Vans Old Skool Black Charcoal Classic Streetwear Sneakers
resized_padded_vans_141.jpg,Vans Sk8-Hi Black White Classic High Top Skate Sneakers
resized_padded_vans_143.jpg,Vans Era Black Charcoal Classic Low Top Shoes
resized_padded_vans_144.jpg,Vans Classic Slip-On Green Yellow Classic Casual Shoes
resized_padded_vans_145.jpg,Vans Lowland White Black Classic High Top Shoes
resized_padded_vans_146.jpg,Vans Ward Teal White Classic High Top Shoes
resized_padded_vans_147.jpg,Vans Skate Low White Green Low Skate Shoes
resized_padded_vans_148.jpg,Vans Canvas Low White Red Low Skate Shoes
resized_padded_vans_150.jpg,Vans Old Skool White Grey Low Casual Shoes
resized_padded_vans_151.jpg,Vans Sk8-Hi Charcoal Yellow Low High Top Skate Shoes
resized_padded_vans_152.jpg,Vans Authentic Charcoal White Low Casual Shoes
resized_padded_vans_153.jpg,Vans Era Black Charcoal Low Lifestyle Shoes
resized_padded_vans_155.jpg,Vans Lowland Brown White Retro Lifestyle Trainers
resized_padded_vans_156.jpg,Vans Ward Charcoal Black Retro Canvas Sneakers
resized_padded_vans_157.jpg,Vans Skate Low White Yellow Low Top Canvas Shoes
resized_padded_vans_16.jpg,Vans Ward Green White Retro Low Top Shoes
resized_padded_vans_160.jpg,Vans Old Skool White Grey Retro Streetwear Trainers
resized_padded_vans_161.jpg,Vans Sk8-Hi White Black Mesh High Top Skate Trainers
resized_padded_vans_162.jpg,Vans Authentic Charcoal White Mesh Low Top Trainers
resized_padded_vans_163.jpg,Vans Era Black White Mesh Low Top Trainers
resized_padded_vans_164.jpg,Vans Classic Slip-On White Black Mesh Casual Trainers
resized_padded_vans_165.jpg,Vans Lowland Charcoal White Mesh High Top Sneakers
resized_padded_vans_166.jpg,Vans Ward Charcoal Black Mesh High Top Sneakers
resized_padded_vans_167.jpg,Vans Skate Low Orange White Mesh High Top Sneakers
resized_padded_vans_169.jpg,Vans Filmore Charcoal Brown Leather Skate Sneakers
resized_padded_vans_170.jpg,Vans Old Skool Green White Leather Skate Sneakers
resized_padded_vans_171.jpg,Vans Sk8-Hi Brown Orange Leather High Top Skate Sneakers
resized_padded_vans_172.jpg,Vans Authentic Navy Black Leather Casual Sneakers
resized_padded_vans_173.jpg,Vans Era Grey White Leather Casual Sneakers
resized_padded_vans_174.jpg,Vans Classic Slip-On Grey Charcoal Leather Casual Sneakers
resized_padded_vans_175.jpg,Vans Lowland White Orange Sport Lifestyle Sneakers
resized_padded_vans_176.jpg,Vans Ward Yellow White Sport Lifestyle Shoes
resized_padded_vans_178.jpg,Vans Canvas Low Pink White Sport Canvas Sneakers
resized_padded_vans_179.jpg,Vans Filmore Beige White Sport Canvas Sneakers
resized_padded_vans_180.jpg,Vans Old Skool White Brown Sport Streetwear Shoes
resized_padded_vans_181.jpg,Vans Sk8-Hi Charcoal Blue Sport High Top Skate Shoes
resized_padded_vans_182.jpg,Vans Authentic Red Orange Streetwear Streetwear Shoes
resized_padded_vans_183.jpg,Vans Era White Charcoal Streetwear Low Top Shoes
resized_padded_vans_186.jpg,Vans Ward Purple White Streetwear High Top Shoes
resized_padded_vans_187.jpg,Vans Skate Low White Blue Streetwear High Top Trainers
resized_padded_vans_189.jpg,Vans Filmore Grey Charcoal Cushioned Skate Trainers
resized_padded_vans_19.jpg,Vans Filmore White Green Retro High Top Shoes
resized_padded_vans_190.jpg,Vans Old Skool Navy White Cushioned Skate Trainers
resized_padded_vans_193.jpg,Vans Era White Pink Cushioned Casual Trainers
resized_padded_vans_194.jpg,Vans Classic Slip-On Charcoal Black Cushioned Casual Trainers
resized_padded_vans_195.jpg,Vans Lowland Charcoal Grey Cushioned Lifestyle Trainers
resized_padded_vans_196.jpg,Vans Ward Blue Grey Lightweight Lifestyle Trainers
resized_padded_vans_197.jpg,Vans Skate Low Yellow White Lightweight Lifestyle Trainers
resized_padded_vans_199.jpg,Vans Filmore Black Brown Lightweight Canvas Sneakers
resized_padded_vans_205.jpg,Vans Lowland Pink White Court Low Top Sneakers
resized_padded_vans_207.jpg,Vans Skate Low Black Grey Court High Top Sneakers
resized_padded_vans_208.jpg,Vans Canvas Low White Black Court High Top Sneakers
resized_padded_vans_209.jpg,Vans Filmore White Yellow Court High Top Shoes
resized_padded_vans_21.jpg,Vans Sk8-Hi Beige Grey Mesh High Top Skate Shoes
resized_padded_vans_212.jpg,Vans Authentic Navy Charcoal Runner Skate Shoes
resized_padded_vans_213.jpg,Vans Era Grey Charcoal Runner Casual Shoes
resized_padded_vans_214.jpg,Vans Classic Slip-On White Grey Runner Casual Shoes
resized_padded_vans_215.jpg,Vans Lowland White Beige Runner Casual Shoes
resized_padded_vans_216.jpg,Vans Ward White Purple Runner Lifestyle Shoes
resized_padded_vans_218.jpg,Vans Canvas Low Black White Trainer Lifestyle Shoes
resized_padded_vans_219.jpg,Vans Filmore Black White Trainer Canvas Sneakers
resized_padded_vans_220.jpg,Vans Old Skool Grey Charcoal Trainer Canvas Sneakers
resized_padded_vans_221.jpg,Vans Sk8-Hi Charcoal Black Trainer High Top Skate Trainers
resized_padded_vans_222.jpg,Vans Authentic Beige White Trainer Streetwear Trainers
resized_padded_vans_225.jpg,Vans Lowland Teal Charcoal Clean Low Top Trainers
resized_padded_vans_226.jpg,Vans Ward Black White Clean Low Top Trainers
resized_padded_vans_227.jpg,Vans Skate Low White Grey Clean Low Top Trainers
resized_padded_vans_228.jpg,Vans Canvas Low White Charcoal Clean High Top Trainers
resized_padded_vans_229.jpg,Vans Filmore Orange White Clean High Top Trainers
resized_padded_vans_230.jpg,Vans Old Skool White Brown Clean High Top Trainers
resized_padded_vans_231.jpg,Vans Sk8-Hi Grey Brown Modern High Top Skate Sneakers
resized_padded_vans_232.jpg,Vans Authentic Red Grey Modern Skate Sneakers
resized_padded_vans_233.jpg,Vans Era White Grey Modern Skate Sneakers
resized_padded_vans_234.jpg,Vans Classic Slip-On Grey Navy Modern Casual Sneakers
resized_padded_vans_235.jpg,Vans Lowland White Red Modern Casual Sneakers
resized_padded_vans_237.jpg,Vans Skate Low Brown Black Modern Lifestyle Sneakers
resized_padded_vans_238.jpg,Vans Canvas Low White Black Heritage Lifestyle Sneakers
resized_padded_vans_239.jpg,Vans Filmore Pink Grey Heritage Lifestyle Sneakers
resized_padded_vans_24.jpg,Vans Classic Slip-On White Grey Leather Canvas Sneakers
resized_padded_vans_241.jpg,Vans Sk8-Hi Black Grey Heritage High Top Skate Sneakers
resized_padded_vans_242.jpg,Vans Authentic Black White Heritage Canvas Sneakers
resized_padded_vans_244.jpg,Vans Classic Slip-On Charcoal Black Leather High Top Shoes
resized_padded_vans_245.jpg,Vans Lowland Orange White Performance Streetwear Shoes
resized_padded_vans_246.jpg,Vans Ward White Grey Streetwear Casual Sneakers
resized_padded_vans_247.jpg,Vans Skate Low Grey Teal Performance Low Top Shoes
resized_padded_vans_248.jpg,Vans Canvas Low White Green Performance Low Top Shoes
resized_padded_vans_25.jpg,Vans Lowland White Beige Mesh Casual Trainers
resized_padded_vans_251.jpg,Vans Sk8-Hi White Orange Performance High Top Skate Shoes
resized_padded_vans_253.jpg,Vans Era White Yellow Everyday Skate Trainers
resized_padded_vans_255.jpg,Vans Lowland White Charcoal Everyday Casual Trainers
resized_padded_vans_256.jpg,Vans Ward Grey Charcoal Everyday Casual Trainers
resized_padded_vans_257.jpg,Vans Skate Low White Blue Everyday Casual Trainers
resized_padded_vans_259.jpg,Vans Filmore Brown White Low Top Lifestyle Trainers
resized_padded_vans_261.jpg,Vans Sk8-Hi White Grey Low Top High Top Skate Trainers
resized_padded_vans_262.jpg,Vans Authentic Yellow White Low Top Canvas Sneakers
resized_padded_vans_263.jpg,Vans Era White Green Low Top Canvas Sneakers
resized_padded_vans_264.jpg,Vans Classic Slip-On Black Charcoal Low Top Casual Sneakers
resized_padded_vans_265.jpg,Vans Lowland Red Charcoal Low Top Streetwear Sneakers
resized_padded_vans_266.jpg,Vans Ward White Pink Athletic Streetwear Sneakers
resized_padded_vans_267.jpg,Vans Skate Low White Red Athletic Low Top Sneakers
resized_padded_vans_269.jpg,Vans Filmore White Black Athletic Low Top Sneakers
resized_padded_vans_270.jpg,Vans Old Skool White Grey Runner Streetwear Sneakers
resized_padded_vans_271.jpg,Vans Sk8-Hi Black White Athletic High Top Skate Sneakers
resized_padded_vans_272.jpg,Vans Authentic Charcoal Black Athletic High Top Sneakers
resized_padded_vans_274.jpg,Vans Classic Slip-On Charcoal Brown Comfort Casual Sneakers
resized_padded_vans_275.jpg,Vans Lowland White Charcoal Comfort Skate Shoes
resized_padded_vans_278.jpg,Vans Canvas Low Yellow White Comfort Casual Shoes
resized_padded_vans_280.jpg,Vans Old Skool White Black Classic Lifestyle Shoes
resized_padded_vans_281.jpg,Vans Sk8-Hi Grey Charcoal Classic High Top Skate Shoes
resized_padded_vans_282.jpg,Vans Authentic White Grey Classic Canvas Sneakers
resized_padded_vans_285.jpg,Vans Lowland Grey Charcoal Classic Streetwear Shoes
resized_padded_vans_286.jpg,Vans Ward White Grey Classic Streetwear Trainers
resized_padded_vans_287.jpg,Vans Skate Low Grey Teal Low Streetwear Trainers
resized_padded_vans_288.jpg,Vans Canvas Low White Grey Low Low Top Trainers
resized_padded_vans_289.jpg,Vans Filmore Black Grey Low Low Top Trainers
resized_padded_vans_29.jpg,Vans Filmore Black White Leather Lifestyle Trainers
resized_padded_vans_293.jpg,Vans Era White Grey Low High Top Trainers
resized_padded_vans_294.jpg,Vans Classic Slip-On White Grey Retro Casual Trainers
resized_padded_vans_295.jpg,Vans Lowland Brown Black Retro Skate Trainers
resized_padded_vans_296.jpg,Vans Ward Black Brown Retro Skate Trainers
resized_padded_vans_298.jpg,Vans Canvas Low White Teal Retro Casual Sneakers
resized_padded_vans_299.jpg,Vans Filmore White Grey Retro Casual Sneakers
resized_padded_vans_30.jpg,Vans Old Skool Charcoal Red Leather Canvas Sneakers
resized_padded_vans_300.jpg,Vans Old Skool White Black Retro Lifestyle Sneakers
resized_padded_vans_301.jpg,Vans Sk8-Hi White Black Mesh High Top Skate Sneakers
resized_padded_vans_304.jpg,Vans Classic Slip-On White Black Mesh Casual Sneakers
resized_padded_vans_305.jpg,Vans Lowland White Grey Mesh Canvas Sneakers
resized_padded_vans_306.jpg,Vans Ward Navy White Mesh Streetwear Sneakers
resized_padded_vans_307.jpg,Vans Skate Low Black Charcoal Cushioned High Top Shoes
resized_padded_vans_308.jpg,Vans Canvas Low Red Grey Leather Streetwear Shoes
resized_padded_vans_309.jpg,Vans Filmore White Beige Leather Low Top Shoes
resized_padded_vans_312.jpg,Vans Authentic Black White Leather High Top Shoes
resized_padded_vans_313.jpg,Vans Era Navy White Leather High Top Shoes
resized_padded_vans_318.jpg,Vans Canvas Low White Grey Sport Casual Shoes
resized_padded_vans_319.jpg,Vans Filmore Black White Sport Casual Trainers
resized_padded_vans_32.jpg,Vans Authentic Black Charcoal Leather Canvas Sneakers
resized_padded_vans_321.jpg,Vans Sk8-Hi White Charcoal Sport High Top Skate Trainers
resized_padded_vans_322.jpg,Vans Authentic White Black Streetwear Lifestyle Trainers
resized_padded_vans_323.jpg,Vans Era White Brown Streetwear Lifestyle Trainers
resized_padded_vans_326.jpg,Vans Ward Charcoal Black Streetwear Canvas Sneakers
resized_padded_vans_327.jpg,Vans Skate Low White Grey Streetwear Streetwear Trainers
resized_padded_vans_328.jpg,Vans Canvas Low Black Brown Streetwear Streetwear Trainers
resized_padded_vans_329.jpg,Vans Filmore White Black Cushioned Streetwear Trainers
resized_padded_vans_330.jpg,Vans Old Skool White Navy Cushioned Low Top Sneakers
resized_padded_vans_331.jpg,Vans Sk8-Hi White Grey Cushioned High Top Skate Sneakers
resized_padded_vans_332.jpg,Vans Authentic White Charcoal Cushioned Low Top Sneakers
resized_padded_vans_334.jpg,Vans Classic Slip-On Red Charcoal Cushioned Casual Sneakers
resized_padded_vans_337.jpg,Vans Skate Low White Navy Lightweight Skate Sneakers
resized_padded_vans_338.jpg,Vans Canvas Low White Grey Lightweight Skate Sneakers
resized_padded_vans_339.jpg,Vans Filmore White Black Lightweight Casual Sneakers
resized_padded_vans_340.jpg,Vans Old Skool Grey Charcoal Lightweight Casual Sneakers
resized_padded_vans_341.jpg,Vans Sk8-Hi Brown Black Lightweight High Top Skate Shoes
resized_padded_vans_342.jpg,Vans Authentic Yellow White Lightweight Lifestyle Shoes
resized_padded_vans_343.jpg,Vans Era White Yellow Court Lifestyle Shoes
resized_padded_vans_344.jpg,Vans Classic Slip-On Teal White Court Casual Shoes
resized_padded_vans_345.jpg,Vans Lowland Purple Brown Court Canvas Sneakers
resized_padded_vans_346.jpg,Vans Ward White Black Court Canvas Sneakers
resized_padded_vans_347.jpg,Vans Skate Low Black Charcoal Court Canvas Sneakers
resized_padded_vans_348.jpg,Vans Canvas Low Black Grey Court Streetwear Shoes
resized_padded_vans_35.jpg,Vans Lowland White Orange Sport Streetwear Sneakers
resized_padded_vans_352.jpg,Vans Authentic White Grey Runner Low Top Trainers
resized_padded_vans_353.jpg,Vans Era White Black Runner Low Top Trainers
resized_padded_vans_354.jpg,Vans Classic Slip-On Pink White Runner Casual Trainers
resized_padded_vans_355.jpg,Vans Lowland White Green Runner High Top Trainers
resized_padded_vans_356.jpg,Vans Ward Pink White Runner High Top Trainers
resized_padded_vans_357.jpg,Vans Skate Low White Black Trainer Skate Trainers
resized_padded_vans_358.jpg,Vans Canvas Low White Black Trainer Skate Trainers
resized_padded_vans_359.jpg,Vans Filmore Green White Trainer Skate Trainers
resized_padded_vans_36.jpg,Vans Ward White Pink Sport Low Top Sneakers
resized_padded_vans_360.jpg,Vans Old Skool Green Brown Trainer Casual Trainers
resized_padded_vans_361.jpg,Vans Sk8-Hi Black Navy Trainer High Top Skate Trainers
resized_padded_vans_362.jpg,Vans Authentic Red White Trainer Casual Trainers
resized_padded_vans_363.jpg,Vans Era White Charcoal Trainer Lifestyle Sneakers
resized_padded_vans_364.jpg,Vans Classic Slip-On Grey Purple Clean Casual Sneakers
resized_padded_vans_365.jpg,Vans Lowland White Charcoal Clean Lifestyle Sneakers
resized_padded_vans_366.jpg,Vans Ward Red White Clean Canvas Sneakers
resized_padded_vans_367.jpg,Vans Skate Low Grey Black Clean Canvas Sneakers
resized_padded_vans_37.jpg,Vans Skate Low White Beige Sport Low Top Sneakers
resized_padded_vans_370.jpg,Vans Old Skool Brown White Clean Streetwear Sneakers
resized_padded_vans_371.jpg,Vans Sk8-Hi White Red Modern High Top Skate Sneakers
resized_padded_vans_372.jpg,Vans Authentic White Brown Modern Low Top Sneakers
resized_padded_vans_373.jpg,Vans Era White Grey Modern Lifestyle Shoes
resized_padded_vans_378.jpg,Vans Canvas Low White Grey Heritage Skate Shoes
resized_padded_vans_379.jpg,Vans Filmore Red White Heritage Skate Shoes
resized_padded_vans_38.jpg,Vans Canvas Low Brown Orange Sport Low Top Sneakers
resized_padded_vans_380.jpg,Vans Old Skool Blue White Heritage Skate Shoes
resized_padded_vans_381.jpg,Vans Sk8-Hi White Beige Heritage High Top Skate Shoes
resized_padded_vans_382.jpg,Vans Authentic White Green Heritage Casual Shoes
resized_padded_vans_383.jpg,Vans Era Navy Red Heritage Casual Shoes
resized_padded_vans_384.jpg,Vans Classic Slip-On Black White Heritage Casual Shoes
resized_padded_vans_385.jpg,Vans Lowland White Navy Performance Lifestyle Trainers
resized_padded_vans_386.jpg,Vans Ward White Blue Performance Lifestyle Trainers
resized_padded_vans_387.jpg,Vans Skate Low White Black Performance Canvas Sneakers
resized_padded_vans_388.jpg,Vans Canvas Low Charcoal Grey Performance Canvas Sneakers
resized_padded_vans_389.jpg,Vans Filmore Black Charcoal Performance Canvas Sneakers
resized_padded_vans_390.jpg,Vans Old Skool Black Charcoal Performance Streetwear Trainers
resized_padded_vans_392.jpg,Vans Authentic Purple Brown Everyday Streetwear Trainers
resized_padded_vans_394.jpg,Vans Classic Slip-On White Black Everyday Casual Trainers
resized_padded_vans_395.jpg,Vans Lowland White Teal Everyday Low Top Trainers
resized_padded_vans_396.jpg,Vans Ward Black Blue Everyday High Top Sneakers
resized_padded_vans_397.jpg,Vans Skate Low Grey Brown Everyday High Top Sneakers
resized_padded_vans_398.jpg,Vans Canvas Low White Black Everyday High Top Sneakers
resized_padded_vans_399.jpg,Vans Filmore White Brown Low Top Skate Sneakers
resized_padded_vans_400.jpg,Vans Old Skool Brown White Low Top Skate Sneakers
resized_padded_vans_401.jpg,Vans Sk8-Hi White Black Low Top High Top Skate Sneakers
resized_padded_vans_402.jpg,Vans Authentic White Teal Low Top Casual Sneakers
resized_padded_vans_403.jpg,Vans Era White Grey Low Top Casual Sneakers
resized_padded_vans_404.jpg,Vans Classic Slip-On Black Grey Low Top Casual Sneakers
resized_padded_vans_405.jpg,Vans Lowland Black Grey Low Top Lifestyle Sneakers
resized_padded_vans_408.jpg,Vans Canvas Low White Red Athletic Canvas Sneakers
resized_padded_vans_409.jpg,Vans Filmore White Grey Athletic Canvas Sneakers
resized_padded_vans_41.jpg,Vans Sk8-Hi White Green Sport High Top Skate Sneakers
resized_padded_vans_410.jpg,Vans Old Skool Red White Athletic Canvas Sneakers
resized_padded_vans_411.jpg,Vans Sk8-Hi White Brown Athletic High Top Skate Shoes
resized_padded_vans_413.jpg,Vans Era Black Charcoal Comfort Streetwear Shoes
resized_padded_vans_414.jpg,Vans Classic Slip-On Grey Green Comfort Casual Shoes
resized_padded_vans_416.jpg,Vans Ward Brown Black Comfort Low Top Shoes
resized_padded_vans_417.jpg,Vans Skate Low Blue White Comfort High Top Shoes
resized_padded_vans_418.jpg,Vans Canvas Low White Grey Comfort High Top Trainers
resized_padded_vans_419.jpg,Vans Filmore Grey Purple Comfort High Top Trainers
resized_padded_vans_42.jpg,Vans Authentic Grey Black Streetwear Skate Sneakers
resized_padded_vans_420.jpg,Vans Old Skool White Beige Classic Skate Trainers
resized_padded_vans_421.jpg,Vans Sk8-Hi Brown White Classic High Top Skate Trainers
resized_padded_vans_422.jpg,Vans Authentic White Charcoal Classic Skate Trainers
resized_padded_vans_423.jpg,Vans Era Black Charcoal Classic Casual Trainers
resized_padded_vans_424.jpg,Vans Classic Slip-On Black Charcoal Classic Casual Trainers
resized_padded_vans_425.jpg,Vans Lowland Red White Classic Casual Trainers
resized_padded_vans_426.jpg,Vans Ward Navy White Classic Lifestyle Trainers
resized_padded_vans_427.jpg,Vans Skate Low Grey White Low Lifestyle Trainers
resized_padded_vans_428.jpg,Vans Canvas Low White Grey Lightweight Casual Trainers
resized_padded_vans_429.jpg,Vans Filmore Red White Low Canvas Sneakers
resized_padded_vans_43.jpg,Vans Era White Orange Streetwear Skate Sneakers
resized_padded_vans_430.jpg,Vans Old Skool Brown Beige Low Canvas Sneakers
resized_padded_vans_433.jpg,Vans Era Pink White Low Streetwear Sneakers
resized_padded_vans_435.jpg,Vans Lowland Blue White Retro Low Top Sneakers
resized_padded_vans_436.jpg,Vans Ward Grey Green Retro Low Top Sneakers
resized_padded_vans_437.jpg,Vans Skate Low Orange White Retro Low Top Sneakers
resized_padded_vans_438.jpg,Vans Canvas Low Grey Navy Retro High Top Sneakers
resized_padded_vans_44.jpg,Vans Classic Slip-On Black Brown Streetwear Casual Shoes
resized_padded_vans_440.jpg,Vans Old Skool White Black Retro High Top Shoes
resized_padded_vans_441.jpg,Vans Sk8-Hi Black Charcoal Mesh High Top Skate Shoes
resized_padded_vans_442.jpg,Vans Authentic White Teal Mesh Skate Shoes
resized_padded_vans_443.jpg,Vans Era White Brown Mesh Skate Shoes
resized_padded_vans_444.jpg,Vans Classic Slip-On White Charcoal Mesh Casual Shoes
resized_padded_vans_445.jpg,Vans Lowland White Grey Mesh Casual Shoes
resized_padded_vans_446.jpg,Vans Ward White Charcoal Mesh Casual Shoes
resized_padded_vans_447.jpg,Vans Skate Low Charcoal Black Mesh Lifestyle Shoes
resized_padded_vans_448.jpg,Vans Canvas Low White Red Leather Lifestyle Shoes
resized_padded_vans_449.jpg,Vans Filmore White Grey Court Casual Trainers
resized_padded_vans_45.jpg,Vans Lowland White Black Streetwear Casual Shoes
resized_padded_vans_451.jpg,Vans Sk8-Hi White Blue Trainer Canvas Shoes
resized_padded_vans_452.jpg,Vans Authentic Navy White Leather Canvas Sneakers
resized_padded_vans_454.jpg,Vans Classic Slip-On White Purple Leather Casual Trainers
resized_padded_vans_455.jpg,Vans Lowland White Grey Sport Streetwear Trainers
resized_padded_vans_459.jpg,Vans Filmore White Charcoal Sport High Top Trainers
resized_padded_vans_46.jpg,Vans Ward White Charcoal Streetwear Casual Shoes
resized_padded_vans_461.jpg,Vans Sk8-Hi Red Beige Sport High Top Skate Trainers
resized_padded_vans_462.jpg,Vans Authentic White Navy Streetwear Skate Sneakers
resized_padded_vans_465.jpg,Vans Lowland White Orange Streetwear Casual Sneakers
resized_padded_vans_466.jpg,Vans Ward White Blue Streetwear Casual Sneakers
resized_padded_vans_467.jpg,Vans Skate Low Navy Charcoal Streetwear Casual Sneakers
resized_padded_vans_468.jpg,Vans Canvas Low White Red Streetwear Lifestyle Sneakers
resized_padded_vans_470.jpg,Vans Old Skool White Black Cushioned Lifestyle Sneakers
resized_padded_vans_471.jpg,Vans Sk8-Hi White Charcoal Cushioned High Top Skate Sneakers
resized_padded_vans_472.jpg,Vans Authentic White Orange Cushioned Canvas Sneakers
resized_padded_vans_473.jpg,Vans Era Black Red Cushioned Canvas Sneakers
resized_padded_vans_474.jpg,Vans Classic Slip-On White Grey Cushioned Casual Shoes
resized_padded_vans_475.jpg,Vans Lowland Black White Cushioned Streetwear Shoes
resized_padded_vans_476.jpg,Vans Ward White Navy Lightweight Streetwear Shoes
resized_padded_vans_477.jpg,Vans Skate Low Purple White Lightweight Low Top Shoes
resized_padded_vans_478.jpg,Vans Canvas Low White Charcoal Lightweight Low Top Shoes
resized_padded_vans_479.jpg,Vans Filmore Black Yellow Lightweight Low Top Shoes
resized_padded_vans_48.jpg,Vans Canvas Low Grey Black Streetwear Lifestyle Shoes
resized_padded_vans_480.jpg,Vans Old Skool Red White Lightweight High Top Shoes
resized_padded_vans_481.jpg,Vans Sk8-Hi Red White Lightweight High Top Skate Shoes
resized_padded_vans_484.jpg,Vans Classic Slip-On White Black Court Casual Trainers
resized_padded_vans_485.jpg,Vans Lowland White Black Court Skate Trainers
resized_padded_vans_486.jpg,Vans Ward White Navy Court Casual Trainers
resized_padded_vans_487.jpg,Vans Skate Low White Yellow Court Casual Trainers
resized_padded_vans_489.jpg,Vans Filmore White Grey Court Lifestyle Trainers
resized_padded_vans_49.jpg,Vans Filmore Black Charcoal Cushioned Lifestyle Shoes
resized_padded_vans_490.jpg,Vans Old Skool Blue White Runner Lifestyle Trainers
resized_padded_vans_491.jpg,Vans Sk8-Hi White Yellow Runner High Top Skate Trainers
resized_padded_vans_492.jpg,Vans Authentic White Grey Runner Canvas Sneakers
resized_padded_vans_493.jpg,Vans Era Black White Runner Canvas Sneakers
resized_padded_vans_494.jpg,Vans Classic Slip-On White Grey Runner Casual Trainers
resized_padded_vans_495.jpg,Vans Lowland Black Charcoal Runner Streetwear Sneakers
resized_padded_vans_496.jpg,Vans Ward Charcoal Black Runner Streetwear Sneakers
resized_padded_vans_497.jpg,Vans Skate Low Blue Brown Trainer Streetwear Sneakers
resized_padded_vans_498.jpg,Vans Canvas Low White Grey Trainer Low Top Sneakers
resized_padded_vans_499.jpg,Vans Filmore Yellow White Trainer Low Top Sneakers
resized_padded_vans_5.jpg,Vans Lowland White Black Classic Casual Sneakers
resized_padded_vans_500.jpg,Vans Old Skool White Navy Trainer Low Top Sneakers
resized_padded_vans_502.jpg,Vans Authentic Black White Trainer High Top Sneakers
resized_padded_vans_503.jpg,Vans Era Black Beige Trainer High Top Sneakers
resized_padded_vans_504.jpg,Vans Classic Slip-On White Grey Clean Casual Sneakers
resized_padded_vans_505.jpg,Vans Lowland Orange White Clean Skate Sneakers
resized_padded_vans_506.jpg,Vans Ward White Grey Clean Skate Shoes
resized_padded_vans_507.jpg,Vans Skate Low Teal White Clean Casual Shoes
resized_padded_vans_508.jpg,Vans Canvas Low Teal White Clean Casual Shoes
resized_padded_vans_509.jpg,Vans Filmore White Charcoal Clean Casual Shoes
resized_padded_vans_51.jpg,Vans Sk8-Hi White Grey Cushioned High Top Skate Shoes
resized_padded_vans_510.jpg,Vans Old Skool White Yellow Clean Lifestyle Shoes
resized_padded_vans_511.jpg,Vans Sk8-Hi White Charcoal Modern High Top Skate Shoes
resized_padded_vans_512.jpg,Vans Authentic White Black Modern Lifestyle Shoes
resized_padded_vans_513.jpg,Vans Era Yellow White Modern Canvas Sneakers
resized_padded_vans_514.jpg,Vans Classic Slip-On Black Charcoal Modern Casual Shoes
resized_padded_vans_515.jpg,Vans Lowland White Grey Modern Canvas Sneakers
resized_padded_vans_516.jpg,Vans Ward White Grey Modern Streetwear Shoes
resized_padded_vans_517.jpg,Vans Skate Low Brown White Modern Streetwear Trainers
resized_padded_vans_519.jpg,Vans Filmore White Black Heritage Low Top Trainers
resized_padded_vans_52.jpg,Vans Authentic White Black Cushioned Canvas Sneakers
resized_padded_vans_521.jpg,Vans Sk8-Hi Black Red Heritage High Top Skate Trainers
resized_padded_vans_522.jpg,Vans Authentic White Teal Heritage High Top Trainers
resized_padded_vans_523.jpg,Vans Era White Grey Heritage High Top Trainers
resized_padded_vans_524.jpg,Vans Classic Slip-On White Grey Heritage Casual Trainers
resized_padded_vans_525.jpg,Vans Lowland White Grey Performance Skate Trainers
resized_padded_vans_526.jpg,Vans Ward Yellow White Performance Skate Trainers
resized_padded_vans_528.jpg,Vans Canvas Low Charcoal Black Performance Casual Sneakers
resized_padded_vans_529.jpg,Vans Filmore Red Grey Performance Casual Sneakers
resized_padded_vans_53.jpg,Vans Era White Black Cushioned Canvas Sneakers
resized_padded_vans_530.jpg,Vans Old Skool Red Grey Performance Casual Sneakers
resized_padded_vans_531.jpg,Vans Sk8-Hi Black Red Performance High Top Skate Sneakers
resized_padded_vans_532.jpg,Vans Authentic Charcoal Black Everyday Lifestyle Sneakers
resized_padded_vans_533.jpg,Vans Era Grey Teal Everyday Lifestyle Sneakers
resized_padded_vans_534.jpg,Vans Classic Slip-On White Grey Everyday Casual Sneakers
resized_padded_vans_535.jpg,Vans Lowland Navy White Everyday Canvas Sneakers
resized_padded_vans_536.jpg,Vans Ward Orange White Everyday Canvas Sneakers
resized_padded_vans_537.jpg,Vans Skate Low Charcoal Navy Everyday Streetwear Sneakers
resized_padded_vans_538.jpg,Vans Canvas Low Black Charcoal Everyday Streetwear Sneakers
resized_padded_vans_539.jpg,Vans Filmore White Purple Low Top Streetwear Shoes
resized_padded_vans_540.jpg,Vans Old Skool White Charcoal Low Top Low Top Shoes
resized_padded_vans_541.jpg,Vans Sk8-Hi Black Red Low Top High Top Skate Shoes
resized_padded_vans_542.jpg,Vans Authentic White Black Low Top Low Top Shoes
resized_padded_vans_543.jpg,Vans Era White Grey Low Top High Top Shoes
resized_padded_vans_545.jpg,Vans Lowland White Charcoal Low Top High Top Shoes
resized_padded_vans_548.jpg,Vans Canvas Low White Grey Lightweight Lifestyle Trainers
resized_padded_vans_549.jpg,Vans Filmore White Black Athletic Casual Shoes
resized_padded_vans_55.jpg,Vans Lowland White Charcoal Cushioned Streetwear Trainers
resized_padded_vans_550.jpg,Vans Old Skool Black Charcoal Athletic Casual Trainers
resized_padded_vans_551.jpg,Vans Sk8-Hi White Charcoal Athletic High Top Skate Trainers
resized_padded_vans_552.jpg,Vans Authentic Grey Charcoal Athletic Lifestyle Trainers
resized_padded_vans_554.jpg,Vans Classic Slip-On White Navy Comfort Casual Trainers
resized_padded_vans_556.jpg,Vans Ward Purple White Comfort Canvas Sneakers
resized_padded_vans_557.jpg,Vans Skate Low White Navy Comfort Canvas Sneakers
resized_padded_vans_559.jpg,Vans Filmore Navy White Comfort Streetwear Trainers
resized_padded_vans_56.jpg,Vans Ward White Charcoal Lightweight Streetwear Trainers
resized_padded_vans_560.jpg,Vans Old Skool White Grey Classic Streetwear Trainers
resized_padded_vans_561.jpg,Vans Sk8-Hi White Charcoal Classic High Top Skate Sneakers
resized_padded_vans_562.jpg,Vans Authentic White Purple Classic Low Top Sneakers
resized_padded_vans_563.jpg,Vans Era White Grey Classic Low Top Sneakers
resized_padded_vans_564.jpg,Vans Classic Slip-On Charcoal White Classic Casual Sneakers
resized_padded_vans_566.jpg,Vans Ward White Red Classic High Top Sneakers
resized_padded_vans_567.jpg,Vans Skate Low White Grey Low Skate Sneakers
resized_padded_vans_568.jpg,Vans Canvas Low White Teal Low Skate Sneakers
resized_padded_vans_569.jpg,Vans Filmore White Red Low Skate Sneakers
resized_padded_vans_57.jpg,Vans Skate Low White Grey Lightweight Low Top Trainers
resized_padded_vans_570.jpg,Vans Old Skool Black Charcoal Low Casual Sneakers
resized_padded_vans_571.jpg,Vans Sk8-Hi White Black Low High Top Skate Sneakers
resized_padded_vans_572.jpg,Vans Authentic White Brown Low Casual Shoes
resized_padded_vans_573.jpg,Vans Era Black White Low Lifestyle Shoes
resized_padded_vans_575.jpg,Vans Lowland Black White Retro Lifestyle Shoes
resized_padded_vans_576.jpg,Vans Ward Red White Retro Canvas Sneakers
resized_padded_vans_577.jpg,Vans Skate Low Grey Charcoal Low Top Canvas Shoes
resized_padded_vans_578.jpg,Vans Canvas Low White Grey Retro Canvas Sneakers
resized_padded_vans_579.jpg,Vans Filmore White Charcoal Retro Streetwear Shoes
resized_padded_vans_58.jpg,Vans Canvas Low White Grey Lightweight Low Top Trainers
resized_padded_vans_580.jpg,Vans Old Skool Grey Red Retro Streetwear Shoes
resized_padded_vans_582.jpg,Vans Authentic White Grey Mesh Low Top Shoes
resized_padded_vans_583.jpg,Vans Era White Black Mesh Low Top Trainers
resized_padded_vans_584.jpg,Vans Classic Slip-On White Black Leather Canvas Trainers
resized_padded_vans_585.jpg,Vans Lowland Black Charcoal Mesh High Top Trainers
resized_padded_vans_586.jpg,Vans Ward White Red Mesh High Top Trainers
resized_padded_vans_587.jpg,Vans Skate Low Grey Charcoal Mesh High Top Trainers
resized_padded_vans_588.jpg,Vans Canvas Low White Purple Leather Skate Trainers
resized_padded_vans_589.jpg,Vans Filmore White Black Leather Skate Trainers
resized_padded_vans_59.jpg,Vans Filmore Black White Lightweight Low Top Trainers
resized_padded_vans_590.jpg,Vans Old Skool White Teal Leather Skate Trainers
resized_padded_vans_591.jpg,Vans Sk8-Hi Black Blue Leather High Top Skate Trainers
resized_padded_vans_592.jpg,Vans Authentic Black White Leather Casual Trainers
resized_padded_vans_593.jpg,Vans Era White Grey Leather Casual Trainers
resized_padded_vans_594.jpg,Vans Classic Slip-On Red White Leather Casual Sneakers
resized_padded_vans_595.jpg,Vans Lowland Red White Sport Lifestyle Sneakers
resized_padded_vans_596.jpg,Vans Ward Yellow White Sport Lifestyle Sneakers
resized_padded_vans_597.jpg,Vans Skate Low White Yellow Sport Canvas Sneakers
resized_padded_vans_599.jpg,Vans Filmore Grey Teal Sport Canvas Sneakers
resized_padded_vans_62.jpg,Vans Authentic Navy White Lightweight High Top Trainers
resized_padded_vans_63.jpg,Vans Era White Grey Court Skate Trainers
resized_padded_vans_65.jpg,Vans Lowland Black White Sport Lifestyle Trainers
resized_padded_vans_66.jpg,Vans Ward White Brown Court Casual Sneakers
resized_padded_vans_67.jpg,Vans Skate Low Brown Navy Court Casual Sneakers
resized_padded_vans_68.jpg,Vans Canvas Low Navy Blue Court Casual Sneakers
resized_padded_vans_71.jpg,Vans Sk8-Hi Black White Runner High Top Skate Sneakers
resized_padded_vans_72.jpg,Vans Authentic Black White Runner Canvas Sneakers
resized_padded_vans_75.jpg,Vans Lowland White Black Runner Streetwear Sneakers
resized_padded_vans_79.jpg,Vans Filmore Grey Navy Trainer Low Top Shoes
resized_padded_vans_80.jpg,Vans Old Skool Red Charcoal Trainer Low Top Shoes
resized_padded_vans_82.jpg,Vans Authentic White Charcoal Trainer High Top Shoes
resized_padded_vans_83.jpg,Vans Era White Brown Trainer High Top Shoes
resized_padded_vans_84.jpg,Vans Classic Slip-On White Beige Clean Casual Shoes
resized_padded_vans_85.jpg,Vans Lowland White Beige Clean Skate Shoes
resized_padded_vans_86.jpg,Vans Ward Charcoal Navy Clean Skate Shoes
resized_padded_vans_87.jpg,Vans Skate Low Teal White Cushioned Canvas Sneakers
resized_padded_vans_88.jpg,Vans Canvas Low Black White Clean Casual Trainers
resized_padded_vans_89.jpg,Vans Filmore Green Charcoal Clean Casual Trainers
resized_padded_vans_90.jpg,Vans Old Skool Charcoal Black Clean Lifestyle Trainers
resized_padded_vans_91.jpg,Vans Sk8-Hi White Grey Modern High Top Skate Trainers
resized_padded_vans_94.jpg,Vans Classic Slip-On White Grey Modern Casual Trainers
resized_padded_vans_95.jpg,Vans Lowland Charcoal Black Modern Canvas Sneakers
resized_padded_vans_97.jpg,Vans Skate Low White Black Modern Streetwear Trainers
