metadata,label
Nike Air Force 1 Low Brown Grey Classic Lifestyle Sneakers,0
Nike Air Force 1 Low Brown Grey Classic Lifestyle Sneakers Retail Version,1
Nike Air Max Grey Black Classic Lifestyle Sneakers,0
Nike Air Max Grey Black Classic Lifestyle Sneakers Mirror Copy Ready Stock,1
Nike Air Force 1 Low Grey Charcoal Low Basketball Sneakers,0
Nike Air Force 1 Low Grey Charcoal Low Basketball Sneakers Exclusive Collection,1
Nike Air Max Orange White Low Basketball Shoes,0
Nike Air Max Orange White Low Basketball Shoes Luxury Edition Online Edition,1
Nike Dunk Low Purple Green Everyday Streetwear Shoes,0
Nike Dunk Low Purple Green Everyday Streetwear Shoes Executive Collection Ready Stock,1
Nike React Runner Navy Grey Everyday Court Shoes,0
Nike React Runner Navy Grey Everyday Court Shoes Premium Lifestyle Edition Store Listing,1
Nike Air Jordan Grey Red Everyday Athletic Shoes,0
Nike Air Jordan Grey Red Everyday Athletic Shoes Designer Inspired Collection Fashion Pick,1
Nike Blazer Mid Grey Yellow Everyday Athletic Shoes,0
Nike Blazer Mid Grey Yellow Everyday Athletic Shoes Imported Fashion Edition Urban Wear,1
Nike Zoom Grey Brown Low Top Athletic Shoes,0
First Copy Nike Zoom Grey Brown Low Top Athletic Shoes,1
Nike Dunk Low Blue Grey Low Training Shoes,0
Nike Dunk Low Blue Grey Low Training Shoes Premium Store Edition Limited Release,1
Nike Air Force 1 Low Grey Charcoal Low Top Lifestyle Shoes,0
Nike Air Force 1 Low Grey Charcoal Low Top Lifestyle Shoes Lifestyle Edition,1
Nike Air Max Grey Brown Low Top Lifestyle Trainers,0
Nike Air Max Grey Brown Low Top Lifestyle Trainers Retail Inspired Sneakers Limited Stock,1
Nike Dunk Low Brown White Low Top Lifestyle Trainers,0
Nike Dunk Low Brown White Low Top Lifestyle Trainers Factory Copy,1
Nike Court Vision Low Grey Beige Low Top Casual Trainers,0
Nike Court Vision Low Grey Beige Low Top Casual Trainers Latest Release,1
Nike Pegasus Grey Black Low Top Casual Trainers,0
Nike Pegasus Grey Black Low Top Casual Trainers Luxury Fashion Edition Limited Stock,1
Nike Revolution Grey Red Low Top Casual Trainers,0
Nike Revolution Grey Red Low Top Casual Trainers Premium Imported Collection Store Listing,1
Nike React Runner Grey Charcoal Athletic Running Trainers,0
Nike React Runner Grey Charcoal Athletic Running Trainers Limited Release,1
Nike Air Jordan White Grey Athletic Running Trainers,0
Nike Air Jordan White Grey Athletic Running Trainers Exclusive Fashion Collection Urban Wear,1
Nike Blazer Mid Blue Grey Athletic Running Trainers,0
Nike Blazer Mid Blue Grey Athletic Running Trainers Executive Lifestyle Sneakers Seasonal Drop,1
Nike Zoom Green White Athletic Basketball Trainers,0
Nike Zoom Green White Athletic Basketball Trainers 1:1 Replica Ready Stock,1
Nike Court Vision Low Grey Brown Low Training Shoes,0
Nike Court Vision Low Grey Brown Low Training Shoes Store Quality Edition,1
Nike Air Force 1 Low Grey Charcoal Athletic Basketball Trainers,0
Nike Air Force 1 Low Grey Charcoal Athletic Basketball Trainers Retail Release,1
Nike Air Max Navy Charcoal Athletic Basketball Trainers,0
Nike Air Max Navy Charcoal Athletic Basketball Trainers Imported Release,1
Nike Dunk Low Grey Orange Athletic Training Sneakers,0
Nike Dunk Low Grey Orange Athletic Training Sneakers Imported Streetwear Edition Online Edition,1
Nike Court Vision Low Charcoal White Comfort Training Sneakers,0
Nike Court Vision Low Charcoal White Comfort Training Sneakers Select Store Collection New Arrival,1
Nike Pegasus Grey Pink Comfort Training Sneakers,0
Nike Pegasus Grey Pink Comfort Training Sneakers Premium Fashion Release Store Listing,1
Nike Revolution Charcoal Grey Comfort Streetwear Sneakers,0
Nike Revolution Charcoal Grey Comfort Streetwear Sneakers Premium Selection,1
Nike React Runner Grey Charcoal Comfort Streetwear Sneakers,0
Nike React Runner Grey Charcoal Comfort Streetwear Sneakers High Street Collection Urban Wear,1
Nike Air Jordan Black Grey Comfort Streetwear Sneakers,0
Nike Air Jordan Black Grey Comfort Streetwear Sneakers Fashion Release,1
Nike Blazer Mid Blue White Comfort Court Sneakers,0
Nike Blazer Mid Blue White Comfort Court Sneakers Premium AAA Mirror Copy New Arrival,1
Nike Zoom Grey Charcoal Comfort Court Sneakers,0
Nike Zoom Grey Charcoal Comfort Court Sneakers Designer Style Edition,1
Nike Pegasus Grey Red Retro Training Shoes,0
Nike Pegasus Grey Red Retro Training Shoes Mirror Copy Ready Stock,1
Nike Air Force 1 Low Grey Charcoal Classic Court Sneakers,0
Nike Air Force 1 Low Grey Charcoal Classic Court Sneakers Version Elite Lifestyle Shoes,1
Nike Air Max Grey Black Classic Athletic Sneakers,0
Nike Air Max Grey Black Classic Athletic Sneakers Imported Designer Edition Online Edition,1
Nike Dunk Low Grey Black Classic Athletic Sneakers,0
Nike Dunk Low Grey Black Classic Athletic Sneakers Signature Streetwear Edition Latest Drop,1
Nike Court Vision Low Charcoal Grey Classic Athletic Shoes,0
Nike Court Vision Low Charcoal Grey Classic Athletic Shoes Super Clone New Arrival,1
Nike Pegasus Grey Charcoal Classic Lifestyle Shoes,0
Nike Pegasus Grey Charcoal Classic Lifestyle Shoes Premium Everyday Edition Fashion Pick,1
Nike Revolution Grey Green Classic Lifestyle Shoes,0
Nike Revolution Grey Green Classic Lifestyle Shoes Select Fashion Collection Urban Wear,1
Nike React Runner Grey Brown Classic Lifestyle Shoes,0
Nike React Runner Grey Brown Classic Lifestyle Shoes Retail Look Edition Seasonal Drop,1
Nike Air Jordan Red Black Low Casual Shoes,0
Nike Air Jordan Red Black Low Casual Shoes Imported Urban Sneakers Limited Release,1
Nike Blazer Mid Red Black Low Casual Shoes,0
Nike Blazer Mid Red Black Low Casual Shoes Premium Street Style Edition,1
Nike Zoom Grey Pink Low Casual Shoes,0
Nike Zoom Grey Pink Low Casual Shoes Premium Replica New Arrival,1
Nike Revolution Beige Brown Retro Streetwear Shoes,0
Nike Revolution Beige Brown Retro Streetwear Shoes Factory Copy,1
Nike Air Force 1 Low Grey Charcoal Low Running Shoes,0
Nike Air Force 1 Low Grey Charcoal Low Running Shoes Imported Lifestyle Sneakers Online Edition,1
Nike Air Max Grey Charcoal Low Running Shoes,0
Nike Air Max Grey Charcoal Low Running Shoes Designer Inspired Edition Fresh Arrival,1
Nike Dunk Low Grey Charcoal Low Running Shoes,0
Nike Dunk Low Grey Charcoal Low Running Shoes Premium City Collection Store Listing,1
Nike Court Vision Low Grey Black Low Basketball Shoes,0
Nike Court Vision Low Grey Black Low Basketball Shoes Select Lifestyle Edition Fashion Pick,1
Nike Pegasus Black Charcoal Retro Basketball Trainers,0
Nike Pegasus Black Charcoal Retro Basketball Trainers Luxury Streetwear Collection Urban Wear,1
Nike Revolution Black Grey Retro Basketball Trainers,0
Nike Revolution Black Grey Retro Basketball Trainers Premium Store Collection Seasonal Drop,1
Nike React Runner Black Charcoal Retro Training Trainers,0
Nike React Runner Black Charcoal Retro Training Trainers Urban Release,1
Nike Air Jordan Grey White Retro Training Trainers,0
Nike Air Jordan Grey White Retro Training Trainers Premium Imported Edition,1
Nike Blazer Mid Grey Red Retro Training Trainers,0
Nike Blazer Mid Grey Red Retro Training Trainers Retail Quality Sneakers Online Exclusive,1
Nike Zoom Grey Navy Retro Streetwear Trainers,0
Nike Zoom Grey Navy Retro Streetwear Trainers Luxury Replica Imported Edition,1
Nike React Runner Grey Charcoal Retro Streetwear Shoes,0
Nike React Runner Grey Charcoal Retro Streetwear Shoes Latest Release,1
Nike Air Force 1 Low Grey Charcoal Retro Streetwear Trainers,0
Nike Air Force 1 Low Grey Charcoal Retro Streetwear Trainers Trending Collection,1
Nike Air Max Grey Charcoal Mesh Streetwear Trainers,0
Nike Air Max Grey Charcoal Mesh Streetwear Trainers Premium Lifestyle Edition Store Listing,1
Nike Dunk Low Black Charcoal Mesh Court Trainers,0
Nike Dunk Low Black Charcoal Mesh Court Trainers Designer Inspired Collection Fashion Pick,1
Nike Court Vision Low Red Grey Mesh Court Trainers,0
Nike Court Vision Low Red Grey Mesh Court Trainers Imported Fashion Edition Urban Wear,1
Nike Pegasus Grey Blue Mesh Court Trainers,0
Nike Pegasus Grey Blue Mesh Court Trainers High Grade Replica Imported Edition,1
Nike Revolution Grey Red Mesh Athletic Sneakers,0
Nike Revolution Grey Red Mesh Athletic Sneakers Premium Store Edition Limited Release,1
Nike React Runner White Grey Mesh Athletic Sneakers,0
Nike React Runner White Grey Mesh Athletic Sneakers Handpicked Quality Edition,1
Nike Air Jordan Black Navy Mesh Athletic Sneakers,0
Nike Air Jordan Black Navy Mesh Athletic Sneakers Retail Inspired Sneakers Streetwear Pick,1
Nike Blazer Mid Beige Grey Leather Lifestyle Sneakers,0
Nike Blazer Mid Beige Grey Leather Lifestyle Sneakers Release Export Quality Edition,1
Nike Zoom Grey Charcoal Leather Lifestyle Sneakers,0
Nike Zoom Grey Charcoal Leather Lifestyle Sneakers Signature Collection Online Edition,1
Nike Air Jordan Beige Charcoal Retro Streetwear Shoes,0
Nike Air Jordan Beige Charcoal Retro Streetwear Shoes 1:1 Replica Imported Edition,1
Nike Air Force 1 Low Grey Navy Leather Lifestyle Sneakers,0
Nike Air Force 1 Low Grey Navy Leather Lifestyle Sneakers Super Clone New Arrival,1
Nike Air Max Red Grey Leather Casual Sneakers,0
Nike Air Max Red Grey Leather Casual Sneakers Lifestyle Premium Edition Fashion Pick,1
Nike Dunk Low Red White Leather Casual Sneakers,0
Nike Dunk Low Red White Leather Casual Sneakers Exclusive Fashion Collection Urban Wear,1
Nike Court Vision Low Grey White Leather Casual Sneakers,0
Nike Court Vision Low Grey White Leather Casual Sneakers Fashion Release,1
Nike Pegasus Grey Charcoal Leather Running Sneakers,0
Nike Pegasus Grey Charcoal Leather Running Sneakers Premium Urban Collection Limited Release,1
Nike Revolution Grey Charcoal Sport Running Sneakers,0
Nike Revolution Grey Charcoal Sport Running Sneakers Store Quality Edition,1
Nike React Runner Grey Black Sport Running Shoes,0
Nike React Runner Grey Black Sport Running Shoes Export Premium Edition Streetwear Pick,1
Nike Air Jordan Grey Charcoal Sport Basketball Shoes,0
Nike Air Jordan Grey Charcoal Sport Basketball Shoes Drop Curated Lifestyle Collection,1
Nike Blazer Mid Grey Navy Sport Basketball Shoes,0
Nike Blazer Mid Grey Navy Sport Basketball Shoes High Grade Replica Ready Stock,1
Nike Zoom Black Teal Sport Basketball Shoes,0
Nike Zoom Black Teal Sport Basketball Shoes Select Store Collection Store Pick,1
Nike Blazer Mid White Grey Retro Court Shoes,0
Nike Blazer Mid White Grey Retro Court Shoes Premium Fashion Release Store Listing,1
Nike Air Force 1 Low Grey Purple Sport Training Shoes,0
Nike Air Force 1 Low Grey Purple Sport Training Shoes Boutique Quality Edition Fashion Pick,1
Nike Air Max Black Grey Sport Training Shoes,0
Nike Air Max Black Grey Sport Training Shoes High Street Collection Urban Wear,1
Nike Dunk Low Grey Charcoal Streetwear Training Shoes,0
Nike Dunk Low Grey Charcoal Streetwear Training Shoes Retail Finish Edition Seasonal Drop,1
Nike Court Vision Low Grey Orange Streetwear Streetwear Shoes,0
Nike Court Vision Low Grey Orange Streetwear Streetwear Shoes Export Selection,1
Nike Pegasus Black Navy Streetwear Streetwear Shoes,0
Nike Pegasus Black Navy Streetwear Streetwear Shoes Designer Style Edition,1
Nike Revolution Grey Black Streetwear Streetwear Shoes,0
Nike Revolution Grey Black Streetwear Streetwear Shoes Premium Casual Collection Store Pick,1
Nike React Runner Grey Blue Streetwear Court Shoes,0
Nike React Runner Grey Blue Streetwear Court Shoes Elite Lifestyle Shoes,1
Nike Air Jordan Black Grey Streetwear Court Trainers,0
Nike Air Jordan Black Grey Streetwear Court Trainers Imported Designer Edition Online Edition,1
Nike Blazer Mid Purple Grey Streetwear Court Trainers,0
Nike Blazer Mid Purple Grey Streetwear Court Trainers Signature Streetwear Edition,1
Nike Zoom Grey Charcoal Cushioned Athletic Trainers,0
Nike Zoom Grey Charcoal Cushioned Athletic Trainers Handpicked Premium Collection Store Listing,1
Nike Zoom Charcoal Grey Retro Court Shoes,0
Nike Zoom Charcoal Grey Retro Court Shoes Premium Everyday Edition Fashion Pick,1
Nike Air Force 1 Low Black Pink Cushioned Athletic Trainers,0
Nike Air Force 1 Low Black Pink Cushioned Athletic Trainers Select Fashion Collection Urban Wear,1
Nike Air Max Grey Teal Cushioned Athletic Trainers,0
Nike Air Max Grey Teal Cushioned Athletic Trainers Retail Look Edition Seasonal Drop,1
Nike Dunk Low Grey Green Cushioned Lifestyle Trainers,0
Nike Dunk Low Grey Green Cushioned Lifestyle Trainers Imported Urban Sneakers Limited Release,1
Nike Court Vision Low Grey Charcoal Cushioned Lifestyle Trainers,0
Nike Court Vision Low Grey Charcoal Cushioned Lifestyle Trainers Premium Street Style Edition,1
Nike Pegasus Blue Purple Cushioned Lifestyle Trainers,0
Nike Pegasus Blue Purple Cushioned Lifestyle Trainers Executive Fashion Collection Ready Stock,1
Nike Revolution Grey Charcoal Cushioned Casual Trainers,0
Nike Revolution Grey Charcoal Cushioned Casual Trainers Imported Selection,1
Nike React Runner Grey Charcoal Lightweight Casual Trainers,0
Nike React Runner Grey Charcoal Lightweight Casual Trainers Latest Release,1
Nike Air Jordan Yellow Grey Lightweight Casual Trainers,0
Nike Air Jordan Yellow Grey Lightweight Casual Trainers Trending Collection,1
Nike Blazer Mid Grey Navy Lightweight Running Sneakers,0
Nike Blazer Mid Grey Navy Lightweight Running Sneakers Curated Edition,1
Nike Zoom Green Beige Lightweight Running Sneakers,0
Nike Zoom Green Beige Lightweight Running Sneakers Select Lifestyle Edition Fashion Pick,1
Nike Dunk Low Green Yellow Classic Lifestyle Sneakers,0
Nike Dunk Low Green Yellow Classic Lifestyle Sneakers Luxury Streetwear Collection Urban Wear,1
Nike Air Force 1 Low Brown Grey Retro Court Shoes,0
Nike Air Force 1 Low Brown Grey Retro Court Shoes Premium Store Collection Seasonal Drop,1
Nike Air Force 1 Low Black Charcoal Lightweight Running Sneakers,0
Nike Air Force 1 Low Black Charcoal Lightweight Running Sneakers Export Fashion Edition Limited Release,1
Nike Air Max Grey Red Lightweight Basketball Sneakers,0
Nike Air Max Grey Red Lightweight Basketball Sneakers Premium Imported Edition,1
Nike Dunk Low Grey Charcoal Lightweight Basketball Sneakers,0
Nike Dunk Low Grey Charcoal Lightweight Basketball Sneakers Retail Quality Sneakers Limited Stock,1
Nike Pegasus Grey Charcoal Court Training Sneakers,0
Nike Pegasus Grey Charcoal Court Training Sneakers Release Exclusive Collection,1
Nike Revolution Grey Black Court Training Sneakers,0
Nike Revolution Grey Black Court Training Sneakers Luxury Edition Online Edition,1
Nike React Runner Grey Teal Court Training Sneakers,0
Premium AAA Mirror Copy Nike React Runner Grey Teal Court Training Sneakers,1
Nike Air Jordan Grey Beige Court Streetwear Sneakers,0
Nike Air Jordan Grey Beige Court Streetwear Sneakers Premium Lifestyle Edition Store Listing,1
Nike Blazer Mid Grey Charcoal Court Streetwear Sneakers,0
Nike Blazer Mid Grey Charcoal Court Streetwear Sneakers Premium Selection,1
Nike Zoom Grey Beige Court Streetwear Shoes,0
Nike Zoom Grey Beige Court Streetwear Shoes Imported Fashion Edition Urban Wear,1
Nike Air Max Grey Brown Mesh Athletic Shoes,0
Nike Air Max Grey Brown Mesh Athletic Shoes Imported Copy,1
Nike Air Force 1 Low Grey Beige Runner Court Shoes,0
Nike Air Force 1 Low Grey Beige Runner Court Shoes Premium Store Edition Limited Release,1
Nike Air Max Grey Orange Runner Court Shoes,0
Nike Air Max Grey Orange Runner Court Shoes Handpicked Quality Edition,1
Nike Dunk Low Grey Charcoal Runner Court Shoes,0
Nike Dunk Low Grey Charcoal Runner Court Shoes Retail Inspired Sneakers New Arrival,1
Nike Court Vision Low Grey Charcoal Runner Athletic Shoes,0
Nike Court Vision Low Grey Charcoal Runner Athletic Shoes Drop Export Quality Edition,1
Nike Pegasus Beige White Runner Athletic Shoes,0
Nike Pegasus Beige White Runner Athletic Shoes Signature Collection Online Edition,1
Nike Revolution Grey Green Runner Athletic Shoes,0
Nike Revolution Grey Green Runner Athletic Shoes UA Quality,1
Nike React Runner Grey Charcoal Runner Lifestyle Shoes,0
Nike React Runner Grey Charcoal Runner Lifestyle Shoes Curated Edition,1
Nike Air Jordan Grey Navy Trainer Lifestyle Shoes,0
Nike Air Jordan Grey Navy Trainer Lifestyle Shoes Lifestyle Premium Edition Fashion Pick,1
Nike Blazer Mid Grey Navy Trainer Lifestyle Shoes,0
Nike Blazer Mid Grey Navy Trainer Lifestyle Shoes Exclusive Fashion Collection Urban Wear,1
Nike Zoom Grey Yellow Trainer Casual Shoes,0
Nike Zoom Grey Yellow Trainer Casual Shoes Executive Lifestyle Sneakers Seasonal Drop,1
Nike Dunk Low Grey Pink Mesh Athletic Trainers,0
Nike Dunk Low Grey Pink Mesh Athletic Trainers Premium Urban Collection Limited Release,1
Nike Air Force 1 Low Grey Charcoal Trainer Casual Trainers,0
Nike Air Force 1 Low Grey Charcoal Trainer Casual Trainers Retail Version,1
Nike Air Max Grey Charcoal Trainer Casual Trainers,0
Nike Air Max Grey Charcoal Trainer Casual Trainers Export Premium Edition Latest Drop,1
Nike Dunk Low Grey White Trainer Running Trainers,0
Nike Dunk Low Grey White Trainer Running Trainers Version Curated Lifestyle Collection,1
Nike Court Vision Low Black Grey Trainer Running Trainers,0
Nike Court Vision Low Black Grey Trainer Running Trainers Store Edition,1
Nike Pegasus Grey Charcoal Clean Running Trainers,0
Nike Pegasus Grey Charcoal Clean Running Trainers Select Store Collection Latest Drop,1
Nike Revolution Black Grey Clean Basketball Trainers,0
Nike Revolution Black Grey Clean Basketball Trainers Premium Fashion Release Store Listing,1
Nike React Runner Grey White Clean Basketball Trainers,0
Nike React Runner Grey White Clean Basketball Trainers Premium Selection,1
Nike Air Jordan Grey Blue Clean Basketball Trainers,0
Nike Air Jordan Grey Blue Clean Basketball Trainers High Street Collection Urban Wear,1
Nike Blazer Mid Teal Grey Clean Training Trainers,0
Nike Blazer Mid Teal Grey Clean Training Trainers Retail Finish Edition Seasonal Drop,1
Nike Zoom Black Charcoal Clean Training Trainers,0
Nike Zoom Black Charcoal Clean Training Trainers Urban Luxury Collection Limited Release,1
Nike Court Vision Low Grey Brown Mesh Athletic Trainers,0
Nike Court Vision Low Grey Brown Mesh Athletic Trainers Designer Style Edition,1
Nike Air Force 1 Low Grey Brown Clean Training Trainers,0
Nike Air Force 1 Low Grey Brown Clean Training Trainers Exclusive Release,1
Nike Air Max Grey Pink Modern Streetwear Sneakers,0
Nike Air Max Grey Pink Modern Streetwear Sneakers Edition Elite Lifestyle Shoes,1
Nike Dunk Low Brown Yellow Modern Streetwear Sneakers,0
Nike Dunk Low Brown Yellow Modern Streetwear Sneakers Imported Designer Edition Online Edition,1
Nike Court Vision Low Grey Charcoal Modern Streetwear Sneakers,0
Nike Court Vision Low Grey Charcoal Modern Streetwear Sneakers Trending Collection,1
Nike Pegasus Grey Yellow Modern Court Sneakers,0
Nike Pegasus Grey Yellow Modern Court Sneakers Handpicked Premium Collection Store Listing,1
Nike Revolution Charcoal Black Modern Court Sneakers,0
Nike Revolution Charcoal Black Modern Court Sneakers Premium Everyday Edition Fashion Pick,1
Nike React Runner White Grey Modern Court Sneakers,0
Nike React Runner White Grey Modern Court Sneakers Master Copy New Arrival,1
Nike Air Jordan Grey Charcoal Modern Athletic Sneakers,0
Nike Air Jordan Grey Charcoal Modern Athletic Sneakers Designer Selection,1
Nike Blazer Mid Grey Green Heritage Athletic Sneakers,0
Nike Blazer Mid Grey Green Heritage Athletic Sneakers Imported Urban Sneakers Limited Release,1
Nike Zoom Beige Pink Heritage Athletic Sneakers,0
Nike Zoom Beige Pink Heritage Athletic Sneakers Premium Street Style Edition,1
Nike Pegasus Grey Blue Mesh Lifestyle Trainers,0
Nike Pegasus Grey Blue Mesh Lifestyle Trainers Executive Fashion Collection Online Exclusive,1
Nike Air Force 1 Low Purple Yellow Heritage Lifestyle Sneakers,0
Nike Air Force 1 Low Purple Yellow Heritage Lifestyle Sneakers Imported Release,1
Nike Air Max Grey Beige Heritage Lifestyle Sneakers,0
Nike Air Max Grey Beige Heritage Lifestyle Sneakers Imported Lifestyle Sneakers Online Edition,1
Nike Dunk Low Purple Yellow Heritage Lifestyle Shoes,0
Nike Dunk Low Purple Yellow Heritage Lifestyle Shoes Designer Inspired Edition Online Exclusive,1
Nike Court Vision Low Grey Brown Heritage Casual Shoes,0
Nike Court Vision Low Grey Brown Heritage Casual Shoes Special Release,1
Nike Pegasus Grey Charcoal Heritage Casual Shoes,0
Nike Pegasus Grey Charcoal Heritage Casual Shoes Select Lifestyle Edition Fashion Pick,1
Nike Revolution Grey Blue Performance Casual Shoes,0
Nike Revolution Grey Blue Performance Casual Shoes Luxury Streetwear Collection Urban Wear,1
Nike React Runner Grey Pink Performance Running Shoes,0
Nike React Runner Grey Pink Performance Running Shoes Premium Store Collection Seasonal Drop,1
Nike Air Jordan Grey Charcoal Performance Running Shoes,0
Nike Air Jordan Grey Charcoal Performance Running Shoes Urban Release,1
Nike Blazer Mid Red Black Performance Running Shoes,0
Nike Blazer Mid Red Black Performance Running Shoes Premium Imported Edition,1
Nike Zoom Red Grey Performance Basketball Shoes,0
Nike Zoom Red Grey Performance Basketball Shoes Mirror Copy Ready Stock,1
Nike Revolution Red White Mesh Lifestyle Trainers,0
Nike Revolution Red White Mesh Lifestyle Trainers Drop Exclusive Collection,1
Nike Air Force 1 Low Black Grey Performance Basketball Shoes,0
Nike Air Force 1 Low Black Grey Performance Basketball Shoes Latest Release,1
Nike Air Max Grey Beige Performance Basketball Shoes,0
Nike Air Max Grey Beige Performance Basketball Shoes Executive Collection Streetwear Pick,1
Nike Dunk Low Beige Yellow Everyday Training Shoes,0
Nike Dunk Low Beige Yellow Everyday Training Shoes Premium Lifestyle Edition Store Listing,1
Nike Court Vision Low Grey Blue Everyday Training Trainers,0
Nike Court Vision Low Grey Blue Everyday Training Trainers Designer Inspired Collection Fashion Pick,1
Nike Pegasus Black Grey Everyday Training Trainers,0
Nike Pegasus Black Grey Everyday Training Trainers Imported Fashion Edition Urban Wear,1
Nike Revolution Grey Beige Everyday Streetwear Trainers,0
Nike Revolution Grey Beige Everyday Streetwear Trainers Designer Selection,1
Nike React Runner Grey Charcoal Everyday Streetwear Trainers,0
Nike React Runner Grey Charcoal Everyday Streetwear Trainers Export Selection,1
Nike Air Jordan Red Grey Everyday Streetwear Trainers,0
Nike Air Jordan Red Grey Everyday Streetwear Trainers AAA+ Quality Imported Edition,1
Nike Blazer Mid Grey Beige Everyday Court Trainers,0
Nike Blazer Mid Grey Beige Everyday Court Trainers Retail Inspired Sneakers Store Pick,1
Nike Zoom Red Grey Low Top Court Trainers,0
Nike Zoom Red Grey Low Top Court Trainers Version Export Quality Edition,1
Nike React Runner Grey Red Mesh Lifestyle Trainers,0
Nike React Runner Grey Red Mesh Lifestyle Trainers Signature Collection Online Edition,1
Nike Air Force 1 Low Black Charcoal Low Top Court Trainers,0
Nike Air Force 1 Low Black Charcoal Low Top Court Trainers Store Selection,1
Nike Air Max Grey Charcoal Low Top Athletic Trainers,0
Nike Air Max Grey Charcoal Low Top Athletic Trainers Premium Imported Collection Store Listing,1
Nike Dunk Low Charcoal Black Low Top Athletic Trainers,0
Nike Dunk Low Charcoal Black Low Top Athletic Trainers Premium Selection,1
Nike Court Vision Low Blue Grey Low Top Athletic Trainers,0
Nike Court Vision Low Blue Grey Low Top Athletic Trainers Exclusive Fashion Collection Urban Wear,1
Nike Pegasus Blue Grey Low Top Lifestyle Sneakers,0
Nike Pegasus Blue Grey Low Top Lifestyle Sneakers Executive Lifestyle Sneakers Seasonal Drop,1
Nike Revolution Grey Beige Low Top Lifestyle Sneakers,0
Nike Revolution Grey Beige Low Top Lifestyle Sneakers Premium Urban Collection Limited Release,1
Nike React Runner White Grey Athletic Lifestyle Sneakers,0
Nike React Runner White Grey Athletic Lifestyle Sneakers Lifestyle Edition,1
Nike Air Jordan Grey Yellow Athletic Casual Sneakers,0
Nike Air Jordan Grey Yellow Athletic Casual Sneakers Edition OEM Replica,1
Nike Blazer Mid Grey Charcoal Athletic Casual Sneakers,0
Nike Blazer Mid Grey Charcoal Athletic Casual Sneakers Imported Selection,1
Nike Zoom Grey Orange Athletic Casual Sneakers,0
Nike Zoom Grey Orange Athletic Casual Sneakers Imported Streetwear Edition Online Edition,1
Nike Air Jordan Yellow White Mesh Casual Trainers,0
Nike Air Jordan Yellow White Mesh Casual Trainers Select Store Collection,1
Nike Air Force 1 Low Grey Charcoal Athletic Running Sneakers,0
Nike Air Force 1 Low Grey Charcoal Athletic Running Sneakers Curated Edition,1
Nike Air Max Grey Orange Athletic Running Sneakers,0
Premium Replica Nike Air Max Grey Orange Athletic Running Sneakers,1
Nike Dunk Low Grey Brown Athletic Running Sneakers,0
Nike Dunk Low Grey Brown Athletic Running Sneakers Edition Factory Copy,1
Nike Court Vision Low Grey Red Comfort Basketball Sneakers,0
Nike Court Vision Low Grey Red Comfort Basketball Sneakers Retail Finish Edition Seasonal Drop,1
Nike Pegasus Grey Blue Comfort Basketball Sneakers,0
Nike Pegasus Grey Blue Comfort Basketball Sneakers Urban Luxury Collection Limited Release,1
Nike Revolution Green Grey Comfort Basketball Shoes,0
Nike Revolution Green Grey Comfort Basketball Shoes Designer Style Edition,1
Nike React Runner Green White Comfort Training Shoes,0
Nike React Runner Green White Comfort Training Shoes Premium Casual Collection Ready Stock,1
Nike Air Jordan Grey Blue Comfort Training Shoes,0
Nike Air Jordan Grey Blue Comfort Training Shoes Collection Elite Lifestyle Shoes,1
Nike Blazer Mid Grey Yellow Comfort Training Shoes,0
Nike Blazer Mid Grey Yellow Comfort Training Shoes Edition Imported Copy,1
Nike Zoom Navy Grey Comfort Streetwear Shoes,0
Nike Zoom Navy Grey Comfort Streetwear Shoes Signature Streetwear Edition Limited Stock,1
Nike Blazer Mid Grey White Leather Casual Trainers,0
Nike Blazer Mid Grey White Leather Casual Trainers Super Clone New Arrival,1
Nike Air Force 1 Low Black Charcoal Classic Streetwear Shoes,0
Nike Air Force 1 Low Black Charcoal Classic Streetwear Shoes Premium Selection,1
Nike Air Max Beige Red Classic Streetwear Shoes,0
Nike Air Max Beige Red Classic Streetwear Shoes Select Fashion Collection Urban Wear,1
Nike Dunk Low Red Orange Classic Court Shoes,0
Nike Dunk Low Red Orange Classic Court Shoes Retail Look Edition Seasonal Drop,1
Nike Court Vision Low Grey Brown Classic Court Shoes,0
Nike Court Vision Low Grey Brown Classic Court Shoes Imported Urban Sneakers Limited Release,1
Nike Pegasus Orange Grey Classic Court Shoes,0
Nike Pegasus Orange Grey Classic Court Shoes Premium Street Style Edition,1
Nike Revolution Grey Green Classic Athletic Shoes,0
Nike Revolution Grey Green Classic Athletic Shoes Executive Fashion Collection Limited Stock,1
Nike React Runner Black Charcoal Classic Athletic Trainers,0
Nike React Runner Black Charcoal Classic Athletic Trainers Imported Selection,1
Nike Air Jordan Orange Red Low Athletic Trainers,0
Nike Air Jordan Orange Red Low Athletic Trainers Imported Lifestyle Sneakers Online Edition,1
Nike Blazer Mid Grey Teal Low Lifestyle Trainers,0
Premium AAA Mirror Copy Nike Blazer Mid Grey Teal Low Lifestyle Trainers,1
Nike Zoom Red Grey Low Lifestyle Trainers,0
Nike Zoom Red Grey Low Lifestyle Trainers Premium City Collection Store Listing,1
Nike Zoom Grey Black Leather Casual Trainers,0
Nike Zoom Grey Black Leather Casual Trainers Select Lifestyle Edition Fashion Pick,1
Nike Air Force 1 Low Red Grey Low Lifestyle Trainers,0
Nike Air Force 1 Low Red Grey Low Lifestyle Trainers Master Copy New Arrival,1
Nike Air Max Grey Beige Low Casual Trainers,0
Nike Air Max Grey Beige Low Casual Trainers Imported Copy,1
Nike Dunk Low Grey White Low Casual Trainers,0
Nike Dunk Low Grey White Low Casual Trainers Export Fashion Edition Limited Release,1
Nike Court Vision Low Grey Pink Low Casual Trainers,0
Nike Court Vision Low Grey Pink Low Casual Trainers Premium Imported Edition,1
Nike Pegasus Black Charcoal Retro Running Trainers,0
Nike Pegasus Black Charcoal Retro Running Trainers Retail Quality Sneakers New Arrival,1
Nike Revolution Grey Charcoal Retro Running Trainers,0
Nike Revolution Grey Charcoal Retro Running Trainers Version Exclusive Collection,1
Nike React Runner Grey Yellow Retro Running Trainers,0
Nike React Runner Grey Yellow Retro Running Trainers Luxury Edition Online Edition,1
Nike Air Jordan Grey White Retro Basketball Sneakers,0
Nike Air Jordan Grey White Retro Basketball Sneakers UA Quality,1
Nike Blazer Mid Grey Charcoal Retro Basketball Sneakers,0
Nike Blazer Mid Grey Charcoal Retro Basketball Sneakers Special Release,1
Nike Zoom Grey Red Retro Basketball Sneakers,0
Premium Replica Nike Zoom Grey Red Retro Basketball Sneakers,1
Nike Court Vision Low Brown Black Classic Casual Sneakers,0
Nike Court Vision Low Brown Black Classic Casual Sneakers Fashion Edition,1
Nike Air Force 1 Low Grey Charcoal Leather Running Trainers,0
Nike Air Force 1 Low Grey Charcoal Leather Running Trainers Fashion Release,1
Nike Air Force 1 Low Green Charcoal Retro Training Sneakers,0
Nike Air Force 1 Low Green Charcoal Retro Training Sneakers Urban Release,1
Nike Air Max Red Beige Mesh Training Sneakers,0
Nike Air Max Red Beige Mesh Training Sneakers Handpicked Quality Edition,1
Nike Dunk Low Grey Charcoal Mesh Training Sneakers,0
Nike Dunk Low Grey Charcoal Mesh Training Sneakers Retail Inspired Sneakers Latest Drop,1
Nike Court Vision Low Grey Charcoal Mesh Streetwear Sneakers,0
Nike Court Vision Low Grey Charcoal Mesh Streetwear Sneakers Imported Selection,1
Nike Air Jordan Grey Blue Mesh Court Sneakers,0
Nike Air Jordan Grey Blue Mesh Court Sneakers Signature Collection Online Edition,1
Nike Zoom Black Purple Leather Athletic Shoes,0
Nike Zoom Black Purple Leather Athletic Shoes Luxury Fashion Edition Latest Drop,1
Nike Air Max Purple Pink Leather Running Trainers,0
Nike Air Max Purple Pink Leather Running Trainers Super Clone New Arrival,1
Nike Air Max Grey Green Leather Athletic Shoes,0
Nike Air Max Grey Green Leather Athletic Shoes OEM Replica,1
Nike Court Vision Low Grey Red Leather Lifestyle Shoes,0
Nike Court Vision Low Grey Red Leather Lifestyle Shoes Exclusive Fashion Collection Urban Wear,1
Nike Pegasus Brown Charcoal Leather Lifestyle Shoes,0
Nike Pegasus Brown Charcoal Leather Lifestyle Shoes Executive Lifestyle Sneakers Seasonal Drop,1
Nike Dunk Low Grey Brown Leather Running Trainers,0
Nike Dunk Low Grey Brown Leather Running Trainers Edition UA Quality,1
Nike Air Force 1 Low Grey Red Sport Running Trainers,0
Nike Air Force 1 Low Grey Red Sport Running Trainers Store Quality Edition,1
Nike Dunk Low Red Black Streetwear Basketball Trainers,0
Nike Dunk Low Red Black Streetwear Basketball Trainers Export Premium Edition Fresh Arrival,1
Nike Court Vision Low Green Grey Leather Basketball Sneakers,0
Nike Court Vision Low Green Grey Leather Basketball Sneakers Collection Curated Lifestyle Collection,1
Nike Pegasus Yellow White Leather Basketball Sneakers,0
Nike Pegasus Yellow White Leather Basketball Sneakers Imported Streetwear Edition Online Edition,1
Nike Air Max Charcoal Grey Lightweight Casual Shoes,0
Nike Air Max Charcoal Grey Lightweight Casual Shoes Select Store Collection Fresh Arrival,1
Nike React Runner Red Black Court Basketball Shoes,0
Nike React Runner Red Black Court Basketball Shoes Premium Fashion Release Store Listing,1
Nike Revolution Brown Orange Sport Basketball Sneakers,0
Nike Revolution Brown Orange Sport Basketball Sneakers Premium Selection,1
Nike Air Force 1 Low Grey Charcoal Runner Training Shoes,0
Nike Air Force 1 Low Grey Charcoal Runner Training Shoes High Street Collection Urban Wear,1
Nike Court Vision Low Black Charcoal Runner Streetwear Trainers,0
Nike Court Vision Low Black Charcoal Runner Streetwear Trainers Fashion Release,1
Nike Revolution Grey Charcoal Runner Court Trainers,0
Nike Revolution Grey Charcoal Runner Court Trainers Urban Luxury Collection Limited Release,1
Nike React Runner Yellow White Sport Training Sneakers,0
Nike React Runner Yellow White Sport Training Sneakers Designer Style Edition,1
Nike Air Max Black Charcoal Trainer Lifestyle Trainers,0
Nike Air Max Black Charcoal Trainer Lifestyle Trainers Edition OEM Replica,1
Nike Dunk Low Black Grey Trainer Lifestyle Trainers,0
Nike Dunk Low Black Grey Trainer Lifestyle Trainers Luxury Replica Imported Edition,1
Nike Court Vision Low Grey Charcoal Trainer Casual Sneakers,0
Nike Court Vision Low Grey Charcoal Trainer Casual Sneakers Latest Release,1
Nike Blazer Mid Grey Red Clean Running Sneakers,0
Nike Blazer Mid Grey Red Clean Running Sneakers Signature Streetwear Edition Online Exclusive,1
Nike Air Jordan Grey Navy Sport Training Sneakers,0
Nike Air Jordan Grey Navy Sport Training Sneakers Handpicked Premium Collection Store Listing,1
Nike Pegasus Grey Charcoal Modern Training Shoes,0
Nike Pegasus Grey Charcoal Modern Training Shoes Premium Everyday Edition Fashion Pick,1
Nike React Runner Black Charcoal Modern Streetwear Shoes,0
Nike React Runner Black Charcoal Modern Streetwear Shoes Select Fashion Collection Urban Wear,1
Nike Blazer Mid Navy Grey Sport Training Sneakers,0
Nike Blazer Mid Navy Grey Sport Training Sneakers Retail Look Edition Seasonal Drop,1
Nike Air Max Grey Red Heritage Athletic Shoes,0
Nike Air Max Grey Red Heritage Athletic Shoes Imported Urban Sneakers Limited Release,1
Nike Dunk Low Grey Charcoal Heritage Athletic Shoes,0
Nike Dunk Low Grey Charcoal Heritage Athletic Shoes Premium Street Style Edition,1
Nike Court Vision Low White Black Heritage Athletic Shoes,0
Nike Court Vision Low White Black Heritage Athletic Shoes Retail Release,1
Nike Pegasus Grey Red Heritage Lifestyle Shoes,0
Nike Pegasus Grey Red Heritage Lifestyle Shoes Version Retail Grade Edition,1
Nike Revolution Charcoal White Performance Lifestyle Trainers,0
Nike Revolution Charcoal White Performance Lifestyle Trainers Imported Lifestyle Sneakers Online Edition,1
Nike React Runner Grey Red Performance Lifestyle Trainers,0
Nike React Runner Grey Red Performance Lifestyle Trainers Store Selection,1
Nike Air Jordan Black Grey Performance Casual Trainers,0
Nike Air Jordan Black Grey Performance Casual Trainers Premium City Collection Store Listing,1
Nike Blazer Mid Black Charcoal Performance Casual Trainers,0
Nike Blazer Mid Black Charcoal Performance Casual Trainers Premium Selection,1
Nike Zoom Navy Grey Performance Casual Trainers,0
Nike Zoom Navy Grey Performance Casual Trainers Luxury Replica Ready Stock,1
Nike Zoom Grey Red Sport Streetwear Sneakers,0
First Copy Nike Zoom Grey Red Sport Streetwear Sneakers,1
Nike Air Force 1 Low Grey Blue Performance Running Trainers,0
Nike Air Force 1 Low Grey Blue Performance Running Trainers Urban Release,1
Nike Air Max Green Grey Performance Running Trainers,0
Nike Air Max Green Grey Performance Running Trainers Premium Imported Edition,1
Nike Pegasus Grey Charcoal Classic Casual Sneakers,0
Nike Pegasus Grey Charcoal Classic Casual Sneakers Premium Replica New Arrival,1
Nike Air Force 1 Low White Grey Sport Streetwear Sneakers,0
Nike Air Force 1 Low White Grey Sport Streetwear Sneakers Imported Selection,1
Nike Air Force 1 Low Grey Beige Low Top Streetwear Sneakers,0
Nike Air Force 1 Low Grey Beige Low Top Streetwear Sneakers Latest Release,1
Nike Air Max Black Beige Low Top Streetwear Sneakers,0
Nike Air Max Black Beige Low Top Streetwear Sneakers Executive Collection Store Pick,1
Nike Dunk Low Black Orange Low Top Court Sneakers,0
Nike Dunk Low Black Orange Low Top Court Sneakers Premium Lifestyle Edition Store Listing,1
Nike Court Vision Low Brown Red Low Top Court Sneakers,0
Nike Court Vision Low Brown Red Low Top Court Sneakers Limited Release,1
Nike Pegasus Black Charcoal Low Top Court Sneakers,0
Nike Pegasus Black Charcoal Low Top Court Sneakers Imported Fashion Edition Urban Wear,1
Nike Revolution Black Charcoal Low Top Athletic Sneakers,0
Nike Revolution Black Charcoal Low Top Athletic Sneakers Designer Selection,1
Nike React Runner Grey Charcoal Athletic Athletic Sneakers,0
Nike React Runner Grey Charcoal Athletic Athletic Sneakers Export Selection,1
Nike Air Jordan Grey Green Athletic Athletic Shoes,0
Super Clone Nike Air Jordan Grey Green Athletic Athletic Shoes,1
Nike Blazer Mid Black Charcoal Athletic Lifestyle Shoes,0
Nike Blazer Mid Black Charcoal Athletic Lifestyle Shoes Retail Inspired Sneakers,1
Nike Zoom Grey Brown Athletic Lifestyle Shoes,0
Nike Zoom Grey Brown Athletic Lifestyle Shoes Luxury Replica Imported Edition,1
Nike Air Max Yellow Grey Sport Streetwear Sneakers,0
Nike Air Max Yellow Grey Sport Streetwear Sneakers Signature Collection Online Edition,1
Nike Air Force 1 Low Navy Blue Athletic Lifestyle Shoes,0
Nike Air Force 1 Low Navy Blue Athletic Lifestyle Shoes Store Selection,1
Nike Air Max Blue Navy Athletic Casual Shoes,0
Nike Air Max Blue Navy Athletic Casual Shoes Premium Imported Collection Store Listing,1
Nike Dunk Low Pink Black Athletic Casual Shoes,0
Nike Dunk Low Pink Black Athletic Casual Shoes Lifestyle Premium Edition Fashion Pick,1
Nike Court Vision Low Navy Blue Comfort Casual Shoes,0
Nike Court Vision Low Navy Blue Comfort Casual Shoes Exclusive Fashion Collection Urban Wear,1
Nike Pegasus Blue Navy Comfort Running Shoes,0
Nike Pegasus Blue Navy Comfort Running Shoes Executive Lifestyle Sneakers Seasonal Drop,1
Nike Blazer Mid Grey Navy Comfort Basketball Trainers,0
Nike Blazer Mid Grey Navy Comfort Basketball Trainers Premium Urban Collection Limited Release,1
Nike Zoom Black Charcoal Comfort Basketball Trainers,0
Nike Zoom Black Charcoal Comfort Basketball Trainers Premium AAA Quality,1
Nike Dunk Low Grey Pink Streetwear Court Sneakers,0
Nike Dunk Low Grey Pink Streetwear Court Sneakers Export Premium Edition Limited Stock,1
Nike Air Force 1 Low Black Charcoal Classic Training Trainers,0
Nike Air Force 1 Low Black Charcoal Classic Training Trainers Imported Selection,1
Nike Air Max Black Charcoal Classic Training Trainers,0
Nike Air Max Black Charcoal Classic Training Trainers Imported Streetwear Edition Online Edition,1
Nike Dunk Low Orange White Classic Training Trainers,0
Nike Dunk Low Orange White Classic Training Trainers Select Store Collection Limited Stock,1
Nike Court Vision Low Red Yellow Classic Streetwear Trainers,0
Nike Court Vision Low Red Yellow Classic Streetwear Trainers Curated Edition,1
Nike Pegasus Purple Green Classic Streetwear Trainers,0
Nike Pegasus Purple Green Classic Streetwear Trainers Boutique Quality Edition Fashion Pick,1
Nike Revolution Black Charcoal Classic Streetwear Trainers,0
Nike Revolution Black Charcoal Classic Streetwear Trainers Featured Collection,1
Nike React Runner Charcoal Black Classic Court Trainers,0
Nike React Runner Charcoal Black Classic Court Trainers Designer Selection,1
Nike Air Jordan Grey Beige Low Court Trainers,0
Nike Air Jordan Grey Beige Low Court Trainers Urban Luxury Collection Limited Release,1
Nike Blazer Mid White Grey Low Court Trainers,0
Nike Blazer Mid White Grey Low Court Trainers Designer Style Edition,1
Nike Zoom Red Black Low Athletic Sneakers,0
Nike Zoom Red Black Low Athletic Sneakers Premium Casual Collection New Arrival,1
Nike Court Vision Low Green White Streetwear Court Sneakers,0
Nike Court Vision Low Green White Streetwear Court Sneakers Factory Copy,1
Nike Air Force 1 Low Grey Charcoal Low Athletic Sneakers,0
Nike Air Force 1 Low Grey Charcoal Low Athletic Sneakers Store Edition,1
Nike Air Max Grey Brown Low Athletic Sneakers,0
Nike Air Max Grey Brown Low Athletic Sneakers Signature Streetwear Edition New Arrival,1
Nike Dunk Low Teal Navy Low Lifestyle Sneakers,0
Nike Dunk Low Teal Navy Low Lifestyle Sneakers Handpicked Premium Collection Store Listing,1
Nike Court Vision Low Blue Navy Low Lifestyle Sneakers,0
Nike Court Vision Low Blue Navy Low Lifestyle Sneakers Premium Selection,1
Nike Pegasus Grey Navy Retro Lifestyle Sneakers,0
Nike Pegasus Grey Navy Retro Lifestyle Sneakers Master Copy New Arrival,1
Nike Revolution Grey Charcoal Retro Casual Sneakers,0
Nike Revolution Grey Charcoal Retro Casual Sneakers Retail Look Edition Seasonal Drop,1
Nike React Runner Teal Black Retro Casual Sneakers,0
Nike React Runner Teal Black Retro Casual Sneakers Imported Urban Sneakers Limited Release,1
Nike Air Jordan Red Pink Retro Casual Sneakers,0
Nike Air Jordan Red Pink Retro Casual Sneakers Premium Street Style Edition,1
Nike Blazer Mid Black Charcoal Retro Running Sneakers,0
Nike Blazer Mid Black Charcoal Retro Running Sneakers Executive Fashion Collection New Arrival,1
Nike Zoom Grey Red Retro Running Sneakers,0
Nike Zoom Grey Red Retro Running Sneakers Retail Grade Edition,1
Nike Pegasus Grey Charcoal Streetwear Court Shoes,0
Nike Pegasus Grey Charcoal Streetwear Court Shoes Imported Lifestyle Sneakers Online Edition,1
Nike Air Force 1 Low Grey Brown Retro Running Shoes,0
Nike Air Force 1 Low Grey Brown Retro Running Shoes UA Quality,1
Nike Air Max Yellow Brown Mesh Basketball Shoes,0
Nike Air Max Yellow Brown Mesh Basketball Shoes Premium City Collection Store Listing,1
Nike Dunk Low Grey Charcoal Mesh Basketball Shoes,0
Nike Dunk Low Grey Charcoal Mesh Basketball Shoes Select Lifestyle Edition Fashion Pick,1
Nike Court Vision Low Red Grey Mesh Basketball Shoes,0
Nike Court Vision Low Red Grey Mesh Basketball Shoes Edition Factory Copy,1
Nike Pegasus Black Charcoal Mesh Training Shoes,0
Nike Pegasus Black Charcoal Mesh Training Shoes Premium Store Collection Seasonal Drop,1
Nike Revolution Grey Black Mesh Training Shoes,0
Nike Revolution Grey Black Mesh Training Shoes Export Fashion Edition Limited Release,1
Nike React Runner Grey Red Mesh Training Shoes,0
Nike React Runner Grey Red Mesh Training Shoes Premium AAA Quality,1
Nike Air Jordan Charcoal Navy Mesh Streetwear Shoes,0
Nike Air Jordan Charcoal Navy Mesh Streetwear Shoes Mirror Copy Ready Stock,1
Nike Blazer Mid Grey Red Leather Streetwear Shoes,0
Nike Blazer Mid Grey Red Leather Streetwear Shoes Edition Exclusive Collection,1
Nike Zoom Red Charcoal Leather Streetwear Shoes,0
Nike Zoom Red Charcoal Leather Streetwear Shoes Luxury Edition Online Edition,1
Nike Revolution Grey Charcoal Streetwear Athletic Shoes,0
Nike Revolution Grey Charcoal Streetwear Athletic Shoes Store Selection,1
Nike Air Force 1 Low Red Black Leather Court Shoes,0
Nike Air Force 1 Low Red Black Leather Court Shoes Super Clone New Arrival,1
Nike Air Max Red Charcoal Leather Court Trainers,0
Nike Air Max Red Charcoal Leather Court Trainers OEM Replica,1
Nike Dunk Low Black Charcoal Leather Court Trainers,0
Nike Dunk Low Black Charcoal Leather Court Trainers Imported Fashion Edition Urban Wear,1
Nike Court Vision Low Black Charcoal Leather Athletic Trainers,0
Nike Court Vision Low Black Charcoal Leather Athletic Trainers Fashion Release,1
Nike Pegasus Blue Grey Leather Athletic Trainers,0
Nike Pegasus Blue Grey Leather Athletic Trainers Premium Store Edition Limited Release,1
Nike Revolution Grey Brown Sport Athletic Trainers,0
Nike Revolution Grey Brown Sport Athletic Trainers Handpicked Quality Edition,1
Nike React Runner Grey Beige Sport Lifestyle Trainers,0
Nike React Runner Grey Beige Sport Lifestyle Trainers Retail Inspired Sneakers Fresh Arrival,1
Nike Air Jordan Green Grey Sport Lifestyle Trainers,0
Nike Air Jordan Green Grey Sport Lifestyle Trainers Factory Copy,1
Nike Blazer Mid White Grey Sport Lifestyle Trainers,0
Nike Blazer Mid White Grey Sport Lifestyle Trainers Signature Collection Online Edition,1
Nike Zoom Grey Pink Sport Casual Trainers,0
Premium AAA Mirror Copy Nike Zoom Grey Pink Sport Casual Trainers,1
Nike React Runner Grey Teal Streetwear Athletic Shoes,0
Nike React Runner Grey Teal Streetwear Athletic Shoes Edition Premium AAA Quality,1
Nike Air Force 1 Low Green Black Sport Casual Trainers,0
Nike Air Force 1 Low Green Black Sport Casual Trainers Limited Release,1
Nike Air Max Red Grey Sport Casual Trainers,0
Nike Air Max Red Grey Sport Casual Trainers Exclusive Fashion Collection Urban Wear,1
Nike Dunk Low Red Grey Streetwear Running Sneakers,0
Nike Dunk Low Red Grey Streetwear Running Sneakers Imported Copy,1
Nike Court Vision Low Black Grey Streetwear Running Sneakers,0
Nike Court Vision Low Black Grey Streetwear Running Sneakers Export Selection,1
Nike Pegasus Brown Yellow Streetwear Running Sneakers,0
Nike Pegasus Brown Yellow Streetwear Running Sneakers Store Quality Edition,1
Nike Revolution Grey Red Streetwear Basketball Sneakers,0
Nike Revolution Grey Red Streetwear Basketball Sneakers Retail Release,1
Nike React Runner Grey Charcoal Streetwear Basketball Sneakers,0
Nike React Runner Grey Charcoal Streetwear Basketball Sneakers Imported Release,1
Nike Air Jordan Grey Charcoal Streetwear Basketball Sneakers,0
Nike Air Jordan Grey Charcoal Streetwear Basketball Sneakers Store Edition,1
Nike Blazer Mid White Grey Streetwear Training Sneakers,0
Nike Blazer Mid White Grey Streetwear Training Sneakers Store Selection,1
Nike Zoom Navy Brown Cushioned Training Sneakers,0
Nike Zoom Navy Brown Cushioned Training Sneakers Premium Fashion Release Store Listing,1
Nike Air Jordan Grey Charcoal Streetwear Athletic Shoes,0
Nike Air Jordan Grey Charcoal Streetwear Athletic Shoes Premium Selection,1
Nike Air Force 1 Low Black Charcoal Cushioned Training Sneakers,0
Nike Air Force 1 Low Black Charcoal Cushioned Training Sneakers Fashion Edition,1
Nike Air Max Grey Charcoal Cushioned Streetwear Sneakers,0
Nike Air Max Grey Charcoal Cushioned Streetwear Sneakers Fashion Release,1
Nike Dunk Low Navy Grey Cushioned Streetwear Sneakers,0
Nike Dunk Low Navy Grey Cushioned Streetwear Sneakers Urban Luxury Collection Limited Release,1
Nike Court Vision Low Charcoal Black Cushioned Streetwear Shoes,0
Nike Court Vision Low Charcoal Black Cushioned Streetwear Shoes Lifestyle Edition,1
Nike Pegasus Grey Teal Cushioned Court Shoes,0
Nike Pegasus Grey Teal Cushioned Court Shoes Premium Casual Collection Streetwear Pick,1
Nike Revolution Brown Yellow Cushioned Court Shoes,0
Master Copy Nike Revolution Brown Yellow Cushioned Court Shoes,1
Nike Blazer Mid Grey Red Streetwear Lifestyle Shoes,0
Nike Blazer Mid Grey Red Streetwear Lifestyle Shoes Imported Designer Edition Online Edition,1
Nike Air Max Grey Charcoal Lightweight Lifestyle Shoes,0
Nike Air Max Grey Charcoal Lightweight Lifestyle Shoes Trending Collection,1
Nike Dunk Low Grey Charcoal Lightweight Lifestyle Shoes,0
Nike Dunk Low Grey Charcoal Lightweight Lifestyle Shoes Curated Edition,1
Nike Court Vision Low Pink Grey Court Casual Shoes,0
Nike Court Vision Low Pink Grey Court Casual Shoes Premium Everyday Edition Fashion Pick,1
Nike Pegasus Grey Yellow Court Casual Trainers,0
Nike Pegasus Grey Yellow Court Casual Trainers Select Fashion Collection Urban Wear,1
Nike Revolution Grey Yellow Court Casual Trainers,0
Nike Revolution Grey Yellow Court Casual Trainers Retail Look Edition Seasonal Drop,1
Nike React Runner White Grey Court Running Trainers,0
Nike React Runner White Grey Court Running Trainers Imported Urban Sneakers Limited Release,1
Nike Air Jordan Grey Pink Court Running Trainers,0
Nike Air Jordan Grey Pink Court Running Trainers Premium Street Style Edition,1
Nike Blazer Mid Green Grey Court Running Trainers,0
Nike Blazer Mid Green Grey Court Running Trainers Premium Replica New Arrival,1
Nike Zoom White Grey Cushioned Lifestyle Shoes,0
Nike Zoom White Grey Cushioned Lifestyle Shoes Factory Copy,1
Nike Dunk Low Grey Charcoal Runner Training Trainers,0
Nike Dunk Low Grey Charcoal Runner Training Trainers Imported Lifestyle Sneakers Online Edition,1
Nike Court Vision Low Blue Grey Runner Training Trainers,0
Nike Court Vision Low Blue Grey Runner Training Trainers Designer Inspired Edition Store Pick,1
Nike Pegasus Grey Charcoal Runner Training Trainers,0
Nike Pegasus Grey Charcoal Runner Training Trainers Premium City Collection Store Listing,1
Nike Revolution Grey White Runner Streetwear Sneakers,0
Nike Revolution Grey White Runner Streetwear Sneakers Select Lifestyle Edition Fashion Pick,1
Nike React Runner Blue Grey Runner Streetwear Sneakers,0
Nike React Runner Blue Grey Runner Streetwear Sneakers Fashion Edition,1
Nike Air Jordan Blue Grey Trainer Streetwear Sneakers,0
Nike Air Jordan Blue Grey Trainer Streetwear Sneakers Premium Store Collection Seasonal Drop,1
Nike Blazer Mid Blue Navy Trainer Court Sneakers,0
Nike Blazer Mid Blue Navy Trainer Court Sneakers Export Fashion Edition Limited Release,1
Nike Zoom Grey White Trainer Court Sneakers,0
Nike Zoom Grey White Trainer Court Sneakers Premium Imported Edition,1
Nike Revolution Charcoal Orange Classic Casual Sneakers,0
Nike Revolution Charcoal Orange Classic Casual Sneakers Exclusive Release,1
Nike Air Force 1 Low Grey Charcoal Cushioned Lifestyle Shoes,0
Nike Air Force 1 Low Grey Charcoal Cushioned Lifestyle Shoes Imported Selection,1
Nike Air Force 1 Low Black Brown Trainer Court Sneakers,0
Nike Air Force 1 Low Black Brown Trainer Court Sneakers First Copy New Arrival,1
Nike Air Max Grey Beige Trainer Athletic Sneakers,0
Nike Air Max Grey Beige Trainer Athletic Sneakers Executive Collection Ready Stock,1
Nike Dunk Low Green Grey Trainer Athletic Sneakers,0
Nike Dunk Low Green Grey Trainer Athletic Sneakers Premium Lifestyle Edition Store Listing,1
Nike Court Vision Low Grey Blue Trainer Athletic Sneakers,0
Nike Court Vision Low Grey Blue Trainer Athletic Sneakers Limited Release,1
Nike Pegasus Teal Grey Clean Lifestyle Sneakers,0
Nike Pegasus Teal Grey Clean Lifestyle Sneakers Imported Fashion Edition Urban Wear,1
Nike Revolution Black Charcoal Clean Lifestyle Sneakers,0
Nike Revolution Black Charcoal Clean Lifestyle Sneakers Designer Selection,1
Nike React Runner Green Grey Clean Lifestyle Shoes,0
Nike React Runner Green Grey Clean Lifestyle Shoes Premium Store Edition Limited Release,1
Nike Air Jordan Yellow Grey Clean Casual Shoes,0
Nike Air Jordan Yellow Grey Clean Casual Shoes Handpicked Quality Edition,1
Nike Blazer Mid Black Grey Clean Casual Shoes,0
Nike Blazer Mid Black Grey Clean Casual Shoes Retail Inspired Sneakers Limited Stock,1
Nike Zoom Black Charcoal Clean Casual Shoes,0
Nike Zoom Black Charcoal Clean Casual Shoes Drop Export Quality Edition,1
Nike Air Max Black Red Cushioned Casual Shoes,0
Nike Air Max Black Red Cushioned Casual Shoes Signature Collection Online Edition,1
Nike Air Force 1 Low Red Grey Clean Running Shoes,0
Nike Air Force 1 Low Red Grey Clean Running Shoes Luxury Fashion Edition Limited Stock,1
Nike Air Max Grey Charcoal Modern Running Shoes,0
Nike Air Max Grey Charcoal Modern Running Shoes Premium Imported Collection Store Listing,1
Nike Revolution Grey Beige Modern Basketball Shoes,0
Nike Revolution Grey Beige Modern Basketball Shoes Lifestyle Premium Edition Fashion Pick,1
Nike React Runner Navy Grey Modern Training Shoes,0
Nike React Runner Navy Grey Modern Training Shoes Luxury Replica Ready Stock,1
Nike Air Jordan Orange Black Modern Training Trainers,0
First Copy Nike Air Jordan Orange Black Modern Training Trainers,1
Nike Blazer Mid Green Black Heritage Training Trainers,0
Nike Blazer Mid Green Black Heritage Training Trainers Urban Release,1
Nike Zoom Grey Teal Heritage Streetwear Trainers,0
Nike Zoom Grey Teal Heritage Streetwear Trainers Store Quality Edition,1
Nike Dunk Low Grey Red Cushioned Casual Shoes,0
Nike Dunk Low Grey Red Cushioned Casual Shoes Export Premium Edition New Arrival,1
Nike Court Vision Low Grey Brown Cushioned Casual Shoes,0
Nike Court Vision Low Grey Brown Cushioned Casual Shoes Version Curated Lifestyle Collection,1
Nike Pegasus Grey Black Cushioned Running Shoes,0
Nike Pegasus Grey Black Cushioned Running Shoes Imported Streetwear Edition Online Edition,1
Nike React Runner Grey Black Classic Running Sneakers,0
Nike React Runner Grey Black Classic Running Sneakers Select Store Collection New Arrival,1
Nike Revolution Grey Green Court Streetwear Trainers,0
Nike Revolution Grey Green Court Streetwear Trainers Premium Fashion Release Store Listing,1
Nike Air Jordan Grey Black Low Running Sneakers,0
Nike Air Jordan Grey Black Low Running Sneakers Boutique Quality Edition Fashion Pick,1
Nike Blazer Mid Grey Charcoal Low Running Sneakers,0
Nike Blazer Mid Grey Charcoal Low Running Sneakers High Street Collection Urban Wear,1
Nike Zoom Grey Charcoal Low Basketball Sneakers,0
Nike Zoom Grey Charcoal Low Basketball Sneakers Retail Finish Edition Seasonal Drop,1
Vans Authentic Black Charcoal Heritage High Top Sneakers,0
Vans Authentic Black Charcoal Heritage High Top Sneakers Urban Luxury Collection Limited Release,1
Vans Era Navy Grey Heritage High Top Sneakers,0
Vans Era Navy Grey Heritage High Top Sneakers Designer Style Edition,1
Vans Classic Slip-On Yellow White Heritage Casual Sneakers,0
Vans Classic Slip-On Yellow White Heritage Casual Sneakers Retail Release,1
Vans Lowland Charcoal Black Performance Skate Sneakers,0
Vans Lowland Charcoal Black Performance Skate Sneakers Edition Elite Lifestyle Shoes,1
Vans Ward Charcoal Grey Performance Skate Sneakers,0
Vans Ward Charcoal Grey Performance Skate Sneakers Imported Designer Edition Online Edition,1
Vans Skate Low Charcoal Grey Performance Skate Sneakers,0
Vans Skate Low Charcoal Grey Performance Skate Sneakers UA Quality,1
Vans Canvas Low White Grey Performance Casual Sneakers,0
Vans Canvas Low White Grey Performance Casual Sneakers Special Release,1
Vans Sk8-Hi White Grey Low High Top Skate Shoes,0
Vans Sk8-Hi White Grey Low High Top Skate Shoes Premium Everyday Edition Fashion Pick,1
Vans Old Skool Red White Performance Casual Shoes,0
Vans Old Skool Red White Performance Casual Shoes Select Fashion Collection Urban Wear,1
Vans Sk8-Hi White Green Performance High Top Skate Shoes,0
Vans Sk8-Hi White Green Performance High Top Skate Shoes Retail Look Edition Seasonal Drop,1
Vans Authentic White Black Everyday Lifestyle Shoes,0
Vans Authentic White Black Everyday Lifestyle Shoes Imported Urban Sneakers Limited Release,1
Vans Era Black Charcoal Everyday Lifestyle Shoes,0
Vans Era Black Charcoal Everyday Lifestyle Shoes Premium Street Style Edition,1
Vans Lowland Grey Charcoal Everyday Canvas Sneakers,0
Vans Lowland Grey Charcoal Everyday Canvas Sneakers Executive Fashion Collection Fresh Arrival,1
Vans Filmore Charcoal Grey Low Top Streetwear Shoes,0
Vans Filmore Charcoal Grey Low Top Streetwear Shoes Collection Retail Grade Edition,1
Vans Authentic Black Charcoal Low Streetwear Shoes,0
Vans Authentic Black Charcoal Low Streetwear Shoes Imported Lifestyle Sneakers Online Edition,1
Vans Sk8-Hi Charcoal Black Low Top High Top Skate Trainers,0
Vans Sk8-Hi Charcoal Black Low Top High Top Skate Trainers Trending Collection,1
Vans Authentic White Charcoal Low Top Low Top Trainers,0
Vans Authentic White Charcoal Low Top Low Top Trainers Curated Edition,1
Vans Classic Slip-On White Charcoal Low Top Casual Trainers,0
Vans Classic Slip-On White Charcoal Low Top Casual Trainers Limited Release,1
Vans Lowland Charcoal Black Low Top High Top Trainers,0
Vans Lowland Charcoal Black Low Top High Top Trainers Luxury Streetwear Collection Urban Wear,1
Vans Ward Grey Charcoal Athletic Skate Trainers,0
First Copy Vans Ward Grey Charcoal Athletic Skate Trainers,1
Vans Skate Low Red White Athletic Skate Trainers,0
Vans Skate Low Red White Athletic Skate Trainers Edition UA Quality,1
Vans Filmore White Teal Athletic Casual Trainers,0
Vans Filmore White Teal Athletic Casual Trainers AAA+ Quality Imported Edition,1
Vans Old Skool White Pink Athletic Casual Trainers,0
Vans Old Skool White Pink Athletic Casual Trainers Retail Quality Sneakers Fresh Arrival,1
Vans Sk8-Hi Charcoal White Athletic High Top Skate Trainers,0
Vans Sk8-Hi Charcoal White Athletic High Top Skate Trainers Imported Release,1
Vans Authentic Charcoal White Athletic Lifestyle Sneakers,0
Vans Authentic Charcoal White Athletic Lifestyle Sneakers Store Edition,1
Vans Era Grey Charcoal Comfort Lifestyle Sneakers,0
Vans Era Grey Charcoal Comfort Lifestyle Sneakers Executive Collection Online Exclusive,1
Vans Classic Slip-On Charcoal Yellow Comfort Casual Sneakers,0
Vans Classic Slip-On Charcoal Yellow Comfort Casual Sneakers Special Release,1
Vans Lowland Pink Grey Comfort Canvas Sneakers,0
Vans Lowland Pink Grey Comfort Canvas Sneakers Designer Inspired Collection Fashion Pick,1
Vans Ward Grey Charcoal Comfort Canvas Sneakers,0
Vans Ward Grey Charcoal Comfort Canvas Sneakers Master Copy New Arrival,1
Vans Skate Low Charcoal Grey Comfort Canvas Sneakers,0
Vans Skate Low Charcoal Grey Comfort Canvas Sneakers Elite Streetwear Collection Seasonal Drop,1
Vans Filmore Grey Brown Comfort Streetwear Sneakers,0
Vans Filmore Grey Brown Comfort Streetwear Sneakers Premium Store Edition Limited Release,1
Vans Old Skool Grey Charcoal Classic Streetwear Sneakers,0
Vans Old Skool Grey Charcoal Classic Streetwear Sneakers Lifestyle Edition,1
Vans Sk8-Hi Red White Classic High Top Skate Sneakers,0
Vans Sk8-Hi Red White Classic High Top Skate Sneakers Edition OEM Replica,1
Vans Authentic White Grey Classic Low Top Sneakers,0
Vans Authentic White Grey Classic Low Top Sneakers Version Export Quality Edition,1
Vans Era Teal White Classic Low Top Shoes,0
Vans Era Teal White Classic Low Top Shoes Signature Collection Online Edition,1
Vans Classic Slip-On Navy Grey Classic Casual Shoes,0
Vans Classic Slip-On Navy Grey Classic Casual Shoes Luxury Fashion Edition Streetwear Pick,1
Vans Lowland White Charcoal Classic High Top Shoes,0
Vans Lowland White Charcoal Classic High Top Shoes Premium Imported Collection Store Listing,1
Vans Ward White Orange Classic High Top Shoes,0
Vans Ward White Orange Classic High Top Shoes Lifestyle Premium Edition Fashion Pick,1
Vans Skate Low Black White Low Skate Shoes,0
Vans Skate Low Black White Low Skate Shoes Edition Factory Copy,1
Vans Lowland Black Charcoal Retro Low Top Shoes,0
Vans Lowland Black Charcoal Retro Low Top Shoes Executive Lifestyle Sneakers Seasonal Drop,1
Vans Old Skool Navy White Low Casual Shoes,0
Vans Old Skool Navy White Low Casual Shoes Premium AAA Mirror Copy New Arrival,1
Vans Sk8-Hi Navy Grey Low High Top Skate Shoes,0
Vans Sk8-Hi Navy Grey Low High Top Skate Shoes Store Quality Edition,1
Vans Classic Slip-On Green White Retro Casual Trainers,0
Vans Classic Slip-On Green White Retro Casual Trainers Retail Release,1
Vans Skate Low Grey Charcoal Retro Canvas Sneakers,0
Vans Skate Low Grey Charcoal Retro Canvas Sneakers Curated Lifestyle Collection,1
Vans Canvas Low Black Charcoal Retro Canvas Sneakers,0
Vans Canvas Low Black Charcoal Retro Canvas Sneakers Imported Streetwear Edition Online Edition,1
Vans Filmore Grey Charcoal Retro Streetwear Trainers,0
Vans Filmore Grey Charcoal Retro Streetwear Trainers Select Store Collection Store Pick,1
Vans Old Skool White Red Retro Streetwear Trainers,0
Vans Old Skool White Red Retro Streetwear Trainers Premium Fashion Release Store Listing,1
Vans Sk8-Hi Black Charcoal Mesh High Top Skate Trainers,0
Vans Sk8-Hi Black Charcoal Mesh High Top Skate Trainers Premium Selection,1
Vans Era Black Charcoal Mesh Low Top Trainers,0
Vans Era Black Charcoal Mesh Low Top Trainers High Street Collection Urban Wear,1
Vans Ward Navy White Mesh High Top Sneakers,0
First Copy Vans Ward Navy White Mesh High Top Sneakers,1
Vans Canvas Low Navy Grey Leather Skate Sneakers,0
Vans Canvas Low Navy Grey Leather Skate Sneakers Urban Luxury Collection Limited Release,1
Vans Filmore Navy Grey Leather Skate Sneakers,0
Vans Filmore Navy Grey Leather Skate Sneakers Designer Style Edition,1
Vans Skate Low Black White Retro Low Top Shoes,0
Vans Skate Low Black White Retro Low Top Shoes Premium Casual Collection Store Pick,1
Vans Old Skool Brown Beige Leather Skate Sneakers,0
Vans Old Skool Brown Beige Leather Skate Sneakers Collection Elite Lifestyle Shoes,1
Vans Sk8-Hi Red White Leather High Top Skate Sneakers,0
Vans Sk8-Hi Red White Leather High Top Skate Sneakers High Grade Replica Ready Stock,1
Vans Authentic White Charcoal Leather Casual Sneakers,0
Vans Authentic White Charcoal Leather Casual Sneakers Signature Streetwear Edition Store Pick,1
Vans Era Red White Leather Casual Sneakers,0
Vans Era Red White Leather Casual Sneakers Edition Premium AAA Quality,1
Vans Classic Slip-On White Grey Leather Casual Sneakers,0
Vans Classic Slip-On White Grey Leather Casual Sneakers Limited Release,1
Vans Lowland Navy Charcoal Sport Lifestyle Sneakers,0
Vans Lowland Navy Charcoal Sport Lifestyle Sneakers Select Fashion Collection Urban Wear,1
Vans Ward Black Charcoal Sport Lifestyle Shoes,0
Vans Ward Black Charcoal Sport Lifestyle Shoes Retail Look Edition Seasonal Drop,1
Vans Skate Low Navy White Sport Canvas Sneakers,0
Vans Skate Low Navy White Sport Canvas Sneakers Imported Urban Sneakers Limited Release,1
Vans Canvas Low Charcoal Grey Sport Canvas Sneakers,0
Vans Canvas Low Charcoal Grey Sport Canvas Sneakers Premium Street Style Edition,1
Vans Filmore Red White Sport Canvas Sneakers,0
Vans Filmore Red White Sport Canvas Sneakers Executive Fashion Collection Ready Stock,1
Vans Old Skool Blue Grey Sport Streetwear Shoes,0
Vans Old Skool Blue Grey Sport Streetwear Shoes Release Retail Grade Edition,1
Vans Lowland Black Grey Streetwear Low Top Shoes,0
Vans Lowland Black Grey Streetwear Low Top Shoes First Copy New Arrival,1
Vans Skate Low Black Charcoal Streetwear High Top Trainers,0
Vans Skate Low Black Charcoal Streetwear High Top Trainers Store Selection,1
Vans Filmore Black Charcoal Cushioned Skate Trainers,0
Vans Filmore Black Charcoal Cushioned Skate Trainers AAA+ Quality Ready Stock,1
Vans Filmore Black Charcoal Retro High Top Shoes,0
Vans Filmore Black Charcoal Retro High Top Shoes Select Lifestyle Edition Fashion Pick,1
Vans Authentic Black Charcoal Cushioned Casual Trainers,0
Vans Authentic Black Charcoal Cushioned Casual Trainers Fashion Edition,1
Vans Era Black Charcoal Cushioned Casual Trainers,0
Vans Era Black Charcoal Cushioned Casual Trainers Premium Store Collection Seasonal Drop,1
Vans Classic Slip-On Brown Black Cushioned Casual Trainers,0
Vans Classic Slip-On Brown Black Cushioned Casual Trainers Urban Release,1
Vans Lowland Grey Charcoal Cushioned Lifestyle Trainers,0
Vans Lowland Grey Charcoal Cushioned Lifestyle Trainers Lifestyle Edition,1
Vans Ward Black Charcoal Lightweight Lifestyle Trainers,0
Vans Ward Black Charcoal Lightweight Lifestyle Trainers Exclusive Release,1
Vans Skate Low Charcoal Black Lightweight Lifestyle Trainers,0
Vans Skate Low Charcoal Black Lightweight Lifestyle Trainers Imported Selection,1
Vans Canvas Low Charcoal Black Lightweight Canvas Sneakers,0
Vans Canvas Low Charcoal Black Lightweight Canvas Sneakers Luxury Edition Online Edition,1
Vans Filmore Charcoal Black Lightweight Canvas Sneakers,0
Vans Filmore Charcoal Black Lightweight Canvas Sneakers Trending Collection,1
Vans Old Skool White Grey Retro High Top Shoes,0
Vans Old Skool White Grey Retro High Top Shoes Premium Lifestyle Edition Store Listing,1
Vans Old Skool Charcoal Black Lightweight Canvas Sneakers,0
Vans Old Skool Charcoal Black Lightweight Canvas Sneakers Limited Release,1
Vans Sk8-Hi Charcoal Black Lightweight High Top Skate Sneakers,0
Vans Sk8-Hi Charcoal Black Lightweight High Top Skate Sneakers Featured Collection,1
Vans Era Black Charcoal Court Streetwear Sneakers,0
Vans Era Black Charcoal Court Streetwear Sneakers Elite Streetwear Collection Seasonal Drop,1
Vans Lowland Black Charcoal Court Low Top Sneakers,0
Vans Lowland Black Charcoal Court Low Top Sneakers Premium Store Edition Limited Release,1
Vans Ward Brown Red Court Low Top Sneakers,0
Vans Ward Brown Red Court Low Top Sneakers AAA+ Quality Imported Edition,1
Vans Skate Low White Grey Court High Top Sneakers,0
Vans Skate Low White Grey Court High Top Sneakers Retail Inspired Sneakers New Arrival,1
Vans Canvas Low Grey Red Court High Top Sneakers,0
Vans Canvas Low Grey Red Court High Top Sneakers Export Quality Edition,1
Vans Filmore Green Charcoal Court High Top Shoes,0
Vans Filmore Green Charcoal Court High Top Shoes Signature Collection Online Edition,1
Vans Sk8-Hi White Black Mesh High Top Skate Shoes,0
Vans Sk8-Hi White Black Mesh High Top Skate Shoes Luxury Fashion Edition New Arrival,1
Vans Old Skool White Grey Runner Skate Shoes,0
Vans Old Skool White Grey Runner Skate Shoes Premium Imported Collection Store Listing,1
Vans Sk8-Hi Black Charcoal Runner High Top Skate Shoes,0
Vans Sk8-Hi Black Charcoal Runner High Top Skate Shoes Mirror Copy Imported Edition,1
Vans Authentic Red Grey Runner Skate Shoes,0
Vans Authentic Red Grey Runner Skate Shoes Master Copy New Arrival,1
Vans Era White Grey Runner Casual Shoes,0
Vans Era White Grey Runner Casual Shoes Executive Lifestyle Sneakers Seasonal Drop,1
Vans Classic Slip-On Black White Runner Casual Shoes,0
Vans Classic Slip-On Black White Runner Casual Shoes Premium Urban Collection Limited Release,1
Vans Lowland White Grey Runner Casual Shoes,0
Vans Lowland White Grey Runner Casual Shoes Store Quality Edition,1
Vans Ward Grey Charcoal Runner Lifestyle Shoes,0
Vans Ward Grey Charcoal Runner Lifestyle Shoes Export Premium Edition Latest Drop,1
Vans Skate Low White Grey Trainer Lifestyle Shoes,0
Vans Skate Low White Grey Trainer Lifestyle Shoes Edition Curated Lifestyle Collection,1
Vans Canvas Low Grey Navy Trainer Lifestyle Shoes,0
Vans Canvas Low Grey Navy Trainer Lifestyle Shoes Imported Streetwear Edition Online Edition,1
Vans Old Skool Blue White Trainer Canvas Sneakers,0
Vans Old Skool Blue White Trainer Canvas Sneakers Select Store Collection Latest Drop,1
Vans Era Black Charcoal Trainer Streetwear Trainers,0
Vans Era Black Charcoal Trainer Streetwear Trainers AAA+ Quality Ready Stock,1
Vans Classic Slip-On Black Charcoal Clean Casual Trainers,0
Vans Classic Slip-On Black Charcoal Clean Casual Trainers Limited Release,1
Vans Lowland White Navy Clean Low Top Trainers,0
Vans Lowland White Navy Clean Low Top Trainers High Street Collection Urban Wear,1
Vans Canvas Low Grey Brown Clean High Top Trainers,0
Vans Canvas Low Grey Brown Clean High Top Trainers Retail Finish Edition Seasonal Drop,1
Vans Filmore Black Charcoal Clean High Top Trainers,0
Vans Filmore Black Charcoal Clean High Top Trainers Urban Luxury Collection Limited Release,1
Vans Old Skool Green White Clean High Top Trainers,0
Vans Old Skool Green White Clean High Top Trainers Designer Style Edition,1
Vans Sk8-Hi Teal White Modern High Top Skate Sneakers,0
Vans Sk8-Hi Teal White Modern High Top Skate Sneakers Premium Casual Collection Fresh Arrival,1
Vans Authentic White Brown Modern Skate Sneakers,0
Master Copy Vans Authentic White Brown Modern Skate Sneakers,1
Vans Era Navy White Modern Skate Sneakers,0
Vans Era Navy White Modern Skate Sneakers Imported Designer Edition Online Edition,1
Vans Ward White Red Modern Casual Sneakers,0
Vans Ward White Red Modern Casual Sneakers Signature Streetwear Edition Fresh Arrival,1
Vans Canvas Low Black Charcoal Heritage Lifestyle Sneakers,0
Vans Canvas Low Black Charcoal Heritage Lifestyle Sneakers Special Release,1
Vans Old Skool White Blue Heritage Canvas Sneakers,0
Vans Old Skool White Blue Heritage Canvas Sneakers Premium Everyday Edition Fashion Pick,1
Vans Classic Slip-On White Grey Heritage Casual Shoes,0
Vans Classic Slip-On White Grey Heritage Casual Shoes Select Fashion Collection Urban Wear,1
Vans Lowland White Charcoal Performance Streetwear Shoes,0
First Copy Vans Lowland White Charcoal Performance Streetwear Shoes,1
Vans Ward White Grey Performance Low Top Shoes,0
Vans Ward White Grey Performance Low Top Shoes Imported Urban Sneakers Limited Release,1
Vans Filmore Black Charcoal Performance High Top Shoes,0
Vans Filmore Black Charcoal Performance High Top Shoes Lifestyle Edition,1
Vans Lowland White Black Mesh Casual Trainers,0
Vans Lowland White Black Mesh Casual Trainers Executive Fashion Collection Online Exclusive,1
Vans Old Skool White Teal Performance High Top Shoes,0
Vans Old Skool White Teal Performance High Top Shoes Drop Retail Grade Edition,1
Vans Sk8-Hi White Beige Performance High Top Skate Shoes,0
Vans Sk8-Hi White Beige Performance High Top Skate Shoes Latest Release,1
Vans Authentic White Charcoal Everyday Skate Shoes,0
Vans Authentic White Charcoal Everyday Skate Shoes Designer Inspired Edition Online Exclusive,1
Vans Era White Charcoal Everyday Skate Trainers,0
Vans Era White Charcoal Everyday Skate Trainers Premium City Collection Store Listing,1
Vans Classic Slip-On Grey Charcoal Everyday Casual Trainers,0
Vans Classic Slip-On Grey Charcoal Everyday Casual Trainers Limited Release,1
Vans Lowland Grey Black Everyday Casual Trainers,0
Vans Lowland Grey Black Everyday Casual Trainers Luxury Streetwear Collection Urban Wear,1
Vans Ward Yellow White Everyday Casual Trainers,0
Vans Ward Yellow White Everyday Casual Trainers Premium Store Collection Seasonal Drop,1
Vans Skate Low Black Charcoal Everyday Casual Trainers,0
Vans Skate Low Black Charcoal Everyday Casual Trainers Export Selection,1
Vans Canvas Low White Black Everyday Lifestyle Trainers,0
Vans Canvas Low White Black Everyday Lifestyle Trainers Retail Version,1
Vans Filmore Grey Green Low Top Lifestyle Trainers,0
Vans Filmore Grey Green Low Top Lifestyle Trainers Retail Quality Sneakers Streetwear Pick,1
Vans Ward White Grey Mesh Casual Trainers,0
Vans Ward White Grey Mesh Casual Trainers Exclusive Collection,1
Vans Old Skool Green Grey Low Top Lifestyle Trainers,0
Vans Old Skool Green Grey Low Top Lifestyle Trainers Luxury Edition Online Edition,1
Vans Sk8-Hi Charcoal White Low Top High Top Skate Trainers,0
Vans Sk8-Hi Charcoal White Low Top High Top Skate Trainers Executive Collection Streetwear Pick,1
Vans Authentic Brown Black Low Top Canvas Sneakers,0
Vans Authentic Brown Black Low Top Canvas Sneakers Premium Lifestyle Edition Store Listing,1
Vans Era Charcoal Black Low Top Canvas Sneakers,0
Premium Replica Vans Era Charcoal Black Low Top Canvas Sneakers,1
Vans Classic Slip-On Charcoal Grey Low Top Casual Sneakers,0
Vans Classic Slip-On Charcoal Grey Low Top Casual Sneakers Fashion Edition,1
Vans Lowland Charcoal White Low Top Streetwear Sneakers,0
Vans Lowland Charcoal White Low Top Streetwear Sneakers Fashion Release,1
Vans Ward Black Navy Athletic Streetwear Sneakers,0
Vans Ward Black Navy Athletic Streetwear Sneakers Premium Store Edition Limited Release,1
Vans Skate Low Orange White Athletic Low Top Sneakers,0
Vans Skate Low Orange White Athletic Low Top Sneakers Handpicked Quality Edition,1
Vans Filmore Charcoal Black Athletic Low Top Sneakers,0
Vans Filmore Charcoal Black Athletic Low Top Sneakers Retail Inspired Sneakers Streetwear Pick,1
Vans Skate Low Charcoal White Mesh Lifestyle Trainers,0
Vans Skate Low Charcoal White Mesh Lifestyle Trainers Edition Export Quality Edition,1
Vans Old Skool White Grey Athletic High Top Sneakers,0
Vans Old Skool White Grey Athletic High Top Sneakers Signature Collection Online Edition,1
Vans Sk8-Hi Charcoal Black Athletic High Top Skate Sneakers,0
Vans Sk8-Hi Charcoal Black Athletic High Top Skate Sneakers Trending Collection,1
Vans Authentic Grey Charcoal Athletic High Top Sneakers,0
Vans Authentic Grey Charcoal Athletic High Top Sneakers Premium Imported Collection Store Listing,1
Vans Era Charcoal White Comfort Skate Sneakers,0
Vans Era Charcoal White Comfort Skate Sneakers OEM Replica,1
Vans Classic Slip-On Charcoal Red Comfort Casual Sneakers,0
Vans Classic Slip-On Charcoal Red Comfort Casual Sneakers Featured Collection,1
Vans Lowland White Red Comfort Skate Shoes,0
Vans Lowland White Red Comfort Skate Shoes Executive Lifestyle Sneakers Seasonal Drop,1
Vans Skate Low Navy Grey Comfort Casual Shoes,0
Vans Skate Low Navy Grey Comfort Casual Shoes Premium Urban Collection Limited Release,1
Vans Canvas Low White Charcoal Comfort Casual Shoes,0
Vans Canvas Low White Charcoal Comfort Casual Shoes Store Quality Edition,1
Vans Filmore Beige Charcoal Comfort Lifestyle Shoes,0
Vans Filmore Beige Charcoal Comfort Lifestyle Shoes Premium Replica New Arrival,1
Vans Canvas Low White Black Leather Lifestyle Trainers,0
Vans Canvas Low White Black Leather Lifestyle Trainers Imported Release,1
Vans Old Skool Charcoal Black Classic Lifestyle Shoes,0
Vans Old Skool Charcoal Black Classic Lifestyle Shoes High Grade Replica Ready Stock,1
Vans Sk8-Hi White Grey Classic High Top Skate Shoes,0
Vans Sk8-Hi White Grey Classic High Top Skate Shoes Select Store Collection,1
Vans Authentic Charcoal Grey Classic Canvas Sneakers,0
Vans Authentic Charcoal Grey Classic Canvas Sneakers Edition Premium AAA Quality,1
Vans Era Red White Classic Canvas Sneakers,0
Vans Era Red White Classic Canvas Sneakers Boutique Quality Edition Fashion Pick,1
Vans Classic Slip-On Charcoal Grey Classic Casual Shoes,0
Vans Classic Slip-On Charcoal Grey Classic Casual Shoes Fashion Edition,1
Vans Lowland White Grey Classic Streetwear Shoes,0
Vans Lowland White Grey Classic Streetwear Shoes Retail Finish Edition Seasonal Drop,1
Vans Ward Charcoal White Classic Streetwear Trainers,0
Vans Ward Charcoal White Classic Streetwear Trainers 1:1 Replica Ready Stock,1
Vans Skate Low Black White Low Streetwear Trainers,0
Vans Skate Low Black White Low Streetwear Trainers Designer Style Edition,1
Vans Canvas Low Charcoal Red Low Low Top Trainers,0
Vans Canvas Low Charcoal Red Low Low Top Trainers Premium Casual Collection Ready Stock,1
Vans Filmore Black Charcoal Low Low Top Trainers,0
Vans Filmore Black Charcoal Low Low Top Trainers Drop Elite Lifestyle Shoes,1
Vans Filmore Navy White Leather Lifestyle Trainers,0
Vans Filmore Navy White Leather Lifestyle Trainers Imported Designer Edition Online Edition,1
Vans Old Skool Black Charcoal Low Low Top Trainers,0
Vans Old Skool Black Charcoal Low Low Top Trainers Signature Streetwear Edition Limited Stock,1
Vans Sk8-Hi Black Charcoal Low High Top Skate Trainers,0
Vans Sk8-Hi Black Charcoal Low High Top Skate Trainers Curated Edition,1
Vans Authentic Brown Black Low High Top Trainers,0
Vans Authentic Brown Black Low High Top Trainers Premium Everyday Edition Fashion Pick,1
Vans Era Grey Charcoal Low High Top Trainers,0
Vans Era Grey Charcoal Low High Top Trainers Select Fashion Collection Urban Wear,1
Vans Classic Slip-On Black Charcoal Retro Casual Trainers,0
Vans Classic Slip-On Black Charcoal Retro Casual Trainers Designer Selection,1
Vans Lowland Charcoal Black Retro Skate Trainers,0
Vans Lowland Charcoal Black Retro Skate Trainers Imported Urban Sneakers Limited Release,1
Vans Ward Charcoal Black Retro Skate Trainers,0
Vans Ward Charcoal Black Retro Skate Trainers Premium Street Style Edition,1
Vans Skate Low Charcoal Black Retro Casual Sneakers,0
Vans Skate Low Charcoal Black Retro Casual Sneakers Mirror Copy Ready Stock,1
Vans Canvas Low Charcoal Black Retro Casual Sneakers,0
Vans Canvas Low Charcoal Black Retro Casual Sneakers Version Retail Grade Edition,1
Vans Filmore Charcoal Black Retro Casual Sneakers,0
Vans Filmore Charcoal Black Retro Casual Sneakers Edition Imported Copy,1
Vans Sk8-Hi Black Charcoal Mesh High Top Skate Sneakers,0
Vans Sk8-Hi Black Charcoal Mesh High Top Skate Sneakers Store Selection,1
Vans Era Black Charcoal Mesh Canvas Sneakers,0
Vans Era Black Charcoal Mesh Canvas Sneakers Premium City Collection Store Listing,1
Vans Classic Slip-On Brown Red Mesh Casual Sneakers,0
Vans Classic Slip-On Brown Red Mesh Casual Sneakers Select Lifestyle Edition Fashion Pick,1
Vans Skate Low Black Charcoal Mesh Streetwear Sneakers,0
Vans Skate Low Black Charcoal Mesh Streetwear Sneakers Fashion Edition,1
Vans Canvas Low White Charcoal Leather Streetwear Shoes,0
Vans Canvas Low White Charcoal Leather Streetwear Shoes Fashion Release,1
Vans Filmore Black Charcoal Leather Low Top Shoes,0
Vans Filmore Black Charcoal Leather Low Top Shoes Export Fashion Edition Limited Release,1
Vans Old Skool Charcoal Black Leather Low Top Shoes,0
Vans Old Skool Charcoal Black Leather Low Top Shoes AAA+ Quality Imported Edition,1
Vans Classic Slip-On Navy White Leather Casual Shoes,0
Vans Classic Slip-On Navy White Leather Casual Shoes Premium Replica New Arrival,1
Vans Ward Red Grey Sport Skate Shoes,0
Vans Ward Red Grey Sport Skate Shoes Factory Copy,1
Vans Skate Low Yellow Brown Sport Skate Shoes,0
Vans Skate Low Yellow Brown Sport Skate Shoes Luxury Edition Online Edition,1
Vans Canvas Low Grey Brown Sport Casual Shoes,0
Vans Canvas Low Grey Brown Sport Casual Shoes Executive Collection New Arrival,1
Vans Authentic Grey Charcoal Leather Canvas Sneakers,0
Vans Authentic Grey Charcoal Leather Canvas Sneakers Premium Lifestyle Edition Store Listing,1
Vans Old Skool Charcoal Grey Sport Casual Trainers,0
Vans Old Skool Charcoal Grey Sport Casual Trainers Mirror Copy Imported Edition,1
Vans Sk8-Hi Charcoal Black Sport High Top Skate Trainers,0
Vans Sk8-Hi Charcoal Black Sport High Top Skate Trainers Featured Collection,1
Vans Authentic Charcoal Black Streetwear Lifestyle Trainers,0
Vans Authentic Charcoal Black Streetwear Lifestyle Trainers Designer Selection,1
Vans Era Grey Charcoal Streetwear Lifestyle Trainers,0
Vans Era Grey Charcoal Streetwear Lifestyle Trainers Premium Store Edition Limited Release,1
Vans Classic Slip-On Navy White Streetwear Casual Trainers,0
Vans Classic Slip-On Navy White Streetwear Casual Trainers Retail Version,1
Vans Skate Low Navy White Streetwear Streetwear Trainers,0
Vans Skate Low Navy White Streetwear Streetwear Trainers Retail Inspired Sneakers Latest Drop,1
Vans Canvas Low Black Orange Streetwear Streetwear Trainers,0
Vans Canvas Low Black Orange Streetwear Streetwear Trainers Imported Release,1
Vans Filmore Blue Navy Cushioned Streetwear Trainers,0
Vans Filmore Blue Navy Cushioned Streetwear Trainers Signature Collection Online Edition,1
Vans Old Skool Yellow White Cushioned Low Top Sneakers,0
Vans Old Skool Yellow White Cushioned Low Top Sneakers Store Selection,1
Vans Sk8-Hi White Teal Cushioned High Top Skate Sneakers,0
Vans Sk8-Hi White Teal Cushioned High Top Skate Sneakers Premium Imported Collection Store Listing,1
Vans Authentic Charcoal Black Cushioned Low Top Sneakers,0
Vans Authentic Charcoal Black Cushioned Low Top Sneakers Premium Selection,1
Vans Era Black Grey Cushioned High Top Sneakers,0
Vans Era Black Grey Cushioned High Top Sneakers Exclusive Fashion Collection Urban Wear,1
Vans Classic Slip-On Red Grey Cushioned Casual Sneakers,0
Vans Classic Slip-On Red Grey Cushioned Casual Sneakers Fashion Release,1
Vans Lowland Charcoal White Cushioned High Top Sneakers,0
Vans Lowland Charcoal White Cushioned High Top Sneakers Urban Release,1
Vans Ward Grey Brown Lightweight Skate Sneakers,0
Vans Ward Grey Brown Lightweight Skate Sneakers Store Quality Edition,1
Vans Filmore Grey Charcoal Lightweight Casual Sneakers,0
Vans Filmore Grey Charcoal Lightweight Casual Sneakers Export Premium Edition Fresh Arrival,1
Vans Old Skool Black Grey Lightweight Casual Sneakers,0
Vans Old Skool Black Grey Lightweight Casual Sneakers Drop Curated Lifestyle Collection,1
Vans Authentic Charcoal Grey Lightweight Lifestyle Shoes,0
Vans Authentic Charcoal Grey Lightweight Lifestyle Shoes Latest Release,1
Vans Era Orange Red Court Lifestyle Shoes,0
Vans Era Orange Red Court Lifestyle Shoes Select Store Collection Fresh Arrival,1
Vans Skate Low Blue White Court Canvas Sneakers,0
Vans Skate Low Blue White Court Canvas Sneakers Premium Fashion Release Store Listing,1
Vans Canvas Low Charcoal Black Court Streetwear Shoes,0
Vans Canvas Low Charcoal Black Court Streetwear Shoes Boutique Quality Edition Fashion Pick,1
Vans Filmore White Orange Court Streetwear Shoes,0
Vans Filmore White Orange Court Streetwear Shoes Luxury Replica Ready Stock,1
Vans Sk8-Hi Charcoal White Runner High Top Skate Shoes,0
Vans Sk8-Hi Charcoal White Runner High Top Skate Shoes Designer Selection,1
Vans Authentic Charcoal Grey Runner Low Top Trainers,0
Vans Authentic Charcoal Grey Runner Low Top Trainers Urban Luxury Collection Limited Release,1
Vans Classic Slip-On Charcoal Black Runner Casual Trainers,0
Vans Classic Slip-On Charcoal Black Runner Casual Trainers Retail Version,1
Vans Lowland Black Charcoal Runner High Top Trainers,0
Vans Lowland Black Charcoal Runner High Top Trainers Premium Casual Collection Online Exclusive,1
Vans Ward White Grey Runner High Top Trainers,0
Vans Ward White Grey Runner High Top Trainers Version Elite Lifestyle Shoes,1
Vans Skate Low Navy White Trainer Skate Trainers,0
Vans Skate Low Navy White Trainer Skate Trainers High Grade Replica Ready Stock,1
Vans Canvas Low Navy Grey Trainer Skate Trainers,0
Premium AAA Mirror Copy Vans Canvas Low Navy Grey Trainer Skate Trainers,1
Vans Filmore Black Grey Trainer Skate Trainers,0
Vans Filmore Black Grey Trainer Skate Trainers Handpicked Premium Collection Store Listing,1
Vans Era Charcoal White Trainer Lifestyle Sneakers,0
Vans Era Charcoal White Trainer Lifestyle Sneakers Premium Everyday Edition Fashion Pick,1
Vans Classic Slip-On Black Charcoal Clean Casual Sneakers,0
Vans Classic Slip-On Black Charcoal Clean Casual Sneakers Fashion Edition,1
Vans Skate Low Grey Beige Clean Canvas Sneakers,0
Vans Skate Low Grey Beige Clean Canvas Sneakers Retail Look Edition Seasonal Drop,1
Vans Canvas Low Teal White Clean Canvas Sneakers,0
Vans Canvas Low Teal White Clean Canvas Sneakers Imported Urban Sneakers Limited Release,1
Vans Filmore Orange White Clean Streetwear Sneakers,0
Vans Filmore Orange White Clean Streetwear Sneakers Premium Street Style Edition,1
Vans Old Skool Charcoal Grey Clean Streetwear Sneakers,0
Vans Old Skool Charcoal Grey Clean Streetwear Sneakers Exclusive Release,1
Vans Era White Grey Modern Low Top Sneakers,0
Vans Era White Grey Modern Low Top Sneakers Edition Retail Grade Edition,1
Vans Classic Slip-On Navy Grey Modern Casual Shoes,0
Vans Classic Slip-On Navy Grey Modern Casual Shoes Imported Lifestyle Sneakers Online Edition,1
Vans Lowland White Teal Modern High Top Shoes,0
Vans Lowland White Teal Modern High Top Shoes Designer Inspired Edition Streetwear Pick,1
Vans Ward Navy Black Modern High Top Shoes,0
Vans Ward Navy Black Modern High Top Shoes Premium City Collection Store Listing,1
Vans Canvas Low Grey Teal Heritage Skate Shoes,0
Vans Canvas Low Grey Teal Heritage Skate Shoes Select Lifestyle Edition Fashion Pick,1
Vans Old Skool Grey Brown Heritage Skate Shoes,0
Vans Old Skool Grey Brown Heritage Skate Shoes Luxury Streetwear Collection Urban Wear,1
Vans Sk8-Hi Navy Grey Heritage High Top Skate Shoes,0
Vans Sk8-Hi Navy Grey Heritage High Top Skate Shoes Premium Store Collection Seasonal Drop,1
Vans Authentic Navy White Heritage Casual Shoes,0
Vans Authentic Navy White Heritage Casual Shoes Export Fashion Edition Limited Release,1
Vans Era Navy Black Heritage Casual Shoes,0
Vans Era Navy Black Heritage Casual Shoes Premium Imported Edition,1
Vans Classic Slip-On Charcoal Black Heritage Casual Shoes,0
Vans Classic Slip-On Charcoal Black Heritage Casual Shoes Retail Quality Sneakers Store Pick,1
Vans Lowland Black Green Performance Lifestyle Trainers,0
Vans Lowland Black Green Performance Lifestyle Trainers Imported Release,1
Vans Ward Brown White Performance Lifestyle Trainers,0
Vans Ward Brown White Performance Lifestyle Trainers Luxury Edition Online Edition,1
Vans Skate Low Black White Performance Canvas Sneakers,0
Vans Skate Low Black White Performance Canvas Sneakers Store Selection,1
Vans Filmore Grey Charcoal Performance Canvas Sneakers,0
Vans Filmore Grey Charcoal Performance Canvas Sneakers Premium Lifestyle Edition Store Listing,1
Vans Filmore Yellow White Sport High Top Sneakers,0
Vans Filmore Yellow White Sport High Top Sneakers Designer Inspired Collection Fashion Pick,1
Vans Old Skool White Grey Performance Streetwear Trainers,0
Vans Old Skool White Grey Performance Streetwear Trainers Fashion Edition,1
Vans Era White Grey Everyday Low Top Trainers,0
First Copy Vans Era White Grey Everyday Low Top Trainers,1
Vans Classic Slip-On White Grey Everyday Casual Trainers,0
Vans Classic Slip-On White Grey Everyday Casual Trainers Urban Release,1
Vans Lowland Blue White Everyday Low Top Trainers,0
Vans Lowland Blue White Everyday Low Top Trainers AAA+ Quality Imported Edition,1
Vans Ward Grey Navy Everyday High Top Sneakers,0
Vans Ward Grey Navy Everyday High Top Sneakers Retail Inspired Sneakers,1
Vans Skate Low Charcoal Black Everyday High Top Sneakers,0
Vans Skate Low Charcoal Black Everyday High Top Sneakers Imported Selection,1
Vans Canvas Low Black Grey Everyday High Top Sneakers,0
Vans Canvas Low Black Grey Everyday High Top Sneakers Signature Collection Online Edition,1
Vans Filmore Charcoal Grey Low Top Skate Sneakers,0
Vans Filmore Charcoal Grey Low Top Skate Sneakers Luxury Fashion Edition,1
Vans Sk8-Hi Navy White Low Top High Top Skate Sneakers,0
Vans Sk8-Hi Navy White Low Top High Top Skate Sneakers Premium Imported Collection Store Listing,1
Vans Lowland Yellow White Low Top Lifestyle Sneakers,0
Vans Lowland Yellow White Low Top Lifestyle Sneakers Lifestyle Premium Edition Fashion Pick,1
Vans Ward Black Charcoal Athletic Lifestyle Sneakers,0
Vans Ward Black Charcoal Athletic Lifestyle Sneakers Exclusive Fashion Collection Urban Wear,1
Vans Skate Low White Grey Athletic Lifestyle Shoes,0
Vans Skate Low White Grey Athletic Lifestyle Shoes Executive Lifestyle Sneakers Seasonal Drop,1
Vans Canvas Low White Grey Athletic Canvas Sneakers,0
Vans Canvas Low White Grey Athletic Canvas Sneakers Premium Urban Collection Limited Release,1
Vans Sk8-Hi Grey Charcoal Sport High Top Skate Sneakers,0
Vans Sk8-Hi Grey Charcoal Sport High Top Skate Sneakers Retail Version,1
Vans Authentic Navy Grey Athletic Streetwear Shoes,0
Vans Authentic Navy Grey Athletic Streetwear Shoes Export Premium Edition Ready Stock,1
Vans Era Grey Charcoal Comfort Streetwear Shoes,0
Vans Era Grey Charcoal Comfort Streetwear Shoes Version Curated Lifestyle Collection,1
Vans Classic Slip-On Navy White Comfort Casual Shoes,0
Vans Classic Slip-On Navy White Comfort Casual Shoes Imported Streetwear Edition Online Edition,1
Vans Ward Navy White Comfort Low Top Shoes,0
Vans Ward Navy White Comfort Low Top Shoes Select Store Collection Limited Stock,1
Vans Skate Low White Charcoal Comfort High Top Shoes,0
Vans Skate Low White Charcoal Comfort High Top Shoes AAA+ Quality Ready Stock,1
Vans Canvas Low Grey Charcoal Comfort High Top Trainers,0
Vans Canvas Low Grey Charcoal Comfort High Top Trainers Premium Selection,1
Vans Authentic Charcoal Black Streetwear Skate Sneakers,0
Vans Authentic Charcoal Black Streetwear Skate Sneakers Fashion Edition,1
Vans Sk8-Hi Grey Red Classic High Top Skate Trainers,0
Vans Sk8-Hi Grey Red Classic High Top Skate Trainers Retail Finish Edition Seasonal Drop,1
Vans Authentic Navy White Classic Skate Trainers,0
Vans Authentic Navy White Classic Skate Trainers Urban Luxury Collection Limited Release,1
Vans Era Red White Classic Casual Trainers,0
Vans Era Red White Classic Casual Trainers Designer Style Edition,1
Vans Ward Grey Charcoal Classic Lifestyle Trainers,0
Vans Ward Grey Charcoal Classic Lifestyle Trainers Premium Casual Collection Limited Stock,1
Vans Skate Low Black Grey Low Lifestyle Trainers,0
Vans Skate Low Black Grey Low Lifestyle Trainers Elite Lifestyle Shoes,1
Vans Canvas Low White Grey Low Lifestyle Trainers,0
Vans Canvas Low White Grey Low Lifestyle Trainers Edition Imported Copy,1
Vans Filmore White Navy Low Canvas Sneakers,0
Vans Filmore White Navy Low Canvas Sneakers 1:1 Replica Imported Edition,1
Vans Sk8-Hi Navy Grey Low High Top Skate Sneakers,0
Vans Sk8-Hi Navy Grey Low High Top Skate Sneakers Handpicked Premium Collection Store Listing,1
Vans Authentic White Grey Low Streetwear Sneakers,0
Vans Authentic White Grey Low Streetwear Sneakers OEM Replica,1
Vans Era White Grey Low Streetwear Sneakers,0
Vans Era White Grey Low Streetwear Sneakers Select Fashion Collection Urban Wear,1
Vans Classic Slip-On Grey Green Retro Casual Sneakers,0
Vans Classic Slip-On Grey Green Retro Casual Sneakers Retail Look Edition Seasonal Drop,1
Vans Skate Low Navy Blue Retro Low Top Sneakers,0
Vans Skate Low Navy Blue Retro Low Top Sneakers Imported Urban Sneakers Limited Release,1
Vans Classic Slip-On Brown Yellow Streetwear Casual Shoes,0
Vans Classic Slip-On Brown Yellow Streetwear Casual Shoes Retail Version,1
Vans Old Skool Charcoal Black Retro High Top Shoes,0
Vans Old Skool Charcoal Black Retro High Top Shoes Executive Fashion Collection New Arrival,1
Vans Skate Low Blue White Mesh Lifestyle Shoes,0
Vans Skate Low Blue White Mesh Lifestyle Shoes Collection Retail Grade Edition,1
Vans Filmore White Grey Leather Lifestyle Shoes,0
Vans Filmore White Grey Leather Lifestyle Shoes High Grade Replica Ready Stock,1
Vans Classic Slip-On Red Grey Leather Casual Trainers,0
Vans Classic Slip-On Red Grey Leather Casual Trainers Designer Inspired Edition Latest Drop,1
Vans Canvas Low Charcoal White Sport Low Top Trainers,0
Vans Canvas Low Charcoal White Sport Low Top Trainers Premium City Collection Store Listing,1
Vans Ward Charcoal Black Streetwear Casual Shoes,0
Vans Ward Charcoal Black Streetwear Casual Shoes Select Lifestyle Edition Fashion Pick,1
Vans Sk8-Hi Grey Beige Sport High Top Skate Trainers,0
Vans Sk8-Hi Grey Beige Sport High Top Skate Trainers Luxury Streetwear Collection Urban Wear,1
Vans Era Green White Streetwear Skate Sneakers,0
Vans Era Green White Streetwear Skate Sneakers Premium Store Collection Seasonal Drop,1
Vans Lowland Blue White Streetwear Casual Sneakers,0
Vans Lowland Blue White Streetwear Casual Sneakers Export Fashion Edition Limited Release,1
Vans Sk8-Hi Navy White Cushioned High Top Skate Sneakers,0
Vans Sk8-Hi Navy White Cushioned High Top Skate Sneakers Lifestyle Edition,1
Vans Authentic White Charcoal Cushioned Canvas Sneakers,0
Vans Authentic White Charcoal Cushioned Canvas Sneakers Retail Quality Sneakers Latest Drop,1
Vans Era Green White Cushioned Canvas Sneakers,0
Vans Era Green White Cushioned Canvas Sneakers Release Exclusive Collection,1
Vans Classic Slip-On Black White Cushioned Casual Shoes,0
Vans Classic Slip-On Black White Cushioned Casual Shoes Latest Release,1
Vans Lowland Navy White Cushioned Streetwear Shoes,0
Vans Lowland Navy White Cushioned Streetwear Shoes Executive Collection Latest Drop,1
Vans Canvas Low Navy Grey Streetwear Lifestyle Shoes,0
Vans Canvas Low Navy Grey Streetwear Lifestyle Shoes Premium Lifestyle Edition Store Listing,1
Vans Old Skool White Black Lightweight High Top Shoes,0
Vans Old Skool White Black Lightweight High Top Shoes Designer Inspired Collection Fashion Pick,1
Vans Sk8-Hi Black Charcoal Lightweight High Top Skate Shoes,0
Vans Sk8-Hi Black Charcoal Lightweight High Top Skate Shoes Featured Collection,1
Vans Era Charcoal Black Court Skate Shoes,0
Vans Era Charcoal Black Court Skate Shoes Elite Streetwear Collection Seasonal Drop,1
Vans Classic Slip-On Grey Red Court Casual Trainers,0
Vans Classic Slip-On Grey Red Court Casual Trainers Premium Store Edition Limited Release,1
Vans Lowland Grey Charcoal Court Skate Trainers,0
Vans Lowland Grey Charcoal Court Skate Trainers Premium AAA Quality,1
Vans Skate Low White Red Court Casual Trainers,0
Vans Skate Low White Red Court Casual Trainers Retail Inspired Sneakers Fresh Arrival,1
Vans Canvas Low Navy Grey Court Casual Trainers,0
Vans Canvas Low Navy Grey Court Casual Trainers Version Export Quality Edition,1
Vans Filmore Charcoal Grey Court Lifestyle Trainers,0
Vans Filmore Charcoal Grey Court Lifestyle Trainers Signature Collection Online Edition,1
Vans Old Skool Red White Runner Lifestyle Trainers,0
Vans Old Skool Red White Runner Lifestyle Trainers Luxury Fashion Edition Fresh Arrival,1
Vans Sk8-Hi Teal White Runner High Top Skate Trainers,0
Vans Sk8-Hi Teal White Runner High Top Skate Trainers Premium Imported Collection Store Listing,1
Vans Authentic Navy Grey Runner Canvas Sneakers,0
Vans Authentic Navy Grey Runner Canvas Sneakers Lifestyle Premium Edition Fashion Pick,1
Vans Lowland Black White Runner Streetwear Sneakers,0
Vans Lowland Black White Runner Streetwear Sneakers Exclusive Fashion Collection Urban Wear,1
Vans Ward Charcoal White Runner Streetwear Sneakers,0
Vans Ward Charcoal White Runner Streetwear Sneakers Executive Lifestyle Sneakers Seasonal Drop,1
Vans Skate Low White Black Trainer Streetwear Sneakers,0
Vans Skate Low White Black Trainer Streetwear Sneakers Urban Release,1
Vans Canvas Low Teal White Trainer Low Top Sneakers,0
Vans Canvas Low Teal White Trainer Low Top Sneakers Store Quality Edition,1
Vans Filmore White Grey Trainer Low Top Sneakers,0
Vans Filmore White Grey Trainer Low Top Sneakers Export Premium Edition Online Exclusive,1
Vans Old Skool Charcoal White Cushioned Lifestyle Shoes,0
Vans Old Skool Charcoal White Cushioned Lifestyle Shoes Imported Selection,1
Vans Old Skool Black Charcoal Trainer Low Top Sneakers,0
Vans Old Skool Black Charcoal Trainer Low Top Sneakers Latest Release,1
Vans Sk8-Hi Black Grey Trainer High Top Skate Sneakers,0
Vans Sk8-Hi Black Grey Trainer High Top Skate Sneakers Trending Collection,1
Vans Authentic Navy Beige Trainer High Top Sneakers,0
Vans Authentic Navy Beige Trainer High Top Sneakers Premium Fashion Release Store Listing,1
Vans Lowland Black Grey Clean Skate Sneakers,0
Vans Lowland Black Grey Clean Skate Sneakers Boutique Quality Edition Fashion Pick,1
Vans Ward Pink White Clean Skate Shoes,0
Vans Ward Pink White Clean Skate Shoes Master Copy New Arrival,1
Vans Skate Low Charcoal Orange Clean Casual Shoes,0
Vans Skate Low Charcoal Orange Clean Casual Shoes Retail Finish Edition Seasonal Drop,1
Vans Canvas Low Grey Beige Clean Casual Shoes,0
Vans Canvas Low Grey Beige Clean Casual Shoes Urban Luxury Collection Limited Release,1
Vans Era White Grey Modern Canvas Sneakers,0
Vans Era White Grey Modern Canvas Sneakers Designer Style Edition,1
Vans Classic Slip-On White Charcoal Modern Casual Shoes,0
Vans Classic Slip-On White Charcoal Modern Casual Shoes Retail Release,1
Vans Lowland Navy Charcoal Modern Canvas Sneakers,0
Vans Lowland Navy Charcoal Modern Canvas Sneakers Edition Elite Lifestyle Shoes,1
Vans Ward Black Charcoal Modern Streetwear Shoes,0
Vans Ward Black Charcoal Modern Streetwear Shoes First Copy New Arrival,1
Vans Skate Low White Red Modern Streetwear Trainers,0
Vans Skate Low White Red Modern Streetwear Trainers Signature Streetwear Edition Streetwear Pick,1
Vans Canvas Low White Grey Heritage Streetwear Trainers,0
Vans Canvas Low White Grey Heritage Streetwear Trainers Special Release,1
Vans Filmore Green White Heritage Low Top Trainers,0
Vans Filmore Green White Heritage Low Top Trainers Premium Everyday Edition Fashion Pick,1
Vans Authentic Charcoal Black Cushioned Canvas Sneakers,0
Vans Authentic Charcoal Black Cushioned Canvas Sneakers Select Fashion Collection Urban Wear,1
Vans Authentic Navy Black Heritage High Top Trainers,0
Vans Authentic Navy Black Heritage High Top Trainers Retail Look Edition Seasonal Drop,1
Vans Era Charcoal Grey Heritage High Top Trainers,0
Vans Era Charcoal Grey Heritage High Top Trainers Premium AAA Mirror Copy New Arrival,1
Vans Classic Slip-On Orange White Heritage Casual Trainers,0
Vans Classic Slip-On Orange White Heritage Casual Trainers Lifestyle Edition,1
Vans Lowland Brown White Performance Skate Trainers,0
Vans Lowland Brown White Performance Skate Trainers Mirror Copy Ready Stock,1
Vans Ward Charcoal Black Performance Skate Trainers,0
Vans Ward Charcoal Black Performance Skate Trainers Release Retail Grade Edition,1
Vans Old Skool Beige Grey Performance Casual Sneakers,0
Vans Old Skool Beige Grey Performance Casual Sneakers Imported Lifestyle Sneakers Online Edition,1
Vans Era Navy Blue Everyday Lifestyle Sneakers,0
Vans Era Navy Blue Everyday Lifestyle Sneakers Designer Inspired Edition Store Pick,1
Vans Classic Slip-On Navy Grey Everyday Casual Sneakers,0
Vans Classic Slip-On Navy Grey Everyday Casual Sneakers Premium City Collection Store Listing,1
Vans Lowland White Grey Everyday Canvas Sneakers,0
Vans Lowland White Grey Everyday Canvas Sneakers Select Lifestyle Edition Fashion Pick,1
Vans Classic Slip-On Charcoal Black Cushioned Casual Shoes,0
Vans Classic Slip-On Charcoal Black Cushioned Casual Shoes Featured Collection,1
Vans Sk8-Hi Blue White Low Top High Top Skate Shoes,0
Vans Sk8-Hi Blue White Low Top High Top Skate Shoes Premium Store Collection Seasonal Drop,1
Vans Authentic Charcoal Black Low Top Low Top Shoes,0
Vans Authentic Charcoal Black Low Top Low Top Shoes Export Fashion Edition Limited Release,1
Vans Era Grey Charcoal Low Top High Top Shoes,0
Vans Era Grey Charcoal Low Top High Top Shoes AAA+ Quality Imported Edition,1
Vans Skate Low White Grey Athletic Skate Shoes,0
Vans Skate Low White Grey Athletic Skate Shoes Retail Quality Sneakers,1
Vans Canvas Low White Grey Athletic Skate Shoes,0
Vans Canvas Low White Grey Athletic Skate Shoes Drop Exclusive Collection,1
Vans Filmore Charcoal Black Athletic Casual Shoes,0
Vans Filmore Charcoal Black Athletic Casual Shoes Luxury Edition Online Edition,1
Vans Old Skool Blue White Athletic Casual Trainers,0
Vans Old Skool Blue White Athletic Casual Trainers Executive Collection Ready Stock,1
Vans Sk8-Hi Navy Grey Athletic High Top Skate Trainers,0
Vans Sk8-Hi Navy Grey Athletic High Top Skate Trainers Special Release,1
Vans Authentic Charcoal Black Athletic Lifestyle Trainers,0
Vans Authentic Charcoal Black Athletic Lifestyle Trainers Premium Selection,1
Vans Era Black White Comfort Lifestyle Trainers,0
Vans Era Black White Comfort Lifestyle Trainers Imported Fashion Edition Urban Wear,1
Vans Classic Slip-On Black Grey Comfort Casual Trainers,0
Vans Classic Slip-On Black Grey Comfort Casual Trainers Fashion Release,1
Vans Lowland White Navy Comfort Canvas Sneakers,0
Vans Lowland White Navy Comfort Canvas Sneakers Premium Store Edition Limited Release,1
Vans Skate Low Beige Grey Comfort Canvas Sneakers,0
Vans Skate Low Beige Grey Comfort Canvas Sneakers Handpicked Quality Edition,1
Vans Canvas Low White Yellow Comfort Streetwear Trainers,0
Vans Canvas Low White Yellow Comfort Streetwear Trainers Exclusive Release,1
Vans Filmore Charcoal Black Comfort Streetwear Trainers,0
Vans Filmore Charcoal Black Comfort Streetwear Trainers Export Quality Edition,1
Vans Ward White Grey Lightweight Streetwear Trainers,0
Vans Ward White Grey Lightweight Streetwear Trainers Signature Collection Online Edition,1
Vans Old Skool White Navy Classic Streetwear Trainers,0
Vans Old Skool White Navy Classic Streetwear Trainers Luxury Fashion Edition Limited Stock,1
Vans Classic Slip-On Grey Charcoal Classic Casual Sneakers,0
Vans Classic Slip-On Grey Charcoal Classic Casual Sneakers Curated Edition,1
Vans Ward Brown Grey Classic High Top Sneakers,0
Vans Ward Brown Grey Classic High Top Sneakers Lifestyle Premium Edition Fashion Pick,1
Vans Skate Low Grey Charcoal Low Skate Sneakers,0
Vans Skate Low Grey Charcoal Low Skate Sneakers Edition Factory Copy,1
Vans Canvas Low White Grey Low Skate Sneakers,0
Vans Canvas Low White Grey Low Skate Sneakers Executive Lifestyle Sneakers Seasonal Drop,1
Vans Filmore Grey Charcoal Low Skate Sneakers,0
Vans Filmore Grey Charcoal Low Skate Sneakers Premium Urban Collection Limited Release,1
Vans Skate Low Charcoal Black Lightweight Low Top Trainers,0
Vans Skate Low Charcoal Black Lightweight Low Top Trainers Retail Version,1
Vans Old Skool White Brown Low Casual Sneakers,0
Vans Old Skool White Brown Low Casual Sneakers Export Premium Edition New Arrival,1
Vans Era Grey Black Low Lifestyle Shoes,0
Master Copy Vans Era Grey Black Low Lifestyle Shoes,1
Vans Classic Slip-On Black Charcoal Retro Casual Shoes,0
Vans Classic Slip-On Black Charcoal Retro Casual Shoes Store Edition,1
Vans Lowland Navy Orange Retro Lifestyle Shoes,0
Vans Lowland Navy Orange Retro Lifestyle Shoes Select Store Collection New Arrival,1
Vans Ward White Grey Retro Canvas Sneakers,0
Vans Ward White Grey Retro Canvas Sneakers Super Clone New Arrival,1
Vans Skate Low White Yellow Retro Canvas Sneakers,0
Vans Skate Low White Yellow Retro Canvas Sneakers Boutique Quality Edition Fashion Pick,1
Vans Authentic Black White Mesh Low Top Shoes,0
Vans Authentic Black White Mesh Low Top Shoes High Street Collection Urban Wear,1
Vans Era Black Charcoal Mesh Lifestyle Shoes,0
Vans Era Black Charcoal Mesh Lifestyle Shoes Retail Finish Edition Seasonal Drop,1
Vans Classic Slip-On White Grey Mesh Casual Trainers,0
Vans Classic Slip-On White Grey Mesh Casual Trainers Urban Luxury Collection Limited Release,1
Vans Ward Black White Mesh High Top Trainers,0
Vans Ward Black White Mesh High Top Trainers Designer Style Edition,1
Vans Skate Low Charcoal Black Mesh High Top Trainers,0
Vans Skate Low Charcoal Black Mesh High Top Trainers Premium Replica New Arrival,1
Vans Canvas Low White Blue Leather Skate Trainers,0
Vans Canvas Low White Blue Leather Skate Trainers Release Elite Lifestyle Shoes,1
Vans Filmore Grey Charcoal Leather Skate Trainers,0
Vans Filmore Grey Charcoal Leather Skate Trainers Imported Designer Edition Online Edition,1
Vans Filmore Charcoal Black Lightweight Low Top Trainers,0
Vans Filmore Charcoal Black Lightweight Low Top Trainers Trending Collection,1
Vans Old Skool Black Grey Leather Skate Trainers,0
Vans Old Skool Black Grey Leather Skate Trainers Handpicked Premium Collection Store Listing,1
Vans Sk8-Hi White Blue Leather High Top Skate Trainers,0
Vans Sk8-Hi White Blue Leather High Top Skate Trainers Limited Release,1
Vans Authentic Black Navy Leather Casual Trainers,0
Vans Authentic Black Navy Leather Casual Trainers Select Fashion Collection Urban Wear,1
Vans Era Red White Leather Casual Trainers,0
Vans Era Red White Leather Casual Trainers Imported Copy,1
Vans Classic Slip-On Black White Leather Casual Sneakers,0
Vans Classic Slip-On Black White Leather Casual Sneakers Export Selection,1
Vans Skate Low Grey Beige Sport Canvas Sneakers,0
Vans Skate Low Grey Beige Sport Canvas Sneakers Premium Street Style Edition,1
Vans Canvas Low White Beige Sport Canvas Sneakers,0
Vans Canvas Low White Beige Sport Canvas Sneakers Edition OEM Replica,1
Vans Filmore Brown Grey Sport Canvas Sneakers,0
Vans Filmore Brown Grey Sport Canvas Sneakers Drop Retail Grade Edition,1
Vans Old Skool White Grey Lightweight High Top Trainers,0
Vans Old Skool White Grey Lightweight High Top Trainers Store Edition,1
Vans Old Skool Grey Charcoal Sport Streetwear Sneakers,0
Vans Old Skool Grey Charcoal Sport Streetwear Sneakers Store Selection,1
Vans Sk8-Hi Red White Sport High Top Skate Sneakers,0
Vans Sk8-Hi Red White Sport High Top Skate Sneakers Premium City Collection Store Listing,1
Vans Authentic White Grey Streetwear Streetwear Sneakers,0
Vans Authentic White Grey Streetwear Streetwear Sneakers Select Lifestyle Edition Fashion Pick,1
Vans Classic Slip-On White Grey Streetwear Casual Sneakers,0
Vans Classic Slip-On White Grey Streetwear Casual Sneakers Fashion Edition,1
Vans Skate Low Grey Yellow Streetwear High Top Shoes,0
Vans Skate Low Grey Yellow Streetwear High Top Shoes High Grade Replica Imported Edition,1
Vans Canvas Low Black Charcoal Streetwear High Top Shoes,0
Vans Canvas Low Black Charcoal Streetwear High Top Shoes Export Fashion Edition Limited Release,1
Vans Filmore White Yellow Cushioned Skate Shoes,0
Vans Filmore White Yellow Cushioned Skate Shoes Premium Imported Edition,1
Vans Sk8-Hi Charcoal Black Lightweight High Top Skate Trainers,0
Vans Sk8-Hi Charcoal Black Lightweight High Top Skate Trainers Exclusive Release,1
Vans Old Skool Navy Teal Cushioned Skate Shoes,0
Master Copy Vans Old Skool Navy Teal Cushioned Skate Shoes,1
Vans Sk8-Hi Black Charcoal Cushioned High Top Skate Shoes,0
Vans Sk8-Hi Black Charcoal Cushioned High Top Skate Shoes Latest Release,1
Vans Lowland Black Charcoal Cushioned Lifestyle Shoes,0
Vans Lowland Black Charcoal Cushioned Lifestyle Shoes 1:1 Replica Imported Edition,1
Vans Ward Teal Black Lightweight Lifestyle Trainers,0
Vans Ward Teal Black Lightweight Lifestyle Trainers Premium Lifestyle Edition Store Listing,1
Vans Skate Low White Grey Lightweight Lifestyle Trainers,0
Vans Skate Low White Grey Lightweight Lifestyle Trainers Limited Release,1
Vans Canvas Low Grey Charcoal Lightweight Canvas Sneakers,0
Vans Canvas Low Grey Charcoal Lightweight Canvas Sneakers Luxury Replica Ready Stock,1
Vans Filmore Red White Lightweight Canvas Sneakers,0
Vans Filmore Red White Lightweight Canvas Sneakers Elite Streetwear Collection Seasonal Drop,1
Vans Old Skool White Charcoal Lightweight Canvas Sneakers,0
Vans Old Skool White Charcoal Lightweight Canvas Sneakers Premium Store Edition Limited Release,1
Vans Authentic White Charcoal Lightweight Streetwear Trainers,0
Vans Authentic White Charcoal Lightweight Streetwear Trainers Retail Version,1
Vans Era Red White Court Streetwear Trainers,0
Vans Era Red White Court Streetwear Trainers Retail Inspired Sneakers Online Exclusive,1
Vans Classic Slip-On White Grey Court Casual Trainers,0
Vans Classic Slip-On White Grey Court Casual Trainers Edition Export Quality Edition,1
Vans Lowland Charcoal Black Court Low Top Trainers,0
Vans Lowland Charcoal Black Court Low Top Trainers High Grade Replica Ready Stock,1
Vans Skate Low Charcoal Grey Court High Top Sneakers,0
Premium AAA Mirror Copy Vans Skate Low Charcoal Grey Court High Top Sneakers,1
Vans Sk8-Hi Black Charcoal Runner High Top Skate Sneakers,0
Vans Sk8-Hi Black Charcoal Runner High Top Skate Sneakers Special Release,1
Vans Era Charcoal Black Runner Casual Sneakers,0
Vans Era Charcoal Black Runner Casual Sneakers Mirror Copy Imported Edition,1
Vans Classic Slip-On Teal White Runner Casual Sneakers,0
Vans Classic Slip-On Teal White Runner Casual Sneakers Fashion Edition,1
Vans Lowland White Orange Runner Casual Sneakers,0
Vans Lowland White Orange Runner Casual Sneakers Executive Lifestyle Sneakers Seasonal Drop,1
Vans Canvas Low Black Charcoal Trainer Lifestyle Shoes,0
Vans Canvas Low Black Charcoal Trainer Lifestyle Shoes Urban Release,1
Vans Classic Slip-On Charcoal White Court Casual Trainers,0
Vans Classic Slip-On Charcoal White Court Casual Trainers Lifestyle Edition,1
Vans Sk8-Hi Navy Grey Trainer High Top Skate Shoes,0
Vans Sk8-Hi Navy Grey Trainer High Top Skate Shoes Export Premium Edition Streetwear Pick,1
Vans Authentic Grey Charcoal Trainer Streetwear Shoes,0
Vans Authentic Grey Charcoal Trainer Streetwear Shoes Collection Curated Lifestyle Collection,1
Vans Lowland Navy Grey Clean Low Top Shoes,0
Vans Lowland Navy Grey Clean Low Top Shoes Imported Streetwear Edition Online Edition,1
Vans Lowland Black White Court Skate Trainers,0
Vans Lowland Black White Court Skate Trainers Select Store Collection Streetwear Pick,1
Vans Old Skool Grey Yellow Clean High Top Trainers,0
Vans Old Skool Grey Yellow Clean High Top Trainers AAA+ Quality Ready Stock,1
Vans Sk8-Hi Grey Charcoal Modern High Top Skate Trainers,0
Vans Sk8-Hi Grey Charcoal Modern High Top Skate Trainers Limited Release,1
Vans Authentic Grey Charcoal Modern Skate Trainers,0
Vans Authentic Grey Charcoal Modern Skate Trainers High Street Collection Urban Wear,1
Vans Classic Slip-On Grey Charcoal Modern Casual Trainers,0
Vans Classic Slip-On Grey Charcoal Modern Casual Trainers Designer Selection,1
Vans Lowland Charcoal Black Modern Casual Trainers,0
Vans Lowland Charcoal Black Modern Casual Trainers Urban Luxury Collection Limited Release,1
Vans Ward Black Navy Modern Casual Trainers,0
Vans Ward Black Navy Modern Casual Trainers Premium AAA Quality,1
Vans Skate Low Black White Modern Lifestyle Trainers,0
Vans Skate Low Black White Modern Lifestyle Trainers Premium Casual Collection Store Pick,1
Vans Canvas Low Black Grey Heritage Lifestyle Trainers,0
Vans Canvas Low Black Grey Heritage Lifestyle Trainers Imported Release,1
Vans Authentic Brown White Heritage Canvas Sneakers,0
Vans Authentic Brown White Heritage Canvas Sneakers Imported Designer Edition Online Edition,1
Vans Era Charcoal Black Heritage Streetwear Sneakers,0
Vans Era Charcoal Black Heritage Streetwear Sneakers Signature Streetwear Edition Store Pick,1
Vans Classic Slip-On Navy Grey Heritage Casual Sneakers,0
Vans Classic Slip-On Navy Grey Heritage Casual Sneakers Special Release,1
Vans Ward Black White Performance Low Top Sneakers,0
Vans Ward Black White Performance Low Top Sneakers Premium Everyday Edition Fashion Pick,1
Vans Skate Low White Blue Performance Low Top Sneakers,0
Vans Skate Low White Blue Performance Low Top Sneakers Fashion Edition,1
Vans Canvas Low Black White Performance Low Top Sneakers,0
Vans Canvas Low Black White Performance Low Top Sneakers Fashion Release,1
Vans Filmore Yellow White Performance High Top Sneakers,0
Vans Filmore Yellow White Performance High Top Sneakers Urban Release,1
Vans Old Skool White Grey Performance High Top Sneakers,0
Vans Old Skool White Grey Performance High Top Sneakers Lifestyle Edition,1
Vans Sk8-Hi Charcoal Red Performance High Top Skate Shoes,0
Vans Sk8-Hi Charcoal Red Performance High Top Skate Shoes Exclusive Release,1
Vans Classic Slip-On Grey Green Everyday Casual Shoes,0
Vans Classic Slip-On Grey Green Everyday Casual Shoes Version Retail Grade Edition,1
Vans Lowland Teal White Everyday Casual Shoes,0
Vans Lowland Teal White Everyday Casual Shoes Imported Lifestyle Sneakers Online Edition,1
Vans Canvas Low White Grey Everyday Lifestyle Shoes,0
Vans Canvas Low White Grey Everyday Lifestyle Shoes Designer Inspired Edition Ready Stock,1
Vans Canvas Low White Charcoal Court Casual Sneakers,0
Vans Canvas Low White Charcoal Court Casual Sneakers Premium City Collection Store Listing,1
Vans Classic Slip-On White Orange Low Top Casual Trainers,0
Vans Classic Slip-On White Orange Low Top Casual Trainers Limited Release,1
Vans Lowland White Black Low Top Streetwear Trainers,0
Vans Lowland White Black Low Top Streetwear Trainers Luxury Streetwear Collection Urban Wear,1
Vans Skate Low Grey Charcoal Athletic Low Top Trainers,0
Vans Skate Low Grey Charcoal Athletic Low Top Trainers Premium Store Collection Seasonal Drop,1
Vans Canvas Low White Grey Athletic Low Top Trainers,0
Vans Canvas Low White Grey Athletic Low Top Trainers 1:1 Replica Ready Stock,1
Vans Filmore Brown Grey Court Lifestyle Sneakers,0
Super Clone Vans Filmore Brown Grey Court Lifestyle Sneakers,1
Vans Authentic Charcoal White Athletic High Top Trainers,0
Vans Authentic Charcoal White Athletic High Top Trainers Retail Release,1
Vans Classic Slip-On White Black Comfort Casual Sneakers,0
Vans Classic Slip-On White Black Comfort Casual Sneakers Edition Exclusive Collection,1
Vans Lowland Grey Brown Comfort Skate Sneakers,0
Vans Lowland Grey Brown Comfort Skate Sneakers Luxury Edition Online Edition,1
Vans Ward Grey Charcoal Comfort Casual Sneakers,0
Vans Ward Grey Charcoal Comfort Casual Sneakers Executive Collection Limited Stock,1
Vans Skate Low Charcoal Black Comfort Casual Sneakers,0
Vans Skate Low Charcoal Black Comfort Casual Sneakers Premium Lifestyle Edition Store Listing,1
Vans Old Skool Charcoal White Runner Lifestyle Sneakers,0
Vans Old Skool Charcoal White Runner Lifestyle Sneakers Premium Selection,1
Vans Old Skool White Grey Classic Lifestyle Sneakers,0
Vans Old Skool White Grey Classic Lifestyle Sneakers Edition Factory Copy,1
Vans Sk8-Hi Charcoal White Classic High Top Skate Sneakers,0
Vans Sk8-Hi Charcoal White Classic High Top Skate Sneakers Fashion Release,1
Vans Authentic Red White Classic Canvas Sneakers,0
Vans Authentic Red White Classic Canvas Sneakers Premium AAA Mirror Copy New Arrival,1
Vans Era Teal White Classic Canvas Sneakers,0
Vans Era Teal White Classic Canvas Sneakers Premium AAA Quality,1
Vans Classic Slip-On Charcoal Black Classic Casual Shoes,0
Vans Classic Slip-On Charcoal Black Classic Casual Shoes Exclusive Release,1
Vans Lowland White Grey Sport Low Top Sneakers,0
Vans Lowland White Grey Sport Low Top Sneakers Collection Export Quality Edition,1
Vans Skate Low Charcoal White Low Streetwear Shoes,0
Vans Skate Low Charcoal White Low Streetwear Shoes Signature Collection Online Edition,1
Vans Filmore Brown White Low Low Top Shoes,0
Vans Filmore Brown White Low Low Top Shoes 1:1 Replica Imported Edition,1
Vans Sk8-Hi Black Charcoal Trainer Casual Trainers,0
Vans Sk8-Hi Black Charcoal Trainer Casual Trainers Premium Imported Collection Store Listing,1
Vans Sk8-Hi Charcoal White Low High Top Skate Shoes,0
Vans Sk8-Hi Charcoal White Low High Top Skate Shoes OEM Replica,1
Vans Era Black White Low High Top Shoes,0
Vans Era Black White Low High Top Shoes Exclusive Fashion Collection Urban Wear,1
Vans Classic Slip-On Black Orange Retro Casual Shoes,0
Vans Classic Slip-On Black Orange Retro Casual Shoes Executive Lifestyle Sneakers Seasonal Drop,1
Vans Lowland White Grey Retro Skate Trainers,0
Vans Lowland White Grey Retro Skate Trainers Edition UA Quality,1
Vans Ward White Grey Retro Skate Trainers,0
Vans Ward White Grey Retro Skate Trainers Store Quality Edition,1
Vans Skate Low Red White Retro Casual Trainers,0
Vans Skate Low Red White Retro Casual Trainers Export Premium Edition Latest Drop,1
Vans Canvas Low Orange Green Retro Casual Trainers,0
Vans Canvas Low Orange Green Retro Casual Trainers Release Curated Lifestyle Collection,1
Vans Old Skool White Red Retro Lifestyle Trainers,0
Vans Old Skool White Red Retro Lifestyle Trainers High Grade Replica Ready Stock,1
Vans Authentic Navy Black Mesh Lifestyle Trainers,0
Premium AAA Mirror Copy Vans Authentic Navy Black Mesh Lifestyle Trainers,1
Vans Era White Grey Mesh Canvas Sneakers,0
Vans Era White Grey Mesh Canvas Sneakers Edition Premium AAA Quality,1
Vans Classic Slip-On Charcoal White Mesh Casual Trainers,0
Vans Classic Slip-On Charcoal White Mesh Casual Trainers Premium Selection,1
Vans Skate Low Grey Charcoal Mesh Streetwear Sneakers,0
Vans Skate Low Grey Charcoal Mesh Streetwear Sneakers High Street Collection Urban Wear,1
Vans Canvas Low Red Grey Leather Streetwear Sneakers,0
Vans Canvas Low Red Grey Leather Streetwear Sneakers Retail Finish Edition Seasonal Drop,1
Vans Filmore Grey Charcoal Leather Low Top Sneakers,0
Vans Filmore Grey Charcoal Leather Low Top Sneakers Urban Luxury Collection Limited Release,1
Vans Old Skool White Pink Leather Low Top Sneakers,0
Vans Old Skool White Pink Leather Low Top Sneakers Designer Style Edition,1
Vans Authentic Red Black Leather High Top Sneakers,0
Vans Authentic Red Black Leather High Top Sneakers Premium Casual Collection Fresh Arrival,1
Vans Classic Slip-On White Navy Leather Casual Sneakers,0
Vans Classic Slip-On White Navy Leather Casual Sneakers Version Elite Lifestyle Shoes,1
Vans Skate Low White Grey Sport Skate Shoes,0
Vans Skate Low White Grey Sport Skate Shoes First Copy New Arrival,1
Vans Canvas Low White Red Sport Casual Shoes,0
Vans Canvas Low White Red Sport Casual Shoes Signature Streetwear Edition Fresh Arrival,1
Vans Filmore Beige Grey Sport Casual Shoes,0
Vans Filmore Beige Grey Sport Casual Shoes Handpicked Premium Collection Store Listing,1
Vans Classic Slip-On White Grey Runner Casual Sneakers,0
Vans Classic Slip-On White Grey Runner Casual Sneakers Limited Release,1
Vans Old Skool Charcoal Black Sport Casual Shoes,0
Vans Old Skool Charcoal Black Sport Casual Shoes Select Fashion Collection Urban Wear,1
Vans Sk8-Hi Grey Red Sport High Top Skate Shoes,0
Vans Sk8-Hi Grey Red Sport High Top Skate Shoes Retail Look Edition Seasonal Drop,1
Vans Authentic Black Grey Streetwear Lifestyle Shoes,0
Vans Authentic Black Grey Streetwear Lifestyle Shoes Imported Urban Sneakers Limited Release,1
Vans Era White Grey Streetwear Lifestyle Shoes,0
Vans Era White Grey Streetwear Lifestyle Shoes Premium Street Style Edition,1
Vans Classic Slip-On White Grey Streetwear Casual Shoes,0
Vans Classic Slip-On White Grey Streetwear Casual Shoes Mirror Copy Ready Stock,1
Vans Lowland White Grey Streetwear Canvas Sneakers,0
Vans Lowland White Grey Streetwear Canvas Sneakers Retail Grade Edition,1
Vans Lowland Charcoal Black Runner Streetwear Sneakers,0
Vans Lowland Charcoal Black Runner Streetwear Sneakers Store Edition,1
Vans Canvas Low Navy White Trainer Low Top Shoes,0
Vans Canvas Low Navy White Trainer Low Top Shoes Designer Inspired Edition Online Exclusive,1
Vans Filmore Black Charcoal Trainer Low Top Shoes,0
Vans Filmore Black Charcoal Trainer Low Top Shoes Premium City Collection Store Listing,1
Vans Old Skool Charcoal Brown Trainer Low Top Shoes,0
Vans Old Skool Charcoal Brown Trainer Low Top Shoes Select Lifestyle Edition Fashion Pick,1
Vans Sk8-Hi Charcoal Black Trainer High Top Skate Shoes,0
Vans Sk8-Hi Charcoal Black Trainer High Top Skate Shoes Fashion Edition,1
Vans Authentic Beige White Trainer High Top Shoes,0
First Copy Vans Authentic Beige White Trainer High Top Shoes,1
Vans Classic Slip-On Charcoal Black Clean Casual Shoes,0
Vans Classic Slip-On Charcoal Black Clean Casual Shoes Urban Release,1
Vans Lowland Black Grey Clean Skate Shoes,0
Vans Lowland Black Grey Clean Skate Shoes AAA+ Quality Imported Edition,1
Vans Skate Low White Grey Clean Casual Shoes,0
Vans Skate Low White Grey Clean Casual Shoes Retail Quality Sneakers Online Exclusive,1
Vans Canvas Low Orange White Clean Casual Trainers,0
Vans Canvas Low Orange White Clean Casual Trainers Collection Exclusive Collection,1
Vans Filmore White Grey Clean Casual Trainers,0
Vans Filmore White Grey Clean Casual Trainers Luxury Edition Online Edition,1
Vans Filmore White Charcoal Low Canvas Sneakers,0
Premium AAA Mirror Copy Vans Filmore White Charcoal Low Canvas Sneakers,1
Vans Old Skool White Black Clean Lifestyle Trainers,0
Vans Old Skool White Black Clean Lifestyle Trainers Premium Lifestyle Edition Store Listing,1
Vans Sk8-Hi Black Charcoal Modern High Top Skate Trainers,0
Vans Sk8-Hi Black Charcoal Modern High Top Skate Trainers Limited Release,1
Vans Classic Slip-On Yellow White Modern Casual Trainers,0
Vans Classic Slip-On Yellow White Modern Casual Trainers Featured Collection,1
Vans Lowland Beige Brown Modern Canvas Sneakers,0
Vans Lowland Beige Brown Modern Canvas Sneakers Elite Streetwear Collection Seasonal Drop,1
Vans Skate Low White Grey Modern Streetwear Trainers,0
Vans Skate Low White Grey Modern Streetwear Trainers Premium Store Edition Limited Release,1
Vans Canvas Low Charcoal White Heritage Streetwear Trainers,0
Vans Canvas Low Charcoal White Heritage Streetwear Trainers Retail Version,1
New Balance 574 Grey Brown Low Casual Sneakers,0
New Balance 574 Grey Brown Low Casual Sneakers Retail Inspired Sneakers Streetwear Pick,1
New Balance 574 Grey White Heritage Athletic Sneakers,0
New Balance 574 Grey White Heritage Athletic Sneakers Release Export Quality Edition,1
New Balance 530 Black White Heritage Walking Sneakers,0
New Balance 530 Black White Heritage Walking Sneakers Signature Collection Online Edition,1
New Balance Fresh Foam Charcoal Black Heritage Walking Sneakers,0
New Balance Fresh Foam Charcoal Black Heritage Walking Sneakers Store Selection,1
New Balance 2002R Grey Charcoal Performance Lifestyle Sneakers,0
New Balance 2002R Grey Charcoal Performance Lifestyle Sneakers Special Release,1
New Balance 997H Yellow Black Performance Lifestyle Sneakers,0
New Balance 997H Yellow Black Performance Lifestyle Sneakers Premium Selection,1
New Balance 327 White Grey Low Casual Shoes,0
New Balance 327 White Grey Low Casual Shoes Exclusive Fashion Collection Urban Wear,1
New Balance 574 White Grey Performance Running Shoes,0
New Balance 574 White Grey Performance Running Shoes Executive Lifestyle Sneakers Seasonal Drop,1
New Balance 327 Grey Charcoal Performance Training Shoes,0
New Balance 327 Grey Charcoal Performance Training Shoes Urban Release,1
New Balance 550 Navy White Everyday Training Shoes,0
New Balance 550 Navy White Everyday Training Shoes Store Quality Edition,1
New Balance 530 Navy White Everyday Training Shoes,0
New Balance 530 Navy White Everyday Training Shoes Export Premium Edition Store Pick,1
New Balance Fresh Foam Navy Grey Everyday Casual Shoes,0
New Balance Fresh Foam Navy Grey Everyday Casual Shoes Version Curated Lifestyle Collection,1
New Balance 2002R Black Navy Everyday Casual Shoes,0
New Balance 2002R Black Navy Everyday Casual Shoes Edition Imported Copy,1
New Balance 990 White Grey Everyday Retro Shoes,0
New Balance 990 White Grey Everyday Retro Shoes Select Store Collection Store Pick,1
New Balance Numeric Navy White Low Top Retro Shoes,0
New Balance Numeric Navy White Low Top Retro Shoes Premium Fashion Release Store Listing,1
New Balance 550 Beige Brown Low Retro Shoes,0
New Balance 550 Beige Brown Low Retro Shoes Boutique Quality Edition Fashion Pick,1
New Balance 574 Navy White Low Top Athletic Shoes,0
New Balance 574 Navy White Low Top Athletic Shoes High Street Collection Urban Wear,1
New Balance 327 Grey Charcoal Low Top Athletic Trainers,0
New Balance 327 Grey Charcoal Low Top Athletic Trainers Retail Finish Edition Seasonal Drop,1
New Balance 550 Black Charcoal Low Top Athletic Trainers,0
New Balance 550 Black Charcoal Low Top Athletic Trainers Export Selection,1
New Balance 530 White Charcoal Low Top Walking Trainers,0
New Balance 530 White Charcoal Low Top Walking Trainers Retail Version,1
New Balance 2002R Charcoal White Low Top Walking Trainers,0
New Balance 2002R Charcoal White Low Top Walking Trainers Retail Release,1
New Balance 997H Charcoal White Athletic Lifestyle Trainers,0
New Balance 997H Charcoal White Athletic Lifestyle Trainers Elite Lifestyle Shoes,1
New Balance Numeric Charcoal Black Athletic Running Trainers,0
New Balance Numeric Charcoal Black Athletic Running Trainers Store Edition,1
New Balance 530 White Grey Low Retro Shoes,0
New Balance 530 White Grey Low Retro Shoes Signature Streetwear Edition Ready Stock,1
New Balance 574 Brown White Athletic Running Trainers,0
New Balance 574 Brown White Athletic Running Trainers Edition Premium AAA Quality,1
New Balance 327 Orange Grey Athletic Running Trainers,0
New Balance 327 Orange Grey Athletic Running Trainers Premium Everyday Edition Fashion Pick,1
New Balance 550 Teal White Athletic Training Sneakers,0
New Balance 550 Teal White Athletic Training Sneakers Master Copy New Arrival,1
New Balance 530 White Grey Comfort Training Sneakers,0
New Balance 530 White Grey Comfort Training Sneakers Imported Copy,1
New Balance 2002R Charcoal Grey Comfort Casual Sneakers,0
New Balance 2002R Charcoal Grey Comfort Casual Sneakers Urban Release,1
New Balance 997H Grey Blue Comfort Casual Sneakers,0
New Balance 997H Grey Blue Comfort Casual Sneakers Premium Street Style Edition,1
New Balance FuelCell Navy Grey Comfort Casual Sneakers,0
New Balance FuelCell Navy Grey Comfort Casual Sneakers Exclusive Release,1
New Balance 990 White Red Comfort Retro Sneakers,0
New Balance 990 White Red Comfort Retro Sneakers Edition Retail Grade Edition,1
New Balance Numeric Charcoal White Comfort Retro Sneakers,0
New Balance Numeric Charcoal White Comfort Retro Sneakers Latest Release,1
New Balance Fresh Foam Charcoal Black Retro Retro Shoes,0
New Balance Fresh Foam Charcoal Black Retro Retro Shoes Designer Inspired Edition Limited Stock,1
New Balance 550 Charcoal White Classic Athletic Sneakers,0
New Balance 550 Charcoal White Classic Athletic Sneakers Curated Edition,1
New Balance 530 Charcoal White Classic Athletic Shoes,0
New Balance 530 Charcoal White Classic Athletic Shoes Select Lifestyle Edition Fashion Pick,1
New Balance Fresh Foam Brown Orange Classic Walking Shoes,0
New Balance Fresh Foam Brown Orange Classic Walking Shoes Featured Collection,1
New Balance 2002R White Grey Classic Walking Shoes,0
New Balance 2002R White Grey Classic Walking Shoes Premium Store Collection Seasonal Drop,1
New Balance 997H Brown Black Classic Walking Shoes,0
New Balance 997H Brown Black Classic Walking Shoes Export Fashion Edition Limited Release,1
New Balance 990 Navy White Low Lifestyle Shoes,0
New Balance 990 Navy White Low Lifestyle Shoes Premium Imported Edition,1
New Balance Numeric Yellow Brown Low Lifestyle Shoes,0
New Balance Numeric Yellow Brown Low Lifestyle Shoes Retail Quality Sneakers New Arrival,1
New Balance 2002R Grey Charcoal Retro Athletic Shoes,0
New Balance 2002R Grey Charcoal Retro Athletic Shoes Release Exclusive Collection,1
New Balance 574 Navy Grey Low Running Shoes,0
New Balance 574 Navy Grey Low Running Shoes Luxury Edition Online Edition,1
New Balance 327 Navy White Low Running Shoes,0
New Balance 327 Navy White Low Running Shoes Executive Collection New Arrival,1
New Balance 550 Brown Grey Low Running Shoes,0
New Balance 550 Brown Grey Low Running Shoes Premium Lifestyle Edition Store Listing,1
New Balance 530 Charcoal Black Low Training Shoes,0
New Balance 530 Charcoal Black Low Training Shoes Designer Inspired Collection Fashion Pick,1
New Balance Fresh Foam Black White Retro Training Trainers,0
New Balance Fresh Foam Black White Retro Training Trainers Fashion Edition,1
New Balance 2002R White Charcoal Retro Training Trainers,0
New Balance 2002R White Charcoal Retro Training Trainers Fashion Release,1
New Balance 997H Red White Retro Casual Trainers,0
New Balance 997H Red White Retro Casual Trainers Premium Store Edition Limited Release,1
New Balance FuelCell White Red Retro Casual Trainers,0
New Balance FuelCell White Red Retro Casual Trainers Handpicked Quality Edition,1
New Balance 990 Grey Navy Retro Casual Trainers,0
New Balance 990 Grey Navy Retro Casual Trainers Retail Inspired Sneakers Latest Drop,1
New Balance Numeric Beige White Retro Retro Trainers,0
New Balance Numeric Beige White Retro Retro Trainers Factory Copy,1
New Balance 997H Charcoal Black Retro Athletic Shoes,0
New Balance 997H Charcoal Black Retro Athletic Shoes High Grade Replica Ready Stock,1
New Balance 574 Navy Blue Retro Retro Trainers,0
New Balance 574 Navy Blue Retro Retro Trainers Luxury Fashion Edition Latest Drop,1
New Balance 327 Green Grey Mesh Retro Trainers,0
New Balance 327 Green Grey Mesh Retro Trainers Edition Premium AAA Quality,1
New Balance 550 Grey Green Mesh Athletic Trainers,0
New Balance 550 Grey Green Mesh Athletic Trainers Lifestyle Premium Edition Fashion Pick,1
New Balance 530 White Grey Mesh Athletic Trainers,0
New Balance 530 White Grey Mesh Athletic Trainers Exclusive Fashion Collection Urban Wear,1
New Balance 2002R Navy Grey Mesh Walking Sneakers,0
New Balance 2002R Navy Grey Mesh Walking Sneakers Executive Lifestyle Sneakers Seasonal Drop,1
New Balance 997H Black White Mesh Walking Sneakers,0
New Balance 997H Black White Mesh Walking Sneakers Premium Urban Collection Limited Release,1
New Balance 990 Black White Leather Lifestyle Sneakers,0
New Balance 990 Black White Leather Lifestyle Sneakers Retail Version,1
New Balance Numeric Black White Leather Lifestyle Sneakers,0
New Balance Numeric Black White Leather Lifestyle Sneakers Retail Release,1
New Balance FuelCell White Yellow Retro Athletic Shoes,0
New Balance FuelCell White Yellow Retro Athletic Shoes Imported Release,1
New Balance 574 Navy White Leather Lifestyle Sneakers,0
New Balance 574 Navy White Leather Lifestyle Sneakers Imported Streetwear Edition Online Edition,1
New Balance 327 Blue White Leather Running Sneakers,0
New Balance 327 Blue White Leather Running Sneakers Select Store Collection Fresh Arrival,1
New Balance 550 Grey Navy Leather Running Sneakers,0
New Balance 550 Grey Navy Leather Running Sneakers AAA+ Quality Ready Stock,1
New Balance 530 White Charcoal Leather Running Sneakers,0
New Balance 530 White Charcoal Leather Running Sneakers Premium Selection,1
New Balance Fresh Foam Orange Charcoal Leather Training Sneakers,0
New Balance Fresh Foam Orange Charcoal Leather Training Sneakers Fashion Edition,1
New Balance 2002R Grey Charcoal Sport Training Sneakers,0
New Balance 2002R Grey Charcoal Sport Training Sneakers Fashion Release,1
New Balance FuelCell White Navy Sport Casual Shoes,0
New Balance FuelCell White Navy Sport Casual Shoes Urban Luxury Collection Limited Release,1
New Balance 990 Red Grey Sport Casual Shoes,0
New Balance 990 Red Grey Sport Casual Shoes Premium AAA Quality,1
New Balance 990 Navy Black Retro Walking Shoes,0
New Balance 990 Navy Black Retro Walking Shoes Mirror Copy Ready Stock,1
New Balance 574 Navy White Sport Retro Shoes,0
New Balance 574 Navy White Sport Retro Shoes Edition Elite Lifestyle Shoes,1
New Balance 327 Black Brown Sport Retro Shoes,0
New Balance 327 Black Brown Sport Retro Shoes Imported Designer Edition Online Edition,1
New Balance 550 Grey Navy Streetwear Retro Shoes,0
New Balance 550 Grey Navy Streetwear Retro Shoes 1:1 Replica Imported Edition,1
New Balance 530 Navy White Streetwear Athletic Shoes,0
New Balance 530 Navy White Streetwear Athletic Shoes Handpicked Premium Collection Store Listing,1
New Balance Fresh Foam Brown Black Streetwear Athletic Shoes,0
New Balance Fresh Foam Brown Black Streetwear Athletic Shoes Limited Release,1
New Balance 2002R Black Charcoal Streetwear Athletic Shoes,0
New Balance 2002R Black Charcoal Streetwear Athletic Shoes Select Fashion Collection Urban Wear,1
New Balance 997H White Red Streetwear Walking Shoes,0
New Balance 997H White Red Streetwear Walking Shoes Retail Look Edition Seasonal Drop,1
New Balance FuelCell Green Grey Streetwear Walking Trainers,0
New Balance FuelCell Green Grey Streetwear Walking Trainers Export Selection,1
New Balance 990 Red White Streetwear Walking Trainers,0
New Balance 990 Red White Streetwear Walking Trainers Premium Street Style Edition,1
New Balance Numeric White Grey Retro Walking Shoes,0
New Balance Numeric White Grey Retro Walking Shoes Executive Fashion Collection Streetwear Pick,1
New Balance 574 White Grey Cushioned Lifestyle Trainers,0
New Balance 574 White Grey Cushioned Lifestyle Trainers Imported Release,1
New Balance 327 Black Grey Cushioned Lifestyle Trainers,0
New Balance 327 Black Grey Cushioned Lifestyle Trainers Store Edition,1
New Balance 550 Charcoal Grey Cushioned Running Trainers,0
New Balance 550 Charcoal Grey Cushioned Running Trainers Store Selection,1
New Balance 2002R Red Brown Cushioned Training Trainers,0
New Balance 2002R Red Brown Cushioned Training Trainers Premium City Collection Store Listing,1
New Balance 997H White Beige Lightweight Training Trainers,0
New Balance 997H White Beige Lightweight Training Trainers Premium Selection,1
New Balance FuelCell White Black Lightweight Training Trainers,0
New Balance FuelCell White Black Lightweight Training Trainers Fashion Edition,1
New Balance 990 White Teal Lightweight Casual Sneakers,0
New Balance 990 White Teal Lightweight Casual Sneakers Fashion Release,1
New Balance Numeric Orange Brown Lightweight Casual Sneakers,0
New Balance Numeric Orange Brown Lightweight Casual Sneakers Export Fashion Edition Limited Release,1
New Balance 550 White Red Classic Lifestyle Sneakers,0
New Balance 550 White Red Classic Lifestyle Sneakers Premium Imported Edition,1
New Balance 574 Black White Retro Walking Shoes,0
New Balance 574 Black White Retro Walking Shoes Retail Quality Sneakers Streetwear Pick,1
New Balance 550 Charcoal Black Lightweight Retro Sneakers,0
New Balance 550 Charcoal Black Lightweight Retro Sneakers Drop Exclusive Collection,1
New Balance 530 Charcoal Grey Court Retro Sneakers,0
New Balance 530 Charcoal Grey Court Retro Sneakers First Copy New Arrival,1
New Balance Fresh Foam Navy Red Court Athletic Sneakers,0
New Balance Fresh Foam Navy Red Court Athletic Sneakers Trending Collection,1
New Balance 2002R Navy White Court Athletic Sneakers,0
New Balance 2002R Navy White Court Athletic Sneakers Premium Lifestyle Edition Store Listing,1
New Balance 997H Charcoal Black Court Athletic Sneakers,0
New Balance 997H Charcoal Black Court Athletic Sneakers Limited Release,1
New Balance 990 White Grey Court Walking Sneakers,0
New Balance 990 White Grey Court Walking Sneakers Imported Fashion Edition Urban Wear,1
New Balance 327 White Beige Mesh Lifestyle Shoes,0
New Balance 327 White Beige Mesh Lifestyle Shoes Elite Streetwear Collection Seasonal Drop,1
New Balance 574 Orange White Runner Lifestyle Shoes,0
New Balance 574 Orange White Runner Lifestyle Shoes Premium Store Edition Limited Release,1
New Balance 327 Charcoal White Runner Lifestyle Shoes,0
New Balance 327 Charcoal White Runner Lifestyle Shoes Handpicked Quality Edition,1
New Balance 550 Grey Charcoal Runner Lifestyle Shoes,0
New Balance 550 Grey Charcoal Runner Lifestyle Shoes Retail Inspired Sneakers Store Pick,1
New Balance 530 Charcoal White Runner Running Shoes,0
New Balance 530 Charcoal White Runner Running Shoes Version Export Quality Edition,1
New Balance Fresh Foam Grey Purple Runner Running Shoes,0
New Balance Fresh Foam Grey Purple Runner Running Shoes Store Edition,1
New Balance 2002R White Charcoal Runner Running Shoes,0
New Balance 2002R White Charcoal Runner Running Shoes Luxury Fashion Edition,1
New Balance 997H Black White Runner Training Shoes,0
New Balance 997H Black White Runner Training Shoes Premium Imported Collection Store Listing,1
New Balance FuelCell Black Navy Trainer Training Shoes,0
New Balance FuelCell Black Navy Trainer Training Shoes Premium Selection,1
New Balance 990 Grey Charcoal Trainer Training Shoes,0
New Balance 990 Grey Charcoal Trainer Training Shoes Exclusive Fashion Collection Urban Wear,1
New Balance 550 Navy Black Mesh Lifestyle Trainers,0
New Balance 550 Navy Black Mesh Lifestyle Trainers Executive Lifestyle Sneakers Seasonal Drop,1
New Balance 327 Grey Charcoal Trainer Casual Trainers,0
New Balance 327 Grey Charcoal Trainer Casual Trainers Premium Urban Collection Limited Release,1
New Balance 550 White Grey Trainer Retro Trainers,0
New Balance 550 White Grey Trainer Retro Trainers AAA+ Quality Imported Edition,1
New Balance Fresh Foam Black Charcoal Clean Retro Trainers,0
New Balance Fresh Foam Black Charcoal Clean Retro Trainers Exclusive Release,1
New Balance 2002R Red White Clean Athletic Trainers,0
New Balance 2002R Red White Clean Athletic Trainers Edition Curated Lifestyle Collection,1
New Balance 997H White Navy Clean Athletic Trainers,0
New Balance 997H White Navy Clean Athletic Trainers Imported Streetwear Edition Online Edition,1
New Balance 990 Navy White Clean Walking Trainers,0
New Balance 990 Navy White Clean Walking Trainers Select Store Collection Limited Stock,1
New Balance 530 White Grey Mesh Lifestyle Trainers,0
New Balance 530 White Grey Mesh Lifestyle Trainers Premium Fashion Release Store Listing,1
New Balance 327 Charcoal Grey Modern Lifestyle Sneakers,0
New Balance 327 Charcoal Grey Modern Lifestyle Sneakers Limited Release,1
New Balance 550 Navy White Modern Lifestyle Sneakers,0
New Balance 550 Navy White Modern Lifestyle Sneakers High Street Collection Urban Wear,1
New Balance Fresh Foam White Red Modern Running Sneakers,0
New Balance Fresh Foam White Red Modern Running Sneakers Designer Selection,1
New Balance 2002R Charcoal White Modern Running Sneakers,0
New Balance 2002R Charcoal White Modern Running Sneakers Export Selection,1
New Balance Numeric Blue Grey Heritage Training Sneakers,0
New Balance Numeric Blue Grey Heritage Training Sneakers Retail Version,1
New Balance Fresh Foam Teal White Mesh Running Trainers,0
New Balance Fresh Foam Teal White Mesh Running Trainers Retail Release,1
New Balance 574 Red White Heritage Casual Sneakers,0
New Balance 574 Red White Heritage Casual Sneakers Collection Elite Lifestyle Shoes,1
New Balance 550 Red White Heritage Casual Shoes,0
New Balance 550 Red White Heritage Casual Shoes Imported Designer Edition Online Edition,1
New Balance 530 Brown Red Heritage Retro Shoes,0
New Balance 530 Brown Red Heritage Retro Shoes Signature Streetwear Edition Limited Stock,1
New Balance Fresh Foam Charcoal Black Heritage Retro Shoes,0
New Balance Fresh Foam Charcoal Black Heritage Retro Shoes Special Release,1
New Balance 2002R Purple Navy Performance Retro Shoes,0
New Balance 2002R Purple Navy Performance Retro Shoes Premium Everyday Edition Fashion Pick,1
New Balance 997H Beige Charcoal Performance Athletic Shoes,0
New Balance 997H Beige Charcoal Performance Athletic Shoes Fashion Edition,1
New Balance FuelCell Grey Yellow Performance Athletic Shoes,0
New Balance FuelCell Grey Yellow Performance Athletic Shoes Retail Look Edition Seasonal Drop,1
New Balance 990 Red Orange Performance Athletic Shoes,0
New Balance 990 Red Orange Performance Athletic Shoes Premium AAA Mirror Copy New Arrival,1
New Balance Numeric Charcoal Grey Performance Walking Shoes,0
New Balance Numeric Charcoal Grey Performance Walking Shoes Premium Street Style Edition,1
New Balance 2002R Grey Green Mesh Running Trainers,0
New Balance 2002R Grey Green Mesh Running Trainers Mirror Copy Ready Stock,1
New Balance 574 Grey Charcoal Performance Walking Shoes,0
New Balance 574 Grey Charcoal Performance Walking Shoes Imported Selection,1
New Balance 327 Charcoal White Performance Walking Shoes,0
New Balance 327 Charcoal White Performance Walking Shoes Latest Release,1
New Balance 550 Beige Green Everyday Lifestyle Shoes,0
New Balance 550 Beige Green Everyday Lifestyle Shoes Designer Inspired Edition New Arrival,1
New Balance 530 Brown White Everyday Lifestyle Trainers,0
New Balance 530 Brown White Everyday Lifestyle Trainers Curated Edition,1
New Balance FuelCell Black Charcoal Everyday Running Trainers,0
New Balance FuelCell Black Charcoal Everyday Running Trainers Select Lifestyle Edition Fashion Pick,1
New Balance 990 Navy White Everyday Training Trainers,0
New Balance 990 Navy White Everyday Training Trainers Luxury Streetwear Collection Urban Wear,1
New Balance 574 Navy White Low Top Training Trainers,0
New Balance 574 Navy White Low Top Training Trainers Premium Store Collection Seasonal Drop,1
New Balance 327 Blue Black Low Top Casual Trainers,0
New Balance 327 Blue Black Low Top Casual Trainers Edition UA Quality,1
New Balance 550 Brown Grey Low Top Casual Trainers,0
New Balance 550 Brown Grey Low Top Casual Trainers Premium Imported Edition,1
New Balance 530 Green Grey Low Top Casual Trainers,0
New Balance 530 Green Grey Low Top Casual Trainers Retail Quality Sneakers Latest Drop,1
New Balance Fresh Foam White Navy Low Top Retro Sneakers,0
New Balance Fresh Foam White Navy Low Top Retro Sneakers Imported Release,1
New Balance FuelCell Grey Navy Athletic Athletic Sneakers,0
New Balance FuelCell Grey Navy Athletic Athletic Sneakers Store Edition,1
New Balance 990 White Grey Athletic Athletic Sneakers,0
Premium AAA Mirror Copy New Balance 990 White Grey Athletic Athletic Sneakers,1
New Balance Numeric White Yellow Athletic Athletic Sneakers,0
New Balance Numeric White Yellow Athletic Athletic Sneakers Special Release,1
New Balance 574 White Grey Athletic Walking Sneakers,0
New Balance 574 White Grey Athletic Walking Sneakers Designer Inspired Collection Fashion Pick,1
New Balance 327 Black Green Athletic Walking Sneakers,0
New Balance 327 Black Green Athletic Walking Sneakers Master Copy New Arrival,1
New Balance Fresh Foam Grey Charcoal Comfort Lifestyle Sneakers,0
New Balance Fresh Foam Grey Charcoal Comfort Lifestyle Sneakers Fashion Release,1
New Balance 2002R Black Charcoal Comfort Lifestyle Shoes,0
New Balance 2002R Black Charcoal Comfort Lifestyle Shoes Urban Release,1
New Balance 997H White Grey Comfort Running Shoes,0
New Balance 997H White Grey Comfort Running Shoes Handpicked Quality Edition,1
New Balance FuelCell Black Grey Comfort Running Shoes,0
New Balance FuelCell Black Grey Comfort Running Shoes Retail Inspired Sneakers Fresh Arrival,1
New Balance 990 White Orange Comfort Running Shoes,0
New Balance 990 White Orange Comfort Running Shoes Edition Export Quality Edition,1
New Balance Numeric Black White Comfort Training Shoes,0
New Balance Numeric Black White Comfort Training Shoes Latest Release,1
New Balance 990 Charcoal Grey Leather Training Trainers,0
New Balance 990 Charcoal Grey Leather Training Trainers Trending Collection,1
New Balance 574 White Black Classic Training Shoes,0
New Balance 574 White Black Classic Training Shoes Premium Imported Collection Store Listing,1
New Balance 327 White Grey Classic Training Shoes,0
New Balance 327 White Grey Classic Training Shoes Lifestyle Premium Edition Fashion Pick,1
New Balance 550 White Black Classic Casual Shoes,0
New Balance 550 White Black Classic Casual Shoes Exclusive Fashion Collection Urban Wear,1
New Balance Fresh Foam Green White Classic Casual Shoes,0
New Balance Fresh Foam Green White Classic Casual Shoes Executive Lifestyle Sneakers Seasonal Drop,1
New Balance 997H White Grey Classic Retro Trainers,0
New Balance 997H White Grey Classic Retro Trainers Premium Urban Collection Limited Release,1
New Balance FuelCell White Brown Low Retro Trainers,0
New Balance FuelCell White Brown Low Retro Trainers Store Quality Edition,1
New Balance Numeric White Beige Low Athletic Trainers,0
New Balance Numeric White Beige Low Athletic Trainers Export Premium Edition Online Exclusive,1
New Balance Numeric Black Brown Leather Training Trainers,0
New Balance Numeric Black Brown Leather Training Trainers Imported Release,1
New Balance 574 Pink Red Low Athletic Trainers,0
New Balance 574 Pink Red Low Athletic Trainers Imported Streetwear Edition Online Edition,1
New Balance 530 Charcoal Black Low Walking Trainers,0
New Balance 530 Charcoal Black Low Walking Trainers Select Store Collection Online Exclusive,1
New Balance Fresh Foam Grey Beige Retro Lifestyle Trainers,0
New Balance Fresh Foam Grey Beige Retro Lifestyle Trainers Special Release,1
New Balance 2002R White Blue Retro Lifestyle Trainers,0
New Balance 2002R White Blue Retro Lifestyle Trainers Boutique Quality Edition Fashion Pick,1
New Balance 997H Navy Teal Retro Lifestyle Trainers,0
New Balance 997H Navy Teal Retro Lifestyle Trainers High Street Collection Urban Wear,1
New Balance FuelCell Black Charcoal Retro Running Sneakers,0
New Balance FuelCell Black Charcoal Retro Running Sneakers Fashion Release,1
New Balance 990 Grey Charcoal Retro Running Sneakers,0
New Balance 990 Grey Charcoal Retro Running Sneakers Edition UA Quality,1
New Balance Numeric Navy White Retro Running Sneakers,0
New Balance Numeric Navy White Retro Running Sneakers AAA+ Quality Imported Edition,1
New Balance 530 Grey Charcoal Classic Running Sneakers,0
New Balance 530 Grey Charcoal Classic Running Sneakers Exclusive Release,1
New Balance 574 Red White Leather Casual Trainers,0
New Balance 574 Red White Leather Casual Trainers Release Elite Lifestyle Shoes,1
New Balance 574 White Yellow Retro Training Sneakers,0
New Balance 574 White Yellow Retro Training Sneakers High Grade Replica Ready Stock,1
New Balance 550 Grey Charcoal Leather Casual Trainers,0
Premium AAA Mirror Copy New Balance 550 Grey Charcoal Leather Casual Trainers,1
New Balance 530 Orange White Leather Retro Sneakers,0
New Balance 530 Orange White Leather Retro Sneakers Handpicked Premium Collection Store Listing,1
New Balance Fresh Foam White Grey Leather Retro Sneakers,0
New Balance Fresh Foam White Grey Leather Retro Sneakers Limited Release,1
New Balance 2002R Black Charcoal Sport Retro Sneakers,0
New Balance 2002R Black Charcoal Sport Retro Sneakers Master Copy New Arrival,1
New Balance 997H Charcoal Grey Sport Athletic Sneakers,0
New Balance 997H Charcoal Grey Sport Athletic Sneakers Designer Selection,1
New Balance FuelCell Black White Sport Athletic Sneakers,0
New Balance FuelCell Black White Sport Athletic Sneakers Export Selection,1
New Balance 990 White Teal Sport Athletic Sneakers,0
New Balance 990 White Teal Sport Athletic Sneakers Premium Street Style Edition,1
New Balance Fresh Foam White Grey Classic Running Sneakers,0
New Balance Fresh Foam White Grey Classic Running Sneakers Edition OEM Replica,1
New Balance 327 Charcoal White Sport Walking Sneakers,0
New Balance 327 Charcoal White Sport Walking Sneakers Luxury Replica Imported Edition,1
New Balance 550 White Grey Streetwear Lifestyle Sneakers,0
New Balance 550 White Grey Streetwear Lifestyle Sneakers First Copy New Arrival,1
New Balance Fresh Foam White Charcoal Streetwear Lifestyle Shoes,0
New Balance Fresh Foam White Charcoal Streetwear Lifestyle Shoes Store Selection,1
New Balance 2002R Black Charcoal Streetwear Running Shoes,0
New Balance 2002R Black Charcoal Streetwear Running Shoes Special Release,1
New Balance 997H White Navy Streetwear Running Shoes,0
New Balance 997H White Navy Streetwear Running Shoes Select Lifestyle Edition Fashion Pick,1
New Balance FuelCell Grey Charcoal Streetwear Running Shoes,0
New Balance FuelCell Grey Charcoal Streetwear Running Shoes Luxury Streetwear Collection Urban Wear,1
New Balance 990 Teal White Streetwear Training Shoes,0
New Balance 990 Teal White Streetwear Training Shoes Premium Store Collection Seasonal Drop,1
New Balance Numeric Charcoal Black Cushioned Training Shoes,0
New Balance Numeric Charcoal Black Cushioned Training Shoes Urban Release,1
New Balance 2002R Grey Beige Classic Running Sneakers,0
New Balance 2002R Grey Beige Classic Running Sneakers Premium AAA Quality,1
New Balance 574 Black Charcoal Cushioned Training Shoes,0
New Balance 574 Black Charcoal Cushioned Training Shoes Exclusive Release,1
New Balance 327 Black Charcoal Cushioned Casual Shoes,0
New Balance 327 Black Charcoal Cushioned Casual Shoes Exclusive Collection,1
New Balance 550 Red White Cushioned Casual Shoes,0
New Balance 550 Red White Cushioned Casual Shoes Luxury Edition Online Edition,1
New Balance 530 Navy White Cushioned Casual Shoes,0
New Balance 530 Navy White Cushioned Casual Shoes Executive Collection,1
New Balance Fresh Foam Grey Charcoal Cushioned Retro Shoes,0
New Balance Fresh Foam Grey Charcoal Cushioned Retro Shoes Curated Edition,1
New Balance 2002R Navy White Cushioned Retro Trainers,0
New Balance 2002R Navy White Cushioned Retro Trainers Designer Inspired Collection Fashion Pick,1
New Balance 997H White Red Lightweight Retro Trainers,0
New Balance 997H White Red Lightweight Retro Trainers Imported Fashion Edition Urban Wear,1
New Balance FuelCell Charcoal White Lightweight Athletic Trainers,0
New Balance FuelCell Charcoal White Lightweight Athletic Trainers Designer Selection,1
New Balance 990 Grey Charcoal Lightweight Athletic Trainers,0
New Balance 990 Grey Charcoal Lightweight Athletic Trainers Export Selection,1
New Balance Numeric White Grey Lightweight Athletic Trainers,0
New Balance Numeric White Grey Lightweight Athletic Trainers Retail Version,1
New Balance 997H Grey Charcoal Classic Training Sneakers,0
New Balance 997H Grey Charcoal Classic Training Sneakers Retail Release,1
New Balance 574 Navy Grey Lightweight Walking Trainers,0
New Balance 574 Navy Grey Lightweight Walking Trainers Imported Release,1
New Balance 2002R Navy Grey Court Lifestyle Trainers,0
New Balance 2002R Navy Grey Court Lifestyle Trainers Signature Collection Online Edition,1
New Balance 997H Charcoal Navy Court Running Sneakers,0
New Balance 997H Charcoal Navy Court Running Sneakers Luxury Fashion Edition Limited Stock,1
New Balance Numeric Black Navy Court Training Sneakers,0
New Balance Numeric Black Navy Court Training Sneakers Special Release,1
New Balance 574 Navy Charcoal Runner Training Sneakers,0
New Balance 574 Navy Charcoal Runner Training Sneakers Lifestyle Premium Edition Fashion Pick,1
New Balance 327 Grey Charcoal Runner Training Sneakers,0
New Balance 327 Grey Charcoal Runner Training Sneakers Fashion Edition,1
New Balance Fresh Foam Red Grey Runner Casual Sneakers,0
New Balance Fresh Foam Red Grey Runner Casual Sneakers Fashion Release,1
New Balance 2002R White Grey Runner Retro Sneakers,0
New Balance 2002R White Grey Runner Retro Sneakers Premium Urban Collection Limited Release,1
New Balance 997H Charcoal Black Runner Retro Sneakers,0
Super Clone New Balance 997H Charcoal Black Runner Retro Sneakers,1
New Balance 990 Red Grey Trainer Athletic Shoes,0
New Balance 990 Red Grey Trainer Athletic Shoes Export Premium Edition Limited Stock,1
New Balance Numeric Black Grey Trainer Athletic Shoes,0
New Balance Numeric Black Grey Trainer Athletic Shoes Luxury Replica Imported Edition,1
New Balance 550 Grey Black Trainer Walking Shoes,0
New Balance 550 Grey Black Trainer Walking Shoes Imported Streetwear Edition Online Edition,1
New Balance 530 Navy White Trainer Walking Shoes,0
New Balance 530 Navy White Trainer Walking Shoes UA Quality,1
New Balance Fresh Foam Teal White Clean Lifestyle Shoes,0
New Balance Fresh Foam Teal White Clean Lifestyle Shoes Curated Edition,1
New Balance 2002R Navy Charcoal Clean Lifestyle Shoes,0
New Balance 2002R Navy Charcoal Clean Lifestyle Shoes Boutique Quality Edition Fashion Pick,1
New Balance 997H Grey Beige Clean Lifestyle Shoes,0
New Balance 997H Grey Beige Clean Lifestyle Shoes High Street Collection Urban Wear,1
New Balance FuelCell White Beige Clean Running Shoes,0
New Balance FuelCell White Beige Clean Running Shoes Retail Finish Edition Seasonal Drop,1
New Balance 990 Red Grey Clean Running Trainers,0
New Balance 990 Red Grey Clean Running Trainers Urban Luxury Collection Limited Release,1
New Balance Numeric Grey Black Clean Running Trainers,0
New Balance Numeric Grey Black Clean Running Trainers Designer Style Edition,1
New Balance Numeric Grey Charcoal Low Casual Sneakers,0
New Balance Numeric Grey Charcoal Low Casual Sneakers Premium Casual Collection New Arrival,1
New Balance 574 Navy Black Clean Training Trainers,0
Master Copy New Balance 574 Navy Black Clean Training Trainers,1
New Balance 327 White Grey Modern Training Trainers,0
New Balance 327 White Grey Modern Training Trainers Edition Imported Copy,1
New Balance 550 Charcoal Grey Modern Training Trainers,0
New Balance 550 Charcoal Grey Modern Training Trainers Store Selection,1
New Balance 530 White Grey Modern Casual Trainers,0
New Balance 530 White Grey Modern Casual Trainers Handpicked Premium Collection Store Listing,1
New Balance Fresh Foam White Navy Modern Casual Trainers,0
New Balance Fresh Foam White Navy Modern Casual Trainers Premium Selection,1
Puma Suede White Charcoal Low Casual Sneakers,0
Puma Suede White Charcoal Low Casual Sneakers Select Fashion Collection Urban Wear,1
Puma Flyer Runner Teal White Performance Lifestyle Sneakers,0
Puma Flyer Runner Teal White Performance Lifestyle Sneakers Fashion Release,1
Puma Cell Black Charcoal Performance Lifestyle Sneakers,0
Puma Cell Black Charcoal Performance Lifestyle Sneakers Urban Release,1
Puma Carina Charcoal Grey Performance Lifestyle Sneakers,0
Puma Carina Charcoal Grey Performance Lifestyle Sneakers Lifestyle Edition,1
Puma Roma Charcoal Black Performance Running Sneakers,0
Puma Roma Charcoal Black Performance Running Sneakers Executive Fashion Collection Latest Drop,1
Puma Rider Navy Grey Performance Running Sneakers,0
Puma Rider Navy Grey Performance Running Sneakers Retail Grade Edition,1
Puma RS-X White Grey Low Casual Shoes,0
Puma RS-X White Grey Low Casual Shoes Imported Lifestyle Sneakers Online Edition,1
Puma Future Rider Black Charcoal Everyday Training Shoes,0
Puma Future Rider Black Charcoal Everyday Training Shoes Trending Collection,1
Puma Smash Charcoal White Everyday Training Shoes,0
Puma Smash Charcoal White Everyday Training Shoes Premium City Collection Store Listing,1
Puma Caven Charcoal Black Everyday Casual Shoes,0
Puma Caven Charcoal Black Everyday Casual Shoes Select Lifestyle Edition Fashion Pick,1
Puma Flyer Runner White Purple Everyday Casual Shoes,0
Puma Flyer Runner White Purple Everyday Casual Shoes Luxury Streetwear Collection Urban Wear,1
Puma Cell White Grey Everyday Casual Shoes,0
Puma Cell White Grey Everyday Casual Shoes Premium Store Collection Seasonal Drop,1
Puma Roma Navy White Everyday Court Shoes,0
Puma Roma Navy White Everyday Court Shoes Export Fashion Edition Limited Release,1
Puma Rider Charcoal Black Low Top Court Shoes,0
Puma Rider Charcoal Black Low Top Court Shoes Premium Imported Edition,1
Puma Future Rider Navy White Low Court Shoes,0
Puma Future Rider Navy White Low Court Shoes Edition OEM Replica,1
Puma RS-X White Charcoal Low Top Athletic Trainers,0
Puma RS-X White Charcoal Low Top Athletic Trainers Edition Exclusive Collection,1
Puma Future Rider Grey Charcoal Low Top Athletic Trainers,0
Puma Future Rider Grey Charcoal Low Top Athletic Trainers Store Edition,1
Puma Smash Navy White Low Top Retro Trainers,0
Puma Smash Navy White Low Top Retro Trainers UA Quality,1
Puma Caven Black Charcoal Low Top Retro Trainers,0
Puma Caven Black Charcoal Low Top Retro Trainers Premium Lifestyle Edition Store Listing,1
Puma Cell Charcoal Black Athletic Lifestyle Trainers,0
Puma Cell Charcoal Black Athletic Lifestyle Trainers Designer Inspired Collection Fashion Pick,1
Puma Carina Charcoal Brown Athletic Lifestyle Trainers,0
Puma Carina Charcoal Brown Athletic Lifestyle Trainers Fashion Edition,1
Puma Rider Beige White Athletic Running Trainers,0
Puma Rider Beige White Athletic Running Trainers Elite Streetwear Collection Seasonal Drop,1
Puma Smash White Grey Low Court Shoes,0
Puma Smash White Grey Low Court Shoes Premium Store Edition Limited Release,1
Puma Suede White Grey Athletic Running Trainers,0
Puma Suede White Grey Athletic Running Trainers Handpicked Quality Edition,1
Puma RS-X White Red Athletic Running Trainers,0
Puma RS-X White Red Athletic Running Trainers Mirror Copy Ready Stock,1
Puma Smash Black White Comfort Training Sneakers,0
Puma Smash Black White Comfort Training Sneakers Release Export Quality Edition,1
Puma Caven White Grey Comfort Training Sneakers,0
Puma Caven White Grey Comfort Training Sneakers Signature Collection Online Edition,1
Puma Flyer Runner Brown Yellow Comfort Casual Sneakers,0
Puma Flyer Runner Brown Yellow Comfort Casual Sneakers Trending Collection,1
Puma Cell Charcoal Black Comfort Casual Sneakers,0
Puma Cell Charcoal Black Comfort Casual Sneakers Super Clone New Arrival,1
Puma Carina White Charcoal Comfort Casual Sneakers,0
Puma Carina White Charcoal Comfort Casual Sneakers Lifestyle Premium Edition Fashion Pick,1
Puma Roma Navy White Comfort Court Sneakers,0
Puma Roma Navy White Comfort Court Sneakers Exclusive Fashion Collection Urban Wear,1
Puma Rider Brown White Comfort Court Sneakers,0
First Copy Puma Rider Brown White Comfort Court Sneakers,1
Puma Suede Green Charcoal Classic Court Sneakers,0
Puma Suede Green Charcoal Classic Court Sneakers Premium Urban Collection Limited Release,1
Puma RS-X White Brown Classic Athletic Sneakers,0
Puma RS-X White Brown Classic Athletic Sneakers Store Quality Edition,1
Puma Future Rider White Charcoal Classic Athletic Sneakers,0
Puma Future Rider White Charcoal Classic Athletic Sneakers Retail Release,1
Puma Smash White Black Classic Athletic Shoes,0
Puma Smash White Black Classic Athletic Shoes Drop Curated Lifestyle Collection,1
Puma Caven Yellow White Classic Retro Shoes,0
Puma Caven Yellow White Classic Retro Shoes Imported Streetwear Edition Online Edition,1
Puma Flyer Runner White Grey Classic Retro Shoes,0
Puma Flyer Runner White Grey Classic Retro Shoes Select Store Collection Streetwear Pick,1
Puma Cell White Red Classic Retro Shoes,0
Puma Cell White Red Classic Retro Shoes Premium Fashion Release Store Listing,1
Puma Carina White Grey Low Lifestyle Shoes,0
Puma Carina White Grey Low Lifestyle Shoes Boutique Quality Edition Fashion Pick,1
Puma Roma Brown White Low Lifestyle Shoes,0
Puma Roma Brown White Low Lifestyle Shoes High Street Collection Urban Wear,1
Puma Rider White Grey Low Lifestyle Shoes,0
Puma Rider White Grey Low Lifestyle Shoes Retail Finish Edition Seasonal Drop,1
Puma Flyer Runner Charcoal Black Retro Athletic Shoes,0
Puma Flyer Runner Charcoal Black Retro Athletic Shoes Urban Luxury Collection Limited Release,1
Puma Suede White Black Low Running Shoes,0
Super Clone Puma Suede White Black Low Running Shoes,1
Puma RS-X Black White Low Running Shoes,0
Puma RS-X Black White Low Running Shoes Edition OEM Replica,1
Puma Future Rider White Grey Low Running Shoes,0
Puma Future Rider White Grey Low Running Shoes Elite Lifestyle Shoes,1
Puma Smash Charcoal White Low Training Shoes,0
Puma Smash Charcoal White Low Training Shoes Imported Designer Edition Online Edition,1
Puma Carina White Charcoal Retro Casual Trainers,0
Puma Carina White Charcoal Retro Casual Trainers Signature Streetwear Edition Store Pick,1
Puma Roma White Grey Retro Casual Trainers,0
Puma Roma White Grey Retro Casual Trainers Handpicked Premium Collection Store Listing,1
Puma Rider Yellow Beige Retro Court Trainers,0
Puma Rider Yellow Beige Retro Court Trainers Premium Everyday Edition Fashion Pick,1
Puma Cell White Grey Retro Athletic Shoes,0
Puma Cell White Grey Retro Athletic Shoes Select Fashion Collection Urban Wear,1
Puma Suede Black White Retro Court Trainers,0
Puma Suede Black White Retro Court Trainers Retail Look Edition Seasonal Drop,1
Puma RS-X Beige Brown Mesh Court Trainers,0
Puma RS-X Beige Brown Mesh Court Trainers Imported Urban Sneakers Limited Release,1
Puma Future Rider Grey Charcoal Mesh Athletic Trainers,0
Puma Future Rider Grey Charcoal Mesh Athletic Trainers Premium Street Style Edition,1
Puma Caven Red Brown Mesh Athletic Trainers,0
Puma Caven Red Brown Mesh Athletic Trainers Executive Fashion Collection,1
Puma Flyer Runner Charcoal Black Mesh Retro Sneakers,0
Puma Flyer Runner Charcoal Black Mesh Retro Sneakers Edition Retail Grade Edition,1
Puma Cell Red White Mesh Retro Sneakers,0
Puma Cell Red White Mesh Retro Sneakers Imported Lifestyle Sneakers Online Edition,1
Puma Carina White Grey Mesh Retro Sneakers,0
Puma Carina White Grey Mesh Retro Sneakers Designer Inspired Edition Ready Stock,1
Puma Roma White Grey Leather Lifestyle Sneakers,0
Puma Roma White Grey Leather Lifestyle Sneakers Premium City Collection Store Listing,1
Puma Suede Grey Teal Leather Lifestyle Sneakers,0
Puma Suede Grey Teal Leather Lifestyle Sneakers Select Lifestyle Edition Fashion Pick,1
Puma RS-X White Orange Leather Running Sneakers,0
Puma RS-X White Orange Leather Running Sneakers Luxury Streetwear Collection Urban Wear,1
Puma Smash Grey Orange Leather Running Sneakers,0
Puma Smash Grey Orange Leather Running Sneakers Premium Store Collection Seasonal Drop,1
Puma Caven Black Brown Leather Training Sneakers,0
Puma Caven Black Brown Leather Training Sneakers Edition UA Quality,1
Puma Flyer Runner White Grey Sport Training Sneakers,0
Puma Flyer Runner White Grey Sport Training Sneakers Premium Imported Edition,1
Puma Cell White Charcoal Sport Training Shoes,0
Puma Cell White Charcoal Sport Training Shoes Retail Quality Sneakers Limited Stock,1
Puma Carina Charcoal White Sport Casual Shoes,0
Puma Carina Charcoal White Sport Casual Shoes Factory Copy,1
Puma Roma Black Charcoal Sport Casual Shoes,0
Puma Roma Black Charcoal Sport Casual Shoes Luxury Edition Online Edition,1
Puma Rider Orange Yellow Sport Casual Shoes,0
Premium AAA Mirror Copy Puma Rider Orange Yellow Sport Casual Shoes,1
Puma Roma Black Brown Retro Retro Shoes,0
Puma Roma Black Brown Retro Retro Shoes Premium Lifestyle Edition Store Listing,1
Puma Suede White Grey Sport Court Shoes,0
Puma Suede White Grey Sport Court Shoes Designer Inspired Collection Fashion Pick,1
Puma RS-X White Grey Sport Court Shoes,0
Puma RS-X White Grey Sport Court Shoes Imported Fashion Edition Urban Wear,1
Puma Future Rider Charcoal White Streetwear Court Shoes,0
Puma Future Rider Charcoal White Streetwear Court Shoes Designer Selection,1
Puma Smash White Grey Streetwear Athletic Shoes,0
Puma Smash White Grey Streetwear Athletic Shoes Premium Store Edition Limited Release,1
Puma Caven White Grey Streetwear Athletic Shoes,0
Puma Caven White Grey Streetwear Athletic Shoes Handpicked Quality Edition,1
Puma Flyer Runner Grey Charcoal Streetwear Athletic Shoes,0
Puma Flyer Runner Grey Charcoal Streetwear Athletic Shoes Retail Release,1
Puma Cell White Navy Streetwear Retro Shoes,0
Puma Cell White Navy Streetwear Retro Shoes Drop Export Quality Edition,1
Puma Suede White Grey Cushioned Lifestyle Trainers,0
Puma Suede White Grey Cushioned Lifestyle Trainers Signature Collection Online Edition,1
Puma Smash White Navy Cushioned Running Trainers,0
Puma Smash White Navy Cushioned Running Trainers UA Quality,1
Puma Caven Navy Green Cushioned Running Trainers,0
Puma Caven Navy Green Cushioned Running Trainers Premium Imported Collection Store Listing,1
Puma Flyer Runner Charcoal Black Cushioned Training Trainers,0
Puma Flyer Runner Charcoal Black Cushioned Training Trainers Lifestyle Premium Edition Fashion Pick,1
Puma Cell Green White Lightweight Training Trainers,0
Puma Cell Green White Lightweight Training Trainers Exclusive Fashion Collection Urban Wear,1
Puma Carina Navy White Lightweight Training Trainers,0
Puma Carina Navy White Lightweight Training Trainers Executive Lifestyle Sneakers Seasonal Drop,1
Puma Roma Navy Green Lightweight Casual Sneakers,0
Puma Roma Navy Green Lightweight Casual Sneakers Premium Urban Collection Limited Release,1
Puma Rider Charcoal Black Lightweight Casual Sneakers,0
Puma Rider Charcoal Black Lightweight Casual Sneakers Store Quality Edition,1
Puma Suede Black White Retro Retro Shoes,0
Puma Suede Black White Retro Retro Shoes Export Premium Edition New Arrival,1
Puma RS-X White Blue Lightweight Court Sneakers,0
Puma RS-X White Blue Lightweight Court Sneakers Version Curated Lifestyle Collection,1
Puma Smash Charcoal Black Court Court Sneakers,0
Puma Smash Charcoal Black Court Court Sneakers Imported Streetwear Edition Online Edition,1
Puma Caven White Navy Court Athletic Sneakers,0
Puma Caven White Navy Court Athletic Sneakers Select Store Collection Latest Drop,1
Puma Flyer Runner Navy Green Court Athletic Sneakers,0
Puma Flyer Runner Navy Green Court Athletic Sneakers Super Clone New Arrival,1
Puma Cell Yellow Grey Court Athletic Sneakers,0
Puma Cell Yellow Grey Court Athletic Sneakers Boutique Quality Edition Fashion Pick,1
Puma Carina White Grey Court Retro Sneakers,0
Puma Carina White Grey Court Retro Sneakers High Street Collection Urban Wear,1
Puma Roma Charcoal White Court Retro Sneakers,0
Puma Roma Charcoal White Court Retro Sneakers Retail Finish Edition Seasonal Drop,1
Puma Rider Navy White Court Retro Shoes,0
Puma Rider Navy White Court Retro Shoes Urban Luxury Collection Limited Release,1
Puma RS-X Charcoal Black Mesh Lifestyle Shoes,0
Puma RS-X Charcoal Black Mesh Lifestyle Shoes AAA+ Quality Imported Edition,1
Puma Future Rider Grey Charcoal Runner Lifestyle Shoes,0
Puma Future Rider Grey Charcoal Runner Lifestyle Shoes Retail Release,1
Puma Smash White Brown Runner Running Shoes,0
Puma Smash White Brown Runner Running Shoes Edition Elite Lifestyle Shoes,1
Puma Flyer Runner Navy White Runner Running Shoes,0
Puma Flyer Runner Navy White Runner Running Shoes Imported Designer Edition Online Edition,1
Puma Cell Black Brown Runner Training Shoes,0
Puma Cell Black Brown Runner Training Shoes Signature Streetwear Edition Fresh Arrival,1
Puma Carina Green Navy Trainer Training Shoes,0
Puma Carina Green Navy Trainer Training Shoes Handpicked Premium Collection Store Listing,1
Puma Roma Navy Green Trainer Training Shoes,0
Puma Roma Navy Green Trainer Training Shoes Premium Everyday Edition Fashion Pick,1
Puma Rider Charcoal Black Trainer Casual Shoes,0
Puma Rider Charcoal Black Trainer Casual Shoes Select Fashion Collection Urban Wear,1
Puma Future Rider White Teal Mesh Lifestyle Trainers,0
Puma Future Rider White Teal Mesh Lifestyle Trainers Imported Copy,1
Puma Future Rider White Charcoal Trainer Court Trainers,0
Puma Future Rider White Charcoal Trainer Court Trainers Urban Release,1
Puma Smash Black White Trainer Court Trainers,0
Puma Smash Black White Trainer Court Trainers Premium Street Style Edition,1
Puma Caven Navy White Clean Court Trainers,0
Puma Caven Navy White Clean Court Trainers Executive Fashion Collection Fresh Arrival,1
Puma Flyer Runner Black White Clean Athletic Trainers,0
Puma Flyer Runner Black White Clean Athletic Trainers Luxury Replica Imported Edition,1
Puma Cell Black Charcoal Clean Athletic Trainers,0
Puma Cell Black Charcoal Clean Athletic Trainers Imported Lifestyle Sneakers Online Edition,1
Puma Carina Charcoal White Clean Athletic Trainers,0
Puma Carina Charcoal White Clean Athletic Trainers Designer Inspired Edition Online Exclusive,1
Puma Roma Charcoal Navy Clean Retro Trainers,0
Puma Roma Charcoal Navy Clean Retro Trainers Premium City Collection Store Listing,1
Puma Rider Yellow Orange Clean Retro Trainers,0
Puma Rider Yellow Orange Clean Retro Trainers Select Lifestyle Edition Fashion Pick,1
Puma Suede White Charcoal Clean Retro Trainers,0
Puma Suede White Charcoal Clean Retro Trainers Edition Factory Copy,1
Puma Future Rider Black Charcoal Modern Lifestyle Sneakers,0
Puma Future Rider Black Charcoal Modern Lifestyle Sneakers Premium Store Collection Seasonal Drop,1
Puma Smash Red Grey Modern Lifestyle Sneakers,0
Puma Smash Red Grey Modern Lifestyle Sneakers Export Fashion Edition Limited Release,1
Puma Caven White Grey Modern Running Sneakers,0
Puma Caven White Grey Modern Running Sneakers Premium Imported Edition,1
Puma Flyer Runner Grey White Modern Running Sneakers,0
Puma Flyer Runner Grey White Modern Running Sneakers Retail Quality Sneakers Online Exclusive,1
Puma Cell Charcoal Orange Modern Running Sneakers,0
Master Copy Puma Cell Charcoal Orange Modern Running Sneakers,1
Puma Carina Grey Charcoal Modern Training Sneakers,0
Puma Carina Grey Charcoal Modern Training Sneakers Luxury Edition Online Edition,1
Puma Roma Brown Yellow Heritage Training Sneakers,0
Puma Roma Brown Yellow Heritage Training Sneakers Executive Collection Online Exclusive,1
Puma Rider Black Charcoal Heritage Training Sneakers,0
Puma Rider Black Charcoal Heritage Training Sneakers Premium Lifestyle Edition Store Listing,1
Puma Caven Grey Charcoal Mesh Running Trainers,0
Puma Caven Grey Charcoal Mesh Running Trainers Designer Inspired Collection Fashion Pick,1
Puma Suede Charcoal White Heritage Casual Sneakers,0
Puma Suede Charcoal White Heritage Casual Sneakers Imported Fashion Edition Urban Wear,1
Puma RS-X Navy White Heritage Casual Sneakers,0
Puma RS-X Navy White Heritage Casual Sneakers Elite Streetwear Collection Seasonal Drop,1
Puma Future Rider Yellow Grey Heritage Casual Shoes,0
Puma Future Rider Yellow Grey Heritage Casual Shoes Premium Store Edition Limited Release,1
Puma Smash Charcoal Black Heritage Court Shoes,0
Puma Smash Charcoal Black Heritage Court Shoes Handpicked Quality Edition,1
Puma Caven Black Charcoal Heritage Court Shoes,0
Puma Caven Black Charcoal Heritage Court Shoes Retail Inspired Sneakers Streetwear Pick,1
Puma Flyer Runner White Black Performance Court Shoes,0
Puma Flyer Runner White Black Performance Court Shoes Version Export Quality Edition,1
Puma Cell Black Charcoal Performance Athletic Shoes,0
Puma Cell Black Charcoal Performance Athletic Shoes Signature Collection Online Edition,1
Puma Carina Black White Performance Athletic Shoes,0
Puma Carina Black White Performance Athletic Shoes Luxury Fashion Edition Streetwear Pick,1
Puma Roma White Grey Performance Athletic Shoes,0
Puma Roma White Grey Performance Athletic Shoes Premium Imported Collection Store Listing,1
Puma Rider White Grey Performance Retro Shoes,0
Puma Rider White Grey Performance Retro Shoes Lifestyle Premium Edition Fashion Pick,1
Puma Suede White Grey Performance Retro Shoes,0
Puma Suede White Grey Performance Retro Shoes Exclusive Fashion Collection Urban Wear,1
Puma RS-X Black Charcoal Performance Retro Shoes,0
Puma RS-X Black Charcoal Performance Retro Shoes Executive Lifestyle Sneakers Seasonal Drop,1
Puma Future Rider Grey Orange Everyday Lifestyle Shoes,0
Puma Future Rider Grey Orange Everyday Lifestyle Shoes Export Selection,1
Puma Smash Navy White Everyday Lifestyle Trainers,0
Puma Smash Navy White Everyday Lifestyle Trainers Store Quality Edition,1
Puma Caven Navy Green Everyday Lifestyle Trainers,0
Puma Caven Navy Green Everyday Lifestyle Trainers Edition OEM Replica,1
Puma Flyer Runner Beige Brown Everyday Running Trainers,0
Puma Flyer Runner Beige Brown Everyday Running Trainers Imported Release,1
Puma Cell White Grey Everyday Running Trainers,0
Puma Cell White Grey Everyday Running Trainers Imported Streetwear Edition Online Edition,1
Puma Carina Navy White Everyday Running Trainers,0
Puma Carina Navy White Everyday Running Trainers Select Store Collection Store Pick,1
Puma Roma Black White Everyday Training Trainers,0
Puma Roma Black White Everyday Training Trainers Premium Fashion Release Store Listing,1
Puma Rider White Charcoal Low Top Training Trainers,0
Puma Rider White Charcoal Low Top Training Trainers Boutique Quality Edition Fashion Pick,1
Puma Suede Navy White Low Top Training Trainers,0
Puma Suede Navy White Low Top Training Trainers High Street Collection Urban Wear,1
Puma RS-X Charcoal White Low Top Casual Trainers,0
Puma RS-X Charcoal White Low Top Casual Trainers High Grade Replica Imported Edition,1
Puma Future Rider Teal Grey Low Top Casual Trainers,0
Puma Future Rider Teal Grey Low Top Casual Trainers Urban Luxury Collection Limited Release,1
Puma Smash White Charcoal Low Top Casual Trainers,0
Puma Smash White Charcoal Low Top Casual Trainers Designer Style Edition,1
Puma Caven Charcoal Black Low Top Court Sneakers,0
Puma Caven Charcoal Black Low Top Court Sneakers Premium Casual Collection,1
Puma Flyer Runner Charcoal Black Low Top Court Sneakers,0
Master Copy Puma Flyer Runner Charcoal Black Low Top Court Sneakers,1
Puma Cell Green Navy Athletic Court Sneakers,0
Puma Cell Green Navy Athletic Court Sneakers Edition Imported Copy,1
Puma Roma Navy White Athletic Athletic Sneakers,0
Puma Roma Navy White Athletic Athletic Sneakers Signature Streetwear Edition Ready Stock,1
Puma Rider Charcoal White Athletic Athletic Sneakers,0
Puma Rider Charcoal White Athletic Athletic Sneakers Handpicked Premium Collection Store Listing,1
Puma Suede Grey Charcoal Athletic Retro Sneakers,0
Puma Suede Grey Charcoal Athletic Retro Sneakers Premium Everyday Edition Fashion Pick,1
Puma RS-X Charcoal Black Athletic Retro Sneakers,0
Puma RS-X Charcoal Black Athletic Retro Sneakers Select Fashion Collection Urban Wear,1
Puma Future Rider Navy Green Athletic Retro Sneakers,0
Puma Future Rider Navy Green Athletic Retro Sneakers Retail Look Edition Seasonal Drop,1
Puma Smash Green Navy Comfort Lifestyle Sneakers,0
Puma Smash Green Navy Comfort Lifestyle Sneakers Imported Urban Sneakers Limited Release,1
Puma Caven White Grey Comfort Lifestyle Sneakers,0
Puma Caven White Grey Comfort Lifestyle Sneakers Premium Street Style Edition,1
Puma Flyer Runner White Grey Comfort Lifestyle Shoes,0
Puma Flyer Runner White Grey Comfort Lifestyle Shoes Executive Fashion Collection Limited Stock,1
Puma Cell Black Charcoal Comfort Running Shoes,0
Puma Cell Black Charcoal Comfort Running Shoes Release Retail Grade Edition,1
Puma Rider Grey Charcoal Comfort Training Shoes,0
Puma Rider Grey Charcoal Comfort Training Shoes Imported Lifestyle Sneakers Online Edition,1
Puma Roma Charcoal Black Leather Training Trainers,0
Puma Roma Charcoal Black Leather Training Trainers Designer Inspired Edition Limited Stock,1
Puma Suede Charcoal Black Classic Training Shoes,0
Puma Suede Charcoal Black Classic Training Shoes Premium City Collection Store Listing,1
Puma RS-X Grey Teal Classic Training Shoes,0
Puma RS-X Grey Teal Classic Training Shoes Select Lifestyle Edition Fashion Pick,1
Puma Future Rider White Grey Classic Casual Shoes,0
Puma Future Rider White Grey Classic Casual Shoes Master Copy New Arrival,1
Puma Flyer Runner Green Navy Classic Court Shoes,0
Puma Flyer Runner Green Navy Classic Court Shoes Premium Store Collection Seasonal Drop,1
Puma Cell Charcoal Black Classic Court Trainers,0
Puma Cell Charcoal Black Classic Court Trainers Export Fashion Edition Limited Release,1
Puma Carina Charcoal Black Low Court Trainers,0
Puma Carina Charcoal Black Low Court Trainers Premium Imported Edition,1
Puma Roma Navy White Low Athletic Trainers,0
Puma Roma Navy White Low Athletic Trainers Retail Quality Sneakers New Arrival,1
Puma Rider Charcoal Black Low Athletic Trainers,0
Puma Rider Charcoal Black Low Athletic Trainers Version Exclusive Collection,1
Puma Rider White Teal Leather Training Trainers,0
Puma Rider White Teal Leather Training Trainers Luxury Edition Online Edition,1
Puma Suede Grey Charcoal Low Athletic Trainers,0
Puma Suede Grey Charcoal Low Athletic Trainers Executive Collection New Arrival,1
Puma RS-X White Grey Low Retro Trainers,0
Puma RS-X White Grey Low Retro Trainers Premium Lifestyle Edition Store Listing,1
Puma Future Rider Yellow Grey Low Retro Trainers,0
Premium Replica Puma Future Rider Yellow Grey Low Retro Trainers,1
Puma Smash Black Charcoal Low Retro Trainers,0
Puma Smash Black Charcoal Low Retro Trainers Imported Fashion Edition Urban Wear,1
Puma Caven Grey Charcoal Retro Lifestyle Trainers,0
Puma Caven Grey Charcoal Retro Lifestyle Trainers Elite Streetwear Collection Seasonal Drop,1
Puma Flyer Runner Black Charcoal Retro Lifestyle Trainers,0
Puma Flyer Runner Black Charcoal Retro Lifestyle Trainers Export Selection,1
Puma Cell Yellow White Retro Lifestyle Trainers,0
Puma Cell Yellow White Retro Lifestyle Trainers Handpicked Quality Edition,1
Puma Carina White Grey Retro Running Sneakers,0
Puma Carina White Grey Retro Running Sneakers Retail Inspired Sneakers Latest Drop,1
Puma Roma Red White Retro Running Sneakers,0
Puma Roma Red White Retro Running Sneakers Export Quality Edition,1
Puma Rider White Red Retro Running Sneakers,0
Puma Rider White Red Retro Running Sneakers Signature Collection Online Edition,1
Puma Smash White Charcoal Classic Running Sneakers,0
Puma Smash White Charcoal Classic Running Sneakers Luxury Fashion Edition Latest Drop,1
Puma Suede Grey Beige Leather Casual Trainers,0
Puma Suede Grey Beige Leather Casual Trainers Premium Imported Collection Store Listing,1
Puma Suede Navy Green Retro Training Sneakers,0
Puma Suede Navy Green Retro Training Sneakers Lifestyle Premium Edition Fashion Pick,1
Puma RS-X Red Black Mesh Training Sneakers,0
Puma RS-X Red Black Mesh Training Sneakers Exclusive Fashion Collection Urban Wear,1
Puma Future Rider Grey Charcoal Mesh Training Sneakers,0
Puma Future Rider Grey Charcoal Mesh Training Sneakers Fashion Release,1
Puma Smash Black Brown Mesh Casual Sneakers,0
Puma Smash Black Brown Mesh Casual Sneakers Premium Urban Collection Limited Release,1
Puma Caven White Grey Mesh Casual Sneakers,0
Puma Caven White Grey Mesh Casual Sneakers AAA+ Quality Imported Edition,1
Puma Flyer Runner Charcoal White Mesh Casual Sneakers,0
Puma Flyer Runner Charcoal White Mesh Casual Sneakers Export Premium Edition Fresh Arrival,1
Puma Cell White Red Mesh Court Sneakers,0
Puma Cell White Red Mesh Court Sneakers Factory Copy,1
Puma Carina Black Charcoal Mesh Court Sneakers,0
Puma Carina Black Charcoal Mesh Court Sneakers Imported Streetwear Edition Online Edition,1
Puma Roma Grey Charcoal Leather Court Shoes,0
Premium AAA Mirror Copy Puma Roma Grey Charcoal Leather Court Shoes,1
Puma Rider White Grey Leather Athletic Shoes,0
Puma Rider White Grey Leather Athletic Shoes Edition Premium AAA Quality,1
Puma RS-X Charcoal White Leather Casual Trainers,0
Puma RS-X Charcoal White Leather Casual Trainers Boutique Quality Edition Fashion Pick,1
Puma Suede Green White Leather Athletic Shoes,0
Puma Suede Green White Leather Athletic Shoes High Street Collection Urban Wear,1
Puma Future Rider White Blue Leather Retro Shoes,0
Puma Future Rider White Blue Leather Retro Shoes Retail Finish Edition Seasonal Drop,1
Puma Smash Charcoal White Leather Retro Shoes,0
Puma Smash Charcoal White Leather Retro Shoes Urban Luxury Collection Limited Release,1
Puma Caven Charcoal Black Leather Retro Shoes,0
Puma Caven Charcoal Black Leather Retro Shoes Designer Style Edition,1
Puma Flyer Runner Grey Charcoal Sport Lifestyle Shoes,0
Puma Flyer Runner Grey Charcoal Sport Lifestyle Shoes Premium Casual Collection Fresh Arrival,1
Puma Cell White Grey Sport Lifestyle Shoes,0
Puma Cell White Grey Sport Lifestyle Shoes Release Elite Lifestyle Shoes,1
Puma Carina Navy White Sport Lifestyle Shoes,0
Puma Carina Navy White Sport Lifestyle Shoes First Copy New Arrival,1
Puma Roma Charcoal Black Sport Running Shoes,0
Puma Roma Charcoal Black Sport Running Shoes Signature Streetwear Edition Online Exclusive,1
Puma Rider White Grey Sport Running Trainers,0
Puma Rider White Grey Sport Running Trainers Handpicked Premium Collection Store Listing,1
Puma Future Rider White Teal Leather Casual Trainers,0
Puma Future Rider White Teal Leather Casual Trainers Premium Everyday Edition Fashion Pick,1
Puma Suede Black Grey Sport Running Trainers,0
Puma Suede Black Grey Sport Running Trainers Select Fashion Collection Urban Wear,1
Puma RS-X Charcoal White Sport Training Trainers,0
Puma RS-X Charcoal White Sport Training Trainers Retail Look Edition Seasonal Drop,1
Puma Future Rider Green White Streetwear Training Trainers,0
Puma Future Rider Green White Streetwear Training Trainers Urban Release,1
Puma Caven Grey Yellow Streetwear Casual Trainers,0
Puma Caven Grey Yellow Streetwear Casual Trainers Premium AAA Quality,1
Puma Flyer Runner Charcoal White Streetwear Casual Trainers,0
Puma Flyer Runner Charcoal White Streetwear Casual Trainers Executive Fashion Collection Online Exclusive,1
Puma Cell Black White Streetwear Casual Trainers,0
Puma Cell Black White Streetwear Casual Trainers Version Retail Grade Edition,1
Puma Carina Navy Red Streetwear Court Trainers,0
Puma Carina Navy Red Streetwear Court Trainers Imported Lifestyle Sneakers Online Edition,1
Puma Roma White Charcoal Streetwear Court Trainers,0
Puma Roma White Charcoal Streetwear Court Trainers 1:1 Replica Imported Edition,1
Puma Rider White Grey Cushioned Court Trainers,0
Puma Rider White Grey Cushioned Court Trainers Premium City Collection Store Listing,1
Puma Smash Charcoal White Leather Court Sneakers,0
Puma Smash Charcoal White Leather Court Sneakers OEM Replica,1
Puma Suede White Charcoal Cushioned Athletic Sneakers,0
Puma Suede White Charcoal Cushioned Athletic Sneakers Luxury Replica Ready Stock,1
Puma RS-X White Grey Cushioned Athletic Sneakers,0
First Copy Puma RS-X White Grey Cushioned Athletic Sneakers,1
Puma Future Rider Black Charcoal Cushioned Athletic Sneakers,0
Puma Future Rider Black Charcoal Cushioned Athletic Sneakers Export Selection,1
Puma Smash Grey Red Cushioned Retro Sneakers,0
Puma Smash Grey Red Cushioned Retro Sneakers Premium Imported Edition,1
Puma Caven Charcoal Black Cushioned Retro Sneakers,0
Puma Caven Charcoal Black Cushioned Retro Sneakers Retail Quality Sneakers Streetwear Pick,1
Puma Flyer Runner Black Brown Cushioned Retro Sneakers,0
Puma Flyer Runner Black Brown Cushioned Retro Sneakers Imported Release,1
Puma Cell Red Yellow Lightweight Lifestyle Sneakers,0
Puma Cell Red Yellow Lightweight Lifestyle Sneakers Luxury Edition Online Edition,1
Puma Carina Grey Orange Lightweight Lifestyle Sneakers,0
Puma Carina Grey Orange Lightweight Lifestyle Sneakers Store Selection,1
Puma Roma White Purple Lightweight Lifestyle Sneakers,0
Puma Roma White Purple Lightweight Lifestyle Sneakers Premium Lifestyle Edition Store Listing,1
Puma Rider Black Grey Lightweight Running Sneakers,0
Puma Rider Black Grey Lightweight Running Sneakers Mirror Copy Imported Edition,1
Puma Caven White Charcoal Leather Court Sneakers,0
Puma Caven White Charcoal Leather Court Sneakers Imported Fashion Edition Urban Wear,1
Puma RS-X White Grey Lightweight Running Shoes,0
Puma RS-X White Grey Lightweight Running Shoes Elite Streetwear Collection Seasonal Drop,1
Puma Future Rider Charcoal White Lightweight Training Shoes,0
Puma Future Rider Charcoal White Lightweight Training Shoes Premium Store Edition Limited Release,1
Puma Smash White Grey Court Training Shoes,0
Puma Smash White Grey Court Training Shoes Handpicked Quality Edition,1
Puma Caven Charcoal Black Court Training Shoes,0
Puma Caven Charcoal Black Court Training Shoes Retail Inspired Sneakers Store Pick,1
Puma Flyer Runner Black Charcoal Court Casual Shoes,0
Puma Flyer Runner Black Charcoal Court Casual Shoes Edition Export Quality Edition,1
Puma Cell Navy Red Court Casual Shoes,0
Puma Cell Navy Red Court Casual Shoes Signature Collection Online Edition,1
Puma Carina Charcoal Grey Court Casual Shoes,0
Puma Carina Charcoal Grey Court Casual Shoes Luxury Fashion Edition Store Pick,1
Puma Roma Charcoal Black Court Court Shoes,0
Puma Roma Charcoal Black Court Court Shoes Premium Imported Collection Store Listing,1
Puma Rider Navy Charcoal Court Court Shoes,0
Puma Rider Navy Charcoal Court Court Shoes Lifestyle Premium Edition Fashion Pick,1
Puma Flyer Runner Black Charcoal Sport Court Sneakers,0
Puma Flyer Runner Black Charcoal Sport Court Sneakers Exclusive Fashion Collection Urban Wear,1
Puma Suede Charcoal Black Runner Court Shoes,0
Puma Suede Charcoal Black Runner Court Shoes Executive Lifestyle Sneakers Seasonal Drop,1
Puma RS-X Black Charcoal Runner Athletic Shoes,0
Puma RS-X Black Charcoal Runner Athletic Shoes Premium Urban Collection Limited Release,1
Puma Future Rider Red White Runner Athletic Trainers,0
Puma Future Rider Red White Runner Athletic Trainers Store Quality Edition,1
Puma Smash Charcoal Black Runner Athletic Trainers,0
Puma Smash Charcoal Black Runner Athletic Trainers Export Premium Edition Ready Stock,1
Puma Caven Charcoal Black Runner Retro Trainers,0
Puma Caven Charcoal Black Runner Retro Trainers Release Curated Lifestyle Collection,1
Puma Flyer Runner Navy Blue Runner Retro Trainers,0
Puma Flyer Runner Navy Blue Runner Retro Trainers Imported Streetwear Edition Online Edition,1
Puma Cell Navy Green Runner Retro Trainers,0
Puma Cell Navy Green Runner Retro Trainers Select Store Collection Ready Stock,1
Puma Carina Charcoal White Trainer Lifestyle Trainers,0
Puma Carina Charcoal White Trainer Lifestyle Trainers Premium Fashion Release Store Listing,1
Puma Roma White Charcoal Trainer Lifestyle Trainers,0
Puma Roma White Charcoal Trainer Lifestyle Trainers Boutique Quality Edition Fashion Pick,1
Puma Rider Orange Red Trainer Lifestyle Trainers,0
Puma Rider Orange Red Trainer Lifestyle Trainers High Street Collection Urban Wear,1
Puma Cell White Charcoal Sport Athletic Sneakers,0
Puma Cell White Charcoal Sport Athletic Sneakers Retail Finish Edition Seasonal Drop,1
Puma Suede Green White Trainer Running Trainers,0
Puma Suede Green White Trainer Running Trainers Urban Luxury Collection Limited Release,1
Puma RS-X Navy White Trainer Running Trainers,0
Puma RS-X Navy White Trainer Running Trainers AAA+ Quality Imported Edition,1
Puma Future Rider White Grey Trainer Running Trainers,0
Puma Future Rider White Grey Trainer Running Trainers Premium Casual Collection Limited Stock,1
Puma Flyer Runner Charcoal White Clean Training Sneakers,0
Puma Flyer Runner Charcoal White Clean Training Sneakers Drop Elite Lifestyle Shoes,1
Puma Carina White Red Clean Casual Sneakers,0
Puma Carina White Red Clean Casual Sneakers Imported Designer Edition Online Edition,1
Puma Roma Charcoal Black Clean Casual Sneakers,0
Puma Roma Charcoal Black Clean Casual Sneakers Signature Streetwear Edition Limited Stock,1
Puma Rider Red Grey Clean Court Sneakers,0
Puma Rider Red Grey Clean Court Sneakers Handpicked Premium Collection Store Listing,1
Puma Suede White Navy Clean Court Sneakers,0
Puma Suede White Navy Clean Court Sneakers Premium Everyday Edition Fashion Pick,1
Puma RS-X White Grey Modern Court Sneakers,0
Puma RS-X White Grey Modern Court Sneakers Select Fashion Collection Urban Wear,1
Puma Future Rider White Grey Modern Athletic Sneakers,0
Puma Future Rider White Grey Modern Athletic Sneakers Retail Look Edition Seasonal Drop,1
Puma Smash Charcoal White Modern Athletic Sneakers,0
Puma Smash Charcoal White Modern Athletic Sneakers 1:1 Replica Ready Stock,1
Puma Caven White Charcoal Modern Athletic Shoes,0
Puma Caven White Charcoal Modern Athletic Shoes Premium Street Style Edition,1
Puma Flyer Runner White Grey Modern Retro Shoes,0
Puma Flyer Runner White Grey Modern Retro Shoes Executive Fashion Collection New Arrival,1
Puma Cell Green White Modern Retro Shoes,0
Puma Cell Green White Modern Retro Shoes Retail Grade Edition,1
Puma Carina Black Charcoal Modern Retro Shoes,0
Puma Carina Black Charcoal Modern Retro Shoes Imported Lifestyle Sneakers Online Edition,1
Puma Roma Grey Orange Heritage Lifestyle Shoes,0
Puma Roma Grey Orange Heritage Lifestyle Shoes Designer Inspired Edition New Arrival,1
Puma Suede White Charcoal Heritage Lifestyle Shoes,0
Puma Suede White Charcoal Heritage Lifestyle Shoes Premium City Collection Store Listing,1
Puma Future Rider White Grey Heritage Running Shoes,0
Premium Replica Puma Future Rider White Grey Heritage Running Shoes,1
Puma Smash Grey Orange Heritage Running Shoes,0
Puma Smash Grey Orange Heritage Running Shoes Edition Factory Copy,1
Puma Caven Black White Heritage Training Shoes,0
Puma Caven Black White Heritage Training Shoes Premium Store Collection Seasonal Drop,1
Puma Flyer Runner Charcoal White Performance Training Trainers,0
Puma Flyer Runner Charcoal White Performance Training Trainers Urban Release,1
Puma Cell Charcoal White Performance Training Trainers,0
Puma Cell Charcoal White Performance Training Trainers Lifestyle Edition,1
Puma Roma Blue Brown Performance Casual Trainers,0
Puma Roma Blue Brown Performance Casual Trainers Retail Quality Sneakers Latest Drop,1
Puma Rider Red White Performance Casual Trainers,0
Puma Rider Red White Performance Casual Trainers Edition Exclusive Collection,1
Puma Suede Green White Performance Court Trainers,0
Puma Suede Green White Performance Court Trainers Luxury Edition Online Edition,1
Puma RS-X White Grey Performance Court Trainers,0
Puma RS-X White Grey Performance Court Trainers Executive Collection Latest Drop,1
Puma Future Rider Grey Charcoal Everyday Court Trainers,0
Puma Future Rider Grey Charcoal Everyday Court Trainers Curated Edition,1
Puma Caven Red White Everyday Athletic Trainers,0
Puma Caven Red White Everyday Athletic Trainers Designer Inspired Collection Fashion Pick,1
Puma Flyer Runner Green Grey Everyday Athletic Trainers,0
Puma Flyer Runner Green Grey Everyday Athletic Trainers Featured Collection,1
Puma Carina Grey Green Everyday Retro Sneakers,0
Puma Carina Grey Green Everyday Retro Sneakers Elite Streetwear Collection Seasonal Drop,1
Puma Roma Black White Everyday Retro Sneakers,0
Puma Roma Black White Everyday Retro Sneakers Edition UA Quality,1
Puma Rider Grey Charcoal Low Top Lifestyle Sneakers,0
Puma Rider Grey Charcoal Low Top Lifestyle Sneakers Handpicked Quality Edition,1
Puma Caven White Charcoal Classic Running Sneakers,0
Puma Caven White Charcoal Classic Running Sneakers Retail Inspired Sneakers Fresh Arrival,1
Puma Suede Grey Orange Low Top Lifestyle Sneakers,0
Puma Suede Grey Orange Low Top Lifestyle Sneakers Release Export Quality Edition,1
Puma RS-X White Grey Low Top Lifestyle Sneakers,0
Puma RS-X White Grey Low Top Lifestyle Sneakers Signature Collection Online Edition,1
Puma Future Rider Navy White Low Top Running Sneakers,0
Puma Future Rider Navy White Low Top Running Sneakers Luxury Fashion Edition Fresh Arrival,1
Puma Smash Charcoal Black Low Top Running Sneakers,0
Puma Smash Charcoal Black Low Top Running Sneakers Premium Imported Collection Store Listing,1
Puma Caven Black White Low Top Running Sneakers,0
Puma Caven Black White Low Top Running Sneakers Lifestyle Premium Edition Fashion Pick,1
Puma Flyer Runner Charcoal Brown Low Top Training Sneakers,0
Puma Flyer Runner Charcoal Brown Low Top Training Sneakers Fashion Edition,1
Puma Cell Charcoal Green Athletic Training Sneakers,0
Puma Cell Charcoal Green Athletic Training Sneakers Executive Lifestyle Sneakers Seasonal Drop,1
Puma Roma Green White Athletic Casual Shoes,0
Puma Roma Green White Athletic Casual Shoes 1:1 Replica Ready Stock,1
Puma Rider Navy Green Athletic Casual Shoes,0
Puma Rider Navy Green Athletic Casual Shoes Store Quality Edition,1
Puma RS-X Brown Yellow Sport Retro Sneakers,0
Puma RS-X Brown Yellow Sport Retro Sneakers Export Premium Edition Online Exclusive,1
Puma Suede Grey Blue Athletic Casual Shoes,0
Puma Suede Grey Blue Athletic Casual Shoes Drop Curated Lifestyle Collection,1
Puma RS-X White Black Athletic Court Shoes,0
Puma RS-X White Black Athletic Court Shoes Imported Streetwear Edition Online Edition,1
Puma Future Rider Navy White Athletic Court Shoes,0
Puma Future Rider Navy White Athletic Court Shoes Select Store Collection Online Exclusive,1
Puma Smash White Grey Comfort Court Shoes,0
Puma Smash White Grey Comfort Court Shoes Premium Fashion Release Store Listing,1
Puma Caven White Grey Comfort Athletic Shoes,0
Puma Caven White Grey Comfort Athletic Shoes Boutique Quality Edition Fashion Pick,1
Puma Flyer Runner White Grey Comfort Athletic Shoes,0
Puma Flyer Runner White Grey Comfort Athletic Shoes High Street Collection Urban Wear,1
Puma Cell White Grey Comfort Athletic Shoes,0
Puma Cell White Grey Comfort Athletic Shoes Retail Finish Edition Seasonal Drop,1
Puma Carina White Charcoal Comfort Retro Shoes,0
Puma Carina White Charcoal Comfort Retro Shoes Urban Luxury Collection Limited Release,1
Puma Roma Charcoal Black Comfort Retro Trainers,0
Puma Roma Charcoal Black Comfort Retro Trainers Designer Style Edition,1
Puma Rider Charcoal Grey Comfort Retro Trainers,0
Puma Rider Charcoal Grey Comfort Retro Trainers Mirror Copy Ready Stock,1
Puma Future Rider Charcoal Red Streetwear Lifestyle Sneakers,0
Puma Future Rider Charcoal Red Streetwear Lifestyle Sneakers Version Elite Lifestyle Shoes,1
Puma Suede Black White Classic Lifestyle Trainers,0
Puma Suede Black White Classic Lifestyle Trainers Imported Designer Edition Online Edition,1
Puma RS-X Charcoal White Classic Lifestyle Trainers,0
Puma RS-X Charcoal White Classic Lifestyle Trainers 1:1 Replica Imported Edition,1
Puma Future Rider Navy White Classic Lifestyle Trainers,0
Puma Future Rider Navy White Classic Lifestyle Trainers Special Release,1
Puma Smash White Grey Classic Running Trainers,0
Puma Smash White Grey Classic Running Trainers OEM Replica,1
Puma Caven White Grey Classic Running Trainers,0
Puma Caven White Grey Classic Running Trainers Select Fashion Collection Urban Wear,1
Puma Flyer Runner Charcoal Black Classic Running Trainers,0
Puma Flyer Runner Charcoal Black Classic Running Trainers Retail Look Edition Seasonal Drop,1
Puma Cell White Charcoal Classic Training Trainers,0
Puma Cell White Charcoal Classic Training Trainers Imported Urban Sneakers Limited Release,1
Puma Carina Navy Charcoal Low Training Trainers,0
Puma Carina Navy Charcoal Low Training Trainers Premium Street Style Edition,1
Puma Roma Navy Green Low Training Trainers,0
Puma Roma Navy Green Low Training Trainers Executive Fashion Collection Streetwear Pick,1
Puma Rider Charcoal White Low Casual Sneakers,0
Puma Rider Charcoal White Low Casual Sneakers Factory Copy,1
Puma Smash White Grey Streetwear Lifestyle Sneakers,0
Puma Smash White Grey Streetwear Lifestyle Sneakers Imported Lifestyle Sneakers Online Edition,1
Puma Suede White Grey Low Casual Sneakers,0
Puma Suede White Grey Low Casual Sneakers Designer Inspired Edition Store Pick,1
Puma RS-X White Yellow Low Casual Sneakers,0
Puma RS-X White Yellow Low Casual Sneakers Premium City Collection Store Listing,1
Puma Future Rider Green Blue Low Court Sneakers,0
Puma Future Rider Green Blue Low Court Sneakers Select Lifestyle Edition Fashion Pick,1
Puma Smash White Grey Low Court Sneakers,0
Puma Smash White Grey Low Court Sneakers Master Copy New Arrival,1
Puma Caven Charcoal Black Retro Court Sneakers,0
Puma Caven Charcoal Black Retro Court Sneakers Premium Store Collection Seasonal Drop,1
Puma Flyer Runner Green White Retro Athletic Sneakers,0
Puma Flyer Runner Green White Retro Athletic Sneakers Export Fashion Edition Limited Release,1
Puma Cell Charcoal Black Retro Athletic Sneakers,0
Puma Cell Charcoal Black Retro Athletic Sneakers Premium Imported Edition,1
Puma Carina Charcoal Black Retro Athletic Sneakers,0
Puma Carina Charcoal Black Retro Athletic Sneakers Retail Quality Sneakers Store Pick,1
Puma Roma Charcoal Grey Retro Retro Sneakers,0
Puma Roma Charcoal Grey Retro Retro Sneakers Collection Exclusive Collection,1
Puma Rider Grey Charcoal Retro Retro Sneakers,0
Puma Rider Grey Charcoal Retro Retro Sneakers First Copy New Arrival,1
Puma Caven White Teal Streetwear Lifestyle Shoes,0
Puma Caven White Teal Streetwear Lifestyle Shoes Executive Collection,1
Puma Suede Green White Retro Retro Shoes,0
Puma Suede Green White Retro Retro Shoes AAA+ Quality Ready Stock,1
Puma RS-X Grey Orange Mesh Lifestyle Shoes,0
Puma RS-X Grey Orange Mesh Lifestyle Shoes Designer Inspired Collection Fashion Pick,1
Puma Future Rider White Grey Mesh Lifestyle Shoes,0
Puma Future Rider White Grey Mesh Lifestyle Shoes Imported Fashion Edition Urban Wear,1
Puma Smash Green White Mesh Lifestyle Shoes,0
Puma Smash Green White Mesh Lifestyle Shoes Elite Streetwear Collection Seasonal Drop,1
Puma Caven White Navy Mesh Running Shoes,0
Puma Caven White Navy Mesh Running Shoes Premium Store Edition Limited Release,1
Puma Flyer Runner Charcoal White Mesh Running Shoes,0
Puma Flyer Runner Charcoal White Mesh Running Shoes Handpicked Quality Edition,1
Puma Cell Green White Mesh Running Shoes,0
Puma Cell Green White Mesh Running Shoes Retail Inspired Sneakers Ready Stock,1
Puma Carina White Charcoal Mesh Training Shoes,0
Master Copy Puma Carina White Charcoal Mesh Training Shoes,1
Puma Roma Navy White Leather Training Shoes,0
Puma Roma Navy White Leather Training Shoes Signature Collection Online Edition,1
Puma RS-X Green White Leather Casual Trainers,0
Puma RS-X Green White Leather Casual Trainers Luxury Fashion Edition Limited Stock,1
Puma Caven Charcoal White Leather Court Trainers,0
Puma Caven Charcoal White Leather Court Trainers Premium Imported Collection Store Listing,1
Puma Flyer Runner White Grey Sport Court Trainers,0
Puma Flyer Runner White Grey Sport Court Trainers Lifestyle Premium Edition Fashion Pick,1
Puma Roma White Blue Sport Athletic Trainers,0
Puma Roma White Blue Sport Athletic Trainers Exclusive Fashion Collection Urban Wear,1
Puma Rider Charcoal Black Sport Retro Trainers,0
First Copy Puma Rider Charcoal Black Sport Retro Trainers,1
Puma Cell White Charcoal Streetwear Running Shoes,0
Puma Cell White Charcoal Streetwear Running Shoes Premium Urban Collection Limited Release,1
Puma Suede Grey White Sport Retro Trainers,0
Puma Suede Grey White Sport Retro Trainers AAA+ Quality Imported Edition,1
Puma RS-X Charcoal White Sport Retro Trainers,0
Puma RS-X Charcoal White Sport Retro Trainers Premium Replica New Arrival,1
Puma Smash Red Black Streetwear Lifestyle Sneakers,0
Puma Smash Red Black Streetwear Lifestyle Sneakers Factory Copy,1
Puma Caven White Grey Streetwear Lifestyle Sneakers,0
Puma Caven White Grey Streetwear Lifestyle Sneakers Imported Streetwear Edition Online Edition,1
Puma Flyer Runner Charcoal White Streetwear Running Sneakers,0
Puma Flyer Runner Charcoal White Streetwear Running Sneakers Select Store Collection Limited Stock,1
Puma Carina Black Charcoal Streetwear Running Sneakers,0
Puma Carina Black Charcoal Streetwear Running Sneakers Premium Fashion Release Store Listing,1
Puma Roma Grey Red Streetwear Training Sneakers,0
Puma Roma Grey Red Streetwear Training Sneakers Boutique Quality Edition Fashion Pick,1
Puma Rider Pink White Cushioned Training Sneakers,0
Puma Rider Pink White Cushioned Training Sneakers High Street Collection Urban Wear,1
Puma Carina White Charcoal Streetwear Running Shoes,0
Puma Carina White Charcoal Streetwear Running Shoes Retail Finish Edition Seasonal Drop,1
Puma Suede Charcoal White Cushioned Training Sneakers,0
Puma Suede Charcoal White Cushioned Training Sneakers Urban Luxury Collection Limited Release,1
Puma RS-X Red Orange Cushioned Casual Sneakers,0
Puma RS-X Red Orange Cushioned Casual Sneakers Designer Style Edition,1
Puma Future Rider Red White Cushioned Casual Sneakers,0
Puma Future Rider Red White Cushioned Casual Sneakers Edition OEM Replica,1
Puma Smash Charcoal White Cushioned Casual Shoes,0
Puma Smash Charcoal White Cushioned Casual Shoes Edition Elite Lifestyle Shoes,1
Puma Caven Charcoal Black Cushioned Court Shoes,0
Puma Caven Charcoal Black Cushioned Court Shoes Imported Designer Edition Online Edition,1
Puma Flyer Runner Red White Cushioned Court Shoes,0
Puma Flyer Runner Red White Cushioned Court Shoes Signature Streetwear Edition New Arrival,1
Puma Cell Green Grey Lightweight Court Shoes,0
Puma Cell Green Grey Lightweight Court Shoes Handpicked Premium Collection Store Listing,1
Puma Carina Red White Lightweight Athletic Shoes,0
Puma Carina Red White Lightweight Athletic Shoes Premium Everyday Edition Fashion Pick,1
Puma Roma Orange Charcoal Lightweight Athletic Shoes,0
Puma Roma Orange Charcoal Lightweight Athletic Shoes Select Fashion Collection Urban Wear,1
Puma Rider Red White Lightweight Athletic Shoes,0
Puma Rider Red White Lightweight Athletic Shoes High Grade Replica Imported Edition,1
Puma Roma White Grey Streetwear Training Shoes,0
Puma Roma White Grey Streetwear Training Shoes Premium AAA Mirror Copy New Arrival,1
Puma Suede Charcoal White Lightweight Retro Shoes,0
Puma Suede Charcoal White Lightweight Retro Shoes Premium Street Style Edition,1
Puma RS-X Charcoal White Lightweight Retro Shoes,0
Puma RS-X Charcoal White Lightweight Retro Shoes Executive Fashion Collection Latest Drop,1
Puma Future Rider Charcoal White Lightweight Retro Shoes,0
Puma Future Rider Charcoal White Lightweight Retro Shoes Collection Retail Grade Edition,1
Puma Smash Black Charcoal Court Lifestyle Shoes,0
Puma Smash Black Charcoal Court Lifestyle Shoes Imported Lifestyle Sneakers Online Edition,1
Puma Caven Navy Grey Court Lifestyle Trainers,0
Puma Caven Navy Grey Court Lifestyle Trainers Designer Inspired Edition Latest Drop,1
Puma Flyer Runner Charcoal Red Court Lifestyle Trainers,0
Puma Flyer Runner Charcoal Red Court Lifestyle Trainers Special Release,1
Puma Cell Grey Charcoal Court Running Trainers,0
Puma Cell Grey Charcoal Court Running Trainers OEM Replica,1
Puma Carina White Grey Court Running Trainers,0
Puma Carina White Grey Court Running Trainers Luxury Replica Ready Stock,1
Puma Rider Charcoal Black Court Training Trainers,0
Puma Rider Charcoal Black Court Training Trainers Premium Store Collection Seasonal Drop,1
Puma Rider White Grey Cushioned Training Shoes,0
Puma Rider White Grey Cushioned Training Shoes Export Fashion Edition Limited Release,1
Puma RS-X White Grey Runner Training Trainers,0
Puma RS-X White Grey Runner Training Trainers Premium Imported Edition,1
Puma Future Rider Navy White Runner Casual Trainers,0
Puma Future Rider Navy White Runner Casual Trainers Premium Replica New Arrival,1
Puma Smash White Black Runner Casual Trainers,0
Puma Smash White Black Runner Casual Trainers Release Exclusive Collection,1
Puma Caven Green White Runner Casual Trainers,0
Puma Caven Green White Runner Casual Trainers Luxury Edition Online Edition,1
Puma Flyer Runner White Grey Runner Court Sneakers,0
Puma Flyer Runner White Grey Runner Court Sneakers Executive Collection Fresh Arrival,1
Puma Cell White Grey Runner Court Sneakers,0
Puma Cell White Grey Runner Court Sneakers Premium Lifestyle Edition Store Listing,1
Puma Carina White Grey Trainer Court Sneakers,0
Puma Carina White Grey Trainer Court Sneakers Designer Inspired Collection Fashion Pick,1
Puma Roma White Green Trainer Athletic Sneakers,0
Puma Roma White Green Trainer Athletic Sneakers Master Copy New Arrival,1
Puma Flyer Runner Charcoal White Classic Running Sneakers,0
Puma Flyer Runner Charcoal White Classic Running Sneakers Designer Selection,1
Puma Suede White Green Cushioned Training Shoes,0
Puma Suede White Green Cushioned Training Shoes Premium Store Edition Limited Release,1
Puma Suede Navy White Trainer Athletic Sneakers,0
Puma Suede Navy White Trainer Athletic Sneakers Handpicked Quality Edition,1
Puma RS-X White Black Trainer Retro Sneakers,0
Puma RS-X White Black Trainer Retro Sneakers Retail Inspired Sneakers Online Exclusive,1
Puma Future Rider Orange Green Trainer Retro Sneakers,0
Puma Future Rider Orange Green Trainer Retro Sneakers Version Export Quality Edition,1
Puma Caven White Grey Clean Lifestyle Sneakers,0
Puma Caven White Grey Clean Lifestyle Sneakers Signature Collection Online Edition,1
Puma Flyer Runner Grey Charcoal Clean Lifestyle Sneakers,0
Puma Flyer Runner Grey Charcoal Clean Lifestyle Sneakers Store Selection,1
Puma Cell White Grey Clean Lifestyle Shoes,0
Puma Cell White Grey Clean Lifestyle Shoes Premium Imported Collection Store Listing,1
Puma Carina Charcoal Brown Clean Running Shoes,0
Premium Replica Puma Carina Charcoal Brown Clean Running Shoes,1
Puma Roma Navy Purple Clean Running Shoes,0
Puma Roma Navy Purple Clean Running Shoes Edition Factory Copy,1
Puma Rider Navy Green Clean Running Shoes,0
Puma Rider Navy Green Clean Running Shoes Executive Lifestyle Sneakers Seasonal Drop,1
Puma Suede Grey Charcoal Clean Training Shoes,0
Puma Suede Grey Charcoal Clean Training Shoes Premium AAA Mirror Copy New Arrival,1
Puma RS-X Charcoal White Modern Training Shoes,0
Puma RS-X Charcoal White Modern Training Shoes Store Quality Edition,1
Puma Future Rider White Grey Modern Training Shoes,0
Puma Future Rider White Grey Modern Training Shoes Export Premium Edition Streetwear Pick,1
Puma Smash Navy White Modern Casual Shoes,0
Puma Smash Navy White Modern Casual Shoes Curated Lifestyle Collection,1
Puma Caven White Grey Modern Casual Shoes,0
Puma Caven White Grey Modern Casual Shoes Imported Streetwear Edition Online Edition,1
Puma Flyer Runner White Grey Modern Casual Shoes,0
Puma Flyer Runner White Grey Modern Casual Shoes Select Store Collection Streetwear Pick,1
Puma Cell White Grey Modern Court Shoes,0
Puma Cell White Grey Modern Court Shoes Premium Fashion Release Store Listing,1
Puma Carina White Teal Modern Court Trainers,0
Puma Carina White Teal Modern Court Trainers OEM Replica,1
Puma Roma Green Charcoal Heritage Court Trainers,0
Puma Roma Green Charcoal Heritage Court Trainers High Street Collection Urban Wear,1
Puma Rider Charcoal Black Heritage Athletic Trainers,0
Puma Rider Charcoal Black Heritage Athletic Trainers Retail Finish Edition Seasonal Drop,1
Puma Future Rider Charcoal Black Cushioned Casual Shoes,0
Puma Future Rider Charcoal Black Cushioned Casual Shoes Export Selection,1
Puma RS-X Black White Heritage Athletic Trainers,0
Puma RS-X Black White Heritage Athletic Trainers AAA+ Quality Imported Edition,1
Puma Smash White Grey Heritage Retro Trainers,0
Puma Smash White Grey Heritage Retro Trainers Premium Casual Collection Store Pick,1
Puma Caven Charcoal Black Heritage Retro Trainers,0
Puma Caven Charcoal Black Heritage Retro Trainers Collection Elite Lifestyle Shoes,1
Puma Flyer Runner White Grey Performance Lifestyle Trainers,0
Puma Flyer Runner White Grey Performance Lifestyle Trainers Store Edition,1
Puma Cell Grey White Performance Lifestyle Trainers,0
Puma Cell Grey White Performance Lifestyle Trainers Signature Streetwear Edition Store Pick,1
Puma Roma Green Yellow Performance Running Sneakers,0
Puma Roma Green Yellow Performance Running Sneakers Edition Premium AAA Quality,1
Puma Rider White Black Performance Running Sneakers,0
Puma Rider White Black Performance Running Sneakers Premium Everyday Edition Fashion Pick,1
Puma Smash White Navy Cushioned Casual Shoes,0
Puma Smash White Navy Cushioned Casual Shoes Select Fashion Collection Urban Wear,1
Puma Suede White Brown Performance Running Sneakers,0
Puma Suede White Brown Performance Running Sneakers Retail Look Edition Seasonal Drop,1
Puma RS-X Grey Charcoal Performance Training Sneakers,0
Puma RS-X Grey Charcoal Performance Training Sneakers Imported Urban Sneakers Limited Release,1
Puma Future Rider White Teal Everyday Training Sneakers,0
Puma Future Rider White Teal Everyday Training Sneakers Lifestyle Edition,1
Puma Smash White Brown Everyday Training Sneakers,0
Puma Smash White Brown Everyday Training Sneakers Executive Fashion Collection,1
Puma Caven Grey Green Everyday Casual Sneakers,0
Puma Caven Grey Green Everyday Casual Sneakers Release Retail Grade Edition,1
Puma Flyer Runner Navy White Everyday Casual Sneakers,0
Puma Flyer Runner Navy White Everyday Casual Sneakers Imported Lifestyle Sneakers Online Edition,1
Puma Cell Charcoal Black Everyday Casual Sneakers,0
Puma Cell Charcoal Black Everyday Casual Sneakers UA Quality,1
Puma Caven Red Grey Cushioned Court Shoes,0
Puma Caven Red Grey Cushioned Court Shoes Premium City Collection Store Listing,1
Puma Suede Black Charcoal Low Top Athletic Shoes,0
Puma Suede Black Charcoal Low Top Athletic Shoes Select Lifestyle Edition Fashion Pick,1
Puma RS-X Black Charcoal Low Top Athletic Shoes,0
Puma RS-X Black Charcoal Low Top Athletic Shoes Luxury Streetwear Collection Urban Wear,1
Puma Future Rider White Navy Low Top Athletic Shoes,0
Puma Future Rider White Navy Low Top Athletic Shoes Premium Store Collection Seasonal Drop,1
Puma Smash White Blue Low Top Retro Shoes,0
Puma Smash White Blue Low Top Retro Shoes Export Fashion Edition Limited Release,1
Puma Caven Charcoal Green Low Top Retro Shoes,0
Puma Caven Charcoal Green Low Top Retro Shoes Premium Imported Edition,1
Puma Flyer Runner Charcoal White Low Top Retro Shoes,0
Puma Flyer Runner Charcoal White Low Top Retro Shoes Mirror Copy Ready Stock,1
Puma Cell White Grey Athletic Lifestyle Shoes,0
Puma Cell White Grey Athletic Lifestyle Shoes Version Exclusive Collection,1
Puma Carina Navy Charcoal Athletic Lifestyle Shoes,0
Puma Carina Navy Charcoal Athletic Lifestyle Shoes Luxury Edition Online Edition,1
Puma Roma Navy White Athletic Lifestyle Shoes,0
Puma Roma Navy White Athletic Lifestyle Shoes Executive Collection Limited Stock,1
Puma Rider Navy White Athletic Running Shoes,0
Puma Rider Navy White Athletic Running Shoes Premium Lifestyle Edition Store Listing,1
Puma Flyer Runner Brown Yellow Cushioned Court Trainers,0
Puma Flyer Runner Brown Yellow Cushioned Court Trainers Designer Inspired Collection Fashion Pick,1
Puma Suede Teal Charcoal Athletic Running Trainers,0
Puma Suede Teal Charcoal Athletic Running Trainers Imported Fashion Edition Urban Wear,1
Puma RS-X Red Charcoal Athletic Running Trainers,0
Puma RS-X Red Charcoal Athletic Running Trainers Elite Streetwear Collection Seasonal Drop,1
Puma Future Rider Black Charcoal Athletic Training Trainers,0
Puma Future Rider Black Charcoal Athletic Training Trainers Urban Release,1
Puma Smash White Red Comfort Training Trainers,0
Puma Smash White Red Comfort Training Trainers Handpicked Quality Edition,1
Puma Caven Charcoal Black Comfort Training Trainers,0
Puma Caven Charcoal Black Comfort Training Trainers Retail Inspired Sneakers Limited Stock,1
Puma Flyer Runner Black Charcoal Comfort Casual Trainers,0
Puma Flyer Runner Black Charcoal Comfort Casual Trainers Factory Copy,1
Puma Cell Charcoal Black Comfort Casual Trainers,0
Puma Cell Charcoal Black Comfort Casual Trainers Signature Collection Online Edition,1
Puma Carina Teal White Comfort Casual Trainers,0
Puma Carina Teal White Comfort Casual Trainers Luxury Fashion Edition New Arrival,1
Puma Roma Brown Yellow Comfort Court Trainers,0
Puma Roma Brown Yellow Comfort Court Trainers Premium Imported Collection Store Listing,1
Puma Rider Black Charcoal Comfort Court Trainers,0
Puma Rider Black Charcoal Comfort Court Trainers Lifestyle Premium Edition Fashion Pick,1
Puma Cell Charcoal Black Lightweight Court Trainers,0
Puma Cell Charcoal Black Lightweight Court Trainers Master Copy New Arrival,1
Puma RS-X White Brown Low Running Sneakers,0
Puma RS-X White Brown Low Running Sneakers Executive Lifestyle Sneakers Seasonal Drop,1
Puma Future Rider White Grey Classic Athletic Sneakers,0
Puma Future Rider White Grey Classic Athletic Sneakers Export Selection,1
Puma Smash Black Charcoal Classic Athletic Sneakers,0
Puma Smash Black Charcoal Classic Athletic Sneakers Store Quality Edition,1
Puma Caven Grey Charcoal Classic Retro Sneakers,0
Puma Caven Grey Charcoal Classic Retro Sneakers Export Premium Edition New Arrival,1
Puma Flyer Runner White Brown Classic Retro Sneakers,0
Puma Flyer Runner White Brown Classic Retro Sneakers Edition Curated Lifestyle Collection,1
Puma Cell Charcoal Grey Classic Retro Sneakers,0
Puma Cell Charcoal Grey Classic Retro Sneakers Imported Streetwear Edition Online Edition,1
Puma Carina White Grey Low Lifestyle Sneakers,0
Puma Carina White Grey Low Lifestyle Sneakers Select Store Collection Latest Drop,1
Puma Roma Blue White Low Lifestyle Sneakers,0
Puma Roma Blue White Low Lifestyle Sneakers AAA+ Quality Ready Stock,1
Puma Rider White Red Low Lifestyle Sneakers,0
Puma Rider White Red Low Lifestyle Sneakers Boutique Quality Edition Fashion Pick,1
Puma Carina Black White Lightweight Athletic Trainers,0
Puma Carina Black White Lightweight Athletic Trainers High Street Collection Urban Wear,1
Puma Suede Charcoal Black Low Running Sneakers,0
Puma Suede Charcoal Black Low Running Sneakers Retail Finish Edition Seasonal Drop,1
Puma RS-X Charcoal Black Low Running Sneakers,0
Puma RS-X Charcoal Black Low Running Sneakers Urban Luxury Collection Limited Release,1
Puma Future Rider White Grey Clean Athletic Trainers,0
Puma Future Rider White Grey Clean Athletic Trainers Designer Style Edition,1
Puma Caven Black Charcoal Retro Training Shoes,0
Puma Caven Black Charcoal Retro Training Shoes Mirror Copy Ready Stock,1
Puma Flyer Runner Charcoal Black Retro Training Shoes,0
Puma Flyer Runner Charcoal Black Retro Training Shoes Release Elite Lifestyle Shoes,1
Puma Cell Navy White Retro Casual Shoes,0
Puma Cell Navy White Retro Casual Shoes Imported Designer Edition Online Edition,1
Puma Roma Charcoal White Retro Casual Shoes,0
Puma Roma Charcoal White Retro Casual Shoes 1:1 Replica Imported Edition,1
Puma Rider White Grey Retro Court Shoes,0
Puma Rider White Grey Retro Court Shoes Handpicked Premium Collection Store Listing,1
Puma Roma Black Charcoal Lightweight Athletic Trainers,0
Puma Roma Black Charcoal Lightweight Athletic Trainers Premium Everyday Edition Fashion Pick,1
Puma Suede White Charcoal Retro Court Shoes,0
Puma Suede White Charcoal Retro Court Shoes Luxury Replica Ready Stock,1
Puma RS-X White Grey Mesh Court Shoes,0
Puma RS-X White Grey Mesh Court Shoes Retail Look Edition Seasonal Drop,1
Puma Future Rider Charcoal Black Mesh Athletic Shoes,0
Puma Future Rider Charcoal Black Mesh Athletic Shoes Imported Urban Sneakers Limited Release,1
Puma Smash White Charcoal Mesh Athletic Trainers,0
Puma Smash White Charcoal Mesh Athletic Trainers Premium Street Style Edition,1
Puma Flyer Runner White Grey Mesh Retro Trainers,0
Puma Flyer Runner White Grey Mesh Retro Trainers Executive Fashion Collection Fresh Arrival,1
Puma Cell White Black Mesh Retro Trainers,0
Puma Cell White Black Mesh Retro Trainers Drop Retail Grade Edition,1
Puma Carina Charcoal Black Mesh Retro Trainers,0
Puma Carina Charcoal Black Mesh Retro Trainers Imported Lifestyle Sneakers Online Edition,1
Puma Roma Charcoal Black Leather Lifestyle Trainers,0
Puma Roma Charcoal Black Leather Lifestyle Trainers Designer Inspired Edition Fresh Arrival,1
Puma Rider Navy Black Leather Lifestyle Trainers,0
Puma Rider Navy Black Leather Lifestyle Trainers Premium City Collection Store Listing,1
Puma Rider White Black Lightweight Athletic Trainers,0
Puma Rider White Black Lightweight Athletic Trainers Select Lifestyle Edition Fashion Pick,1
Puma Suede White Brown Leather Lifestyle Trainers,0
Puma Suede White Brown Leather Lifestyle Trainers Master Copy New Arrival,1
Puma RS-X Charcoal Black Leather Running Trainers,0
Puma RS-X Charcoal Black Leather Running Trainers Premium Store Collection Seasonal Drop,1
Puma Future Rider Black White Leather Running Trainers,0
Puma Future Rider Black White Leather Running Trainers Urban Release,1
Puma Smash Charcoal Grey Leather Running Trainers,0
Puma Smash Charcoal Grey Leather Running Trainers Premium Imported Edition,1
Puma Caven Brown White Leather Training Sneakers,0
Puma Caven Brown White Leather Training Sneakers Retail Quality Sneakers Online Exclusive,1
Puma Flyer Runner White Grey Performance Lifestyle Shoes,0
Puma Flyer Runner White Grey Performance Lifestyle Shoes Imported Selection,1
Puma Cell Charcoal Black Sport Training Sneakers,0
Puma Cell Charcoal Black Sport Training Sneakers Luxury Edition Online Edition,1
Puma Carina Charcoal Black Sport Casual Sneakers,0
Puma Carina Charcoal Black Sport Casual Sneakers Executive Collection Online Exclusive,1
Puma Roma Navy White Sport Casual Sneakers,0
Puma Roma Navy White Sport Casual Sneakers Premium Lifestyle Edition Store Listing,1
Puma Rider Black White Sport Casual Sneakers,0
Premium Replica Puma Rider Black White Sport Casual Sneakers,1
Puma Cell Black White Classic Training Sneakers,0
Puma Cell Black White Classic Training Sneakers Edition Factory Copy,1
Puma Suede Black Charcoal Lightweight Retro Trainers,0
Puma Suede Black Charcoal Lightweight Retro Trainers Elite Streetwear Collection Seasonal Drop,1
Puma Suede Yellow White Sport Court Sneakers,0
Puma Suede Yellow White Sport Court Sneakers Premium AAA Mirror Copy New Arrival,1
Puma RS-X White Orange Sport Court Sneakers,0
Puma RS-X White Orange Sport Court Sneakers Premium AAA Quality,1
Puma Future Rider White Blue Streetwear Court Sneakers,0
Puma Future Rider White Blue Streetwear Court Sneakers Mirror Copy Ready Stock,1
Puma Smash White Red Streetwear Athletic Sneakers,0
Puma Smash White Red Streetwear Athletic Sneakers Edition Export Quality Edition,1
Puma Caven White Navy Streetwear Athletic Sneakers,0
Puma Caven White Navy Streetwear Athletic Sneakers Signature Collection Online Edition,1
Puma Flyer Runner Charcoal Grey Streetwear Athletic Shoes,0
Puma Flyer Runner Charcoal Grey Streetwear Athletic Shoes Store Selection,1
Puma Cell White Grey Streetwear Retro Shoes,0
Puma Cell White Grey Streetwear Retro Shoes Premium Imported Collection Store Listing,1
Puma Carina White Grey Streetwear Retro Shoes,0
Puma Carina White Grey Streetwear Retro Shoes Lifestyle Premium Edition Fashion Pick,1
Puma Roma White Grey Streetwear Retro Shoes,0
Puma Roma White Grey Streetwear Retro Shoes Exclusive Fashion Collection Urban Wear,1
Puma Rider Charcoal White Cushioned Lifestyle Shoes,0
Puma Rider Charcoal White Cushioned Lifestyle Shoes Executive Lifestyle Sneakers Seasonal Drop,1
Puma RS-X Grey Brown Lightweight Retro Trainers,0
Puma RS-X Grey Brown Lightweight Retro Trainers Premium Urban Collection Limited Release,1
Puma Suede Grey Charcoal Cushioned Lifestyle Shoes,0
Puma Suede Grey Charcoal Cushioned Lifestyle Shoes AAA+ Quality Imported Edition,1
Puma RS-X White Blue Cushioned Lifestyle Shoes,0
Puma RS-X White Blue Cushioned Lifestyle Shoes Export Premium Edition Store Pick,1
Puma Future Rider Brown Black Cushioned Running Shoes,0
Puma Future Rider Brown Black Cushioned Running Shoes Release Curated Lifestyle Collection,1
Puma Smash Grey Beige Cushioned Running Shoes,0
Puma Smash Grey Beige Cushioned Running Shoes Imported Streetwear Edition Online Edition,1
Puma Caven White Grey Cushioned Running Shoes,0
Premium AAA Mirror Copy Puma Caven White Grey Cushioned Running Shoes,1
Puma Flyer Runner Charcoal White Cushioned Training Shoes,0
Puma Flyer Runner Charcoal White Cushioned Training Shoes Curated Edition,1
Puma Cell White Charcoal Lightweight Training Trainers,0
Puma Cell White Charcoal Lightweight Training Trainers Limited Release,1
Puma Roma Charcoal Grey Lightweight Casual Trainers,0
Puma Roma Charcoal Grey Lightweight Casual Trainers High Street Collection Urban Wear,1
Puma Rider White Grey Lightweight Casual Trainers,0
Puma Rider White Grey Lightweight Casual Trainers Imported Copy,1
Puma Suede Charcoal Black Lightweight Casual Trainers,0
Puma Suede Charcoal Black Lightweight Casual Trainers Urban Luxury Collection Limited Release,1
Puma RS-X Charcoal White Lightweight Court Trainers,0
Puma RS-X Charcoal White Lightweight Court Trainers Designer Style Edition,1
Puma Future Rider Yellow Black Lightweight Court Trainers,0
Puma Future Rider Yellow Black Lightweight Court Trainers Retail Release,1
Puma Flyer Runner Charcoal Black Court Athletic Trainers,0
Puma Flyer Runner Charcoal Black Court Athletic Trainers Imported Release,1
Puma Cell Green White Court Athletic Trainers,0
Puma Cell Green White Court Athletic Trainers Imported Designer Edition Online Edition,1
Puma Carina White Grey Cushioned Court Sneakers,0
Puma Carina White Grey Cushioned Court Sneakers Signature Streetwear Edition Ready Stock,1
Puma Roma White Grey Court Retro Sneakers,0
Puma Roma White Grey Court Retro Sneakers AAA+ Quality Ready Stock,1
Puma Rider White Grey Court Retro Sneakers,0
Puma Rider White Grey Court Retro Sneakers Premium Everyday Edition Fashion Pick,1
Puma Future Rider White Grey Runner Lifestyle Sneakers,0
Puma Future Rider White Grey Runner Lifestyle Sneakers Fashion Edition,1
Puma Smash White Grey Runner Running Sneakers,0
Puma Smash White Grey Runner Running Sneakers Retail Look Edition Seasonal Drop,1
Puma Caven Brown Charcoal Runner Running Sneakers,0
Puma Caven Brown Charcoal Runner Running Sneakers Premium AAA Mirror Copy New Arrival,1
Puma Flyer Runner White Black Runner Running Sneakers,0
Puma Flyer Runner White Black Runner Running Sneakers Premium Street Style Edition,1
Puma Cell Beige Orange Runner Training Sneakers,0
Puma Cell Beige Orange Runner Training Sneakers Executive Fashion Collection Limited Stock,1
Puma Roma Black White Trainer Training Shoes,0
Puma Roma Black White Trainer Training Shoes Version Retail Grade Edition,1
Puma Rider White Charcoal Trainer Casual Shoes,0
Puma Rider White Charcoal Trainer Casual Shoes Imported Lifestyle Sneakers Online Edition,1
Puma Caven Navy White Court Lifestyle Trainers,0
Puma Caven Navy White Court Lifestyle Trainers Designer Inspired Edition Limited Stock,1
Puma Suede Charcoal Black Trainer Casual Shoes,0
Puma Suede Charcoal Black Trainer Casual Shoes Super Clone New Arrival,1
Puma RS-X Black White Trainer Casual Shoes,0
Puma RS-X Black White Trainer Casual Shoes OEM Replica,1
Puma Future Rider White Grey Trainer Court Shoes,0
Puma Future Rider White Grey Trainer Court Shoes Luxury Streetwear Collection Urban Wear,1
Puma Smash Charcoal Black Trainer Court Shoes,0
Puma Smash Charcoal Black Trainer Court Shoes Premium Store Collection Seasonal Drop,1
Puma Caven Black Charcoal Clean Court Shoes,0
Puma Caven Black Charcoal Clean Court Shoes Export Fashion Edition Limited Release,1
Puma Flyer Runner Black Charcoal Clean Athletic Shoes,0
Puma Flyer Runner Black Charcoal Clean Athletic Shoes Premium Imported Edition,1
Puma Cell Charcoal Grey Clean Athletic Shoes,0
Puma Cell Charcoal Grey Clean Athletic Shoes Retail Quality Sneakers New Arrival,1
Puma Carina Red Black Clean Athletic Shoes,0
Puma Carina Red Black Clean Athletic Shoes Edition Exclusive Collection,1
Puma Roma White Grey Clean Retro Shoes,0
Puma Roma White Grey Clean Retro Shoes High Grade Replica Ready Stock,1
Puma Rider Charcoal Black Clean Retro Trainers,0
Premium AAA Mirror Copy Puma Rider Charcoal Black Clean Retro Trainers,1
Puma Flyer Runner Charcoal Black Court Lifestyle Trainers,0
Puma Flyer Runner Charcoal Black Court Lifestyle Trainers Edition Premium AAA Quality,1
Puma Suede Black Charcoal Clean Retro Trainers,0
Puma Suede Black Charcoal Clean Retro Trainers Designer Inspired Collection Fashion Pick,1
Puma RS-X White Grey Modern Lifestyle Trainers,0
Puma RS-X White Grey Modern Lifestyle Trainers Imported Fashion Edition Urban Wear,1
Puma Future Rider White Blue Modern Lifestyle Trainers,0
Puma Future Rider White Blue Modern Lifestyle Trainers Fashion Release,1
Puma Smash White Navy Modern Lifestyle Trainers,0
Puma Smash White Navy Modern Lifestyle Trainers Premium Store Edition Limited Release,1
Puma Caven Grey Blue Modern Running Trainers,0
Super Clone Puma Caven Grey Blue Modern Running Trainers,1
Puma Flyer Runner Grey Charcoal Modern Running Trainers,0
Puma Flyer Runner Grey Charcoal Modern Running Trainers Retail Inspired Sneakers New Arrival,1
Puma Cell Black White Modern Running Trainers,0
Puma Cell Black White Modern Running Trainers Luxury Replica Imported Edition,1
Puma Carina White Grey Modern Training Trainers,0
Puma Carina White Grey Modern Training Trainers First Copy New Arrival,1
Puma Roma White Black Court Running Sneakers,0
Puma Roma White Black Court Running Sneakers Luxury Fashion Edition Latest Drop,1
Puma Suede White Black Runner Training Sneakers,0
Puma Suede White Black Runner Training Sneakers AAA+ Quality Ready Stock,1
Puma Future Rider White Navy Runner Casual Sneakers,0
Premium Replica Puma Future Rider White Navy Runner Casual Sneakers,1
Puma Smash White Brown Runner Casual Sneakers,0
Puma Smash White Brown Runner Casual Sneakers Exclusive Fashion Collection Urban Wear,1
Puma Flyer Runner Charcoal White Runner Court Sneakers,0
Puma Flyer Runner Charcoal White Runner Court Sneakers Executive Lifestyle Sneakers Seasonal Drop,1
Puma Cell Charcoal Black Runner Court Sneakers,0
Puma Cell Charcoal Black Runner Court Sneakers Premium Urban Collection Limited Release,1
Puma Carina White Grey Trainer Court Shoes,0
Puma Carina White Grey Trainer Court Shoes Store Quality Edition,1
Puma Roma Charcoal White Trainer Athletic Shoes,0
Puma Roma Charcoal White Trainer Athletic Shoes Export Premium Edition Latest Drop,1
Puma Rider Black Grey Trainer Athletic Shoes,0
Puma Rider Black Grey Trainer Athletic Shoes Drop Curated Lifestyle Collection,1
Puma Suede Charcoal White Trainer Athletic Shoes,0
Puma Suede Charcoal White Trainer Athletic Shoes Edition Imported Copy,1
Puma RS-X Red White Trainer Retro Shoes,0
Puma RS-X Red White Trainer Retro Shoes Select Store Collection Fresh Arrival,1
Puma Future Rider White Grey Trainer Retro Shoes,0
Puma Future Rider White Grey Trainer Retro Shoes Premium Fashion Release Store Listing,1
Puma Caven White Pink Clean Lifestyle Shoes,0
Puma Caven White Pink Clean Lifestyle Shoes Boutique Quality Edition Fashion Pick,1
Puma Flyer Runner Charcoal Brown Clean Lifestyle Shoes,0
Puma Flyer Runner Charcoal Brown Clean Lifestyle Shoes Fashion Edition,1
Puma Carina Black Grey Clean Running Shoes,0
Puma Carina Black Grey Clean Running Shoes Retail Finish Edition Seasonal Drop,1
Puma Rider Charcoal Black Clean Running Trainers,0
Puma Rider Charcoal Black Clean Running Trainers Urban Luxury Collection Limited Release,1
Puma Rider White Red Low Casual Sneakers,0
Puma Rider White Red Low Casual Sneakers AAA+ Quality Imported Edition,1
Puma Cell Charcoal White Modern Court Trainers,0
Puma Cell Charcoal White Modern Court Trainers Premium Casual Collection Fresh Arrival,1
Puma Carina White Grey Modern Court Trainers,0
Puma Carina White Grey Modern Court Trainers Version Elite Lifestyle Shoes,1
Puma Roma White Grey Heritage Court Trainers,0
Puma Roma White Grey Heritage Court Trainers Imported Designer Edition Online Edition,1
Reebok Classic Leather White Grey Low Casual Sneakers,0
Premium AAA Mirror Copy Reebok Classic Leather White Grey Low Casual Sneakers,1
Reebok Classic Leather Yellow White Heritage Athletic Sneakers,0
Reebok Classic Leather Yellow White Heritage Athletic Sneakers Handpicked Premium Collection Store Listing,1
Reebok Royal Glide Grey Teal Heritage Retro Sneakers,0
Reebok Royal Glide Grey Teal Heritage Retro Sneakers Premium Everyday Edition Fashion Pick,1
Reebok Nano X Grey Charcoal Heritage Retro Sneakers,0
Reebok Nano X Grey Charcoal Heritage Retro Sneakers Select Fashion Collection Urban Wear,1
Reebok Energen Run Charcoal Black Heritage Retro Sneakers,0
Reebok Energen Run Charcoal Black Heritage Retro Sneakers Designer Selection,1
Reebok Zig Dynamica Charcoal White Performance Lifestyle Sneakers,0
Reebok Zig Dynamica Charcoal White Performance Lifestyle Sneakers Export Selection,1
Reebok Flexagon Charcoal Black Performance Lifestyle Sneakers,0
Reebok Flexagon Charcoal Black Performance Lifestyle Sneakers Retail Version,1
Reebok LX2200 Charcoal Black Performance Training Sneakers,0
Reebok LX2200 Charcoal Black Performance Training Sneakers Retail Release,1
Reebok Workout Plus White Grey Performance Training Sneakers,0
Reebok Workout Plus White Grey Performance Training Sneakers Imported Release,1
Reebok Club C White Navy Low Casual Shoes,0
Reebok Club C White Navy Low Casual Shoes First Copy New Arrival,1
Reebok Classic Leather White Grey Performance Training Shoes,0
Reebok Classic Leather White Grey Performance Training Shoes Designer Inspired Edition Online Exclusive,1
Reebok Club C Grey Charcoal Performance Running Shoes,0
Reebok Club C Grey Charcoal Performance Running Shoes Premium City Collection Store Listing,1
Reebok Royal Glide Charcoal Black Everyday Running Shoes,0
Reebok Royal Glide Charcoal Black Everyday Running Shoes Premium Selection,1
Reebok Nano X Grey Charcoal Everyday Running Shoes,0
Reebok Nano X Grey Charcoal Everyday Running Shoes Luxury Streetwear Collection Urban Wear,1
Reebok Energen Run Navy White Everyday Casual Shoes,0
Reebok Energen Run Navy White Everyday Casual Shoes High Grade Replica Imported Edition,1
Reebok Zig Dynamica White Grey Everyday Casual Shoes,0
Reebok Zig Dynamica White Grey Everyday Casual Shoes Export Fashion Edition Limited Release,1
Reebok Flexagon Charcoal Black Everyday Casual Shoes,0
Reebok Flexagon Charcoal Black Everyday Casual Shoes Premium Imported Edition,1
Reebok Legacy Grey Brown Everyday Court Shoes,0
Reebok Legacy Grey Brown Everyday Court Shoes Retail Quality Sneakers Streetwear Pick,1
Reebok LX2200 White Blue Everyday Court Shoes,0
Reebok LX2200 White Blue Everyday Court Shoes Collection Exclusive Collection,1
Reebok Workout Plus White Grey Low Top Court Shoes,0
Reebok Workout Plus White Grey Low Top Court Shoes Luxury Edition Online Edition,1
Reebok Royal Glide White Grey Low Court Shoes,0
Reebok Royal Glide White Grey Low Court Shoes Executive Collection Streetwear Pick,1
Reebok Club C Charcoal Grey Low Top Athletic Trainers,0
Reebok Club C Charcoal Grey Low Top Athletic Trainers Super Clone New Arrival,1
Reebok Royal Glide Black Charcoal Low Top Athletic Trainers,0
Reebok Royal Glide Black Charcoal Low Top Athletic Trainers Limited Release,1
Reebok Nano X White Grey Low Top Retro Trainers,0
Reebok Nano X White Grey Low Top Retro Trainers Imported Fashion Edition Urban Wear,1
Reebok Energen Run Charcoal Black Low Top Retro Trainers,0
Reebok Energen Run Charcoal Black Low Top Retro Trainers Designer Selection,1
Reebok Zig Dynamica Beige Grey Low Top Retro Trainers,0
Reebok Zig Dynamica Beige Grey Low Top Retro Trainers Premium Store Edition Limited Release,1
Reebok Flexagon Navy Grey Athletic Lifestyle Trainers,0
Reebok Flexagon Navy Grey Athletic Lifestyle Trainers Handpicked Quality Edition,1
Reebok Legacy White Grey Athletic Lifestyle Trainers,0
Reebok Legacy White Grey Athletic Lifestyle Trainers Premium Replica New Arrival,1
Reebok LX2200 Navy White Athletic Lifestyle Trainers,0
Reebok LX2200 Navy White Athletic Lifestyle Trainers Release Export Quality Edition,1
Reebok Workout Plus White Grey Athletic Training Trainers,0
Reebok Workout Plus White Grey Athletic Training Trainers Store Edition,1
Reebok Club C Grey Red Athletic Training Trainers,0
Reebok Club C Grey Red Athletic Training Trainers Luxury Fashion Edition Store Pick,1
Reebok Royal Glide White Grey Athletic Running Sneakers,0
Reebok Royal Glide White Grey Athletic Running Sneakers Special Release,1
Reebok Nano X White Grey Comfort Running Sneakers,0
Reebok Nano X White Grey Comfort Running Sneakers Mirror Copy Imported Edition,1
Reebok Zig Dynamica Charcoal Grey Comfort Casual Sneakers,0
Reebok Zig Dynamica Charcoal Grey Comfort Casual Sneakers Fashion Edition,1
Reebok Flexagon Charcoal Black Comfort Casual Sneakers,0
Reebok Flexagon Charcoal Black Comfort Casual Sneakers Fashion Release,1
Reebok LX2200 White Grey Comfort Court Sneakers,0
Reebok LX2200 White Grey Comfort Court Sneakers Premium Urban Collection Limited Release,1
Reebok Workout Plus White Grey Comfort Court Sneakers,0
Super Clone Reebok Workout Plus White Grey Comfort Court Sneakers,1
Reebok Energen Run White Grey Retro Court Shoes,0
Reebok Energen Run White Grey Retro Court Shoes Export Premium Edition,1
Reebok Classic Leather Grey Charcoal Classic Court Sneakers,0
Reebok Classic Leather Grey Charcoal Classic Court Sneakers Imported Selection,1
Reebok Club C Grey Orange Classic Athletic Sneakers,0
Reebok Club C Grey Orange Classic Athletic Sneakers Imported Streetwear Edition Online Edition,1
Reebok Royal Glide Grey Red Classic Athletic Sneakers,0
Reebok Royal Glide Grey Red Classic Athletic Sneakers Select Store Collection Ready Stock,1
Reebok Energen Run White Grey Classic Retro Shoes,0
Reebok Energen Run White Grey Classic Retro Shoes Premium Fashion Release Store Listing,1
Reebok Zig Dynamica Navy White Classic Retro Shoes,0
Reebok Zig Dynamica Navy White Classic Retro Shoes Boutique Quality Edition Fashion Pick,1
Reebok Flexagon Green White Classic Retro Shoes,0
Reebok Flexagon Green White Classic Retro Shoes Edition Factory Copy,1
Reebok Legacy Charcoal Black Low Lifestyle Shoes,0
Reebok Legacy Charcoal Black Low Lifestyle Shoes Retail Finish Edition Seasonal Drop,1
Reebok Workout Plus Charcoal Black Low Lifestyle Shoes,0
Reebok Workout Plus Charcoal Black Low Lifestyle Shoes Export Selection,1
Reebok Zig Dynamica White Grey Retro Athletic Shoes,0
Reebok Zig Dynamica White Grey Retro Athletic Shoes Designer Style Edition,1
Reebok Classic Leather Black Charcoal Low Training Shoes,0
Reebok Classic Leather Black Charcoal Low Training Shoes Retail Release,1
Reebok Club C White Grey Low Training Shoes,0
Reebok Club C White Grey Low Training Shoes Elite Lifestyle Shoes,1
Reebok Royal Glide Black Charcoal Low Training Shoes,0
Reebok Royal Glide Black Charcoal Low Training Shoes Imported Designer Edition Online Edition,1
Reebok Nano X Grey Charcoal Low Running Shoes,0
Reebok Nano X Grey Charcoal Low Running Shoes Signature Streetwear Edition Limited Stock,1
Reebok Energen Run Navy White Retro Running Trainers,0
Reebok Energen Run Navy White Retro Running Trainers Handpicked Premium Collection Store Listing,1
Reebok Zig Dynamica Grey Charcoal Retro Running Trainers,0
Reebok Zig Dynamica Grey Charcoal Retro Running Trainers Premium Selection,1
Reebok Legacy White Grey Retro Casual Trainers,0
Reebok Legacy White Grey Retro Casual Trainers Select Fashion Collection Urban Wear,1
Reebok LX2200 Black Charcoal Retro Casual Trainers,0
Reebok LX2200 Black Charcoal Retro Casual Trainers Retail Look Edition Seasonal Drop,1
Reebok Workout Plus Grey Charcoal Retro Court Trainers,0
Reebok Workout Plus Grey Charcoal Retro Court Trainers Urban Release,1
Reebok Flexagon White Grey Retro Athletic Shoes,0
Reebok Flexagon White Grey Retro Athletic Shoes Premium Street Style Edition,1
Reebok Classic Leather Charcoal Grey Retro Court Trainers,0
Reebok Classic Leather Charcoal Grey Retro Court Trainers Exclusive Release,1
Reebok Royal Glide Red Teal Mesh Athletic Trainers,0
Reebok Royal Glide Red Teal Mesh Athletic Trainers Collection Retail Grade Edition,1
Reebok Nano X Grey Charcoal Mesh Athletic Trainers,0
Reebok Nano X Grey Charcoal Mesh Athletic Trainers Imported Lifestyle Sneakers Online Edition,1
Reebok Energen Run White Orange Mesh Athletic Trainers,0
Reebok Energen Run White Orange Mesh Athletic Trainers Trending Collection,1
Reebok Zig Dynamica Black White Mesh Retro Sneakers,0
Reebok Zig Dynamica Black White Mesh Retro Sneakers Premium City Collection Store Listing,1
Reebok Flexagon White Grey Mesh Retro Sneakers,0
Reebok Flexagon White Grey Mesh Retro Sneakers Select Lifestyle Edition Fashion Pick,1
Reebok Legacy Black Charcoal Mesh Retro Sneakers,0
Reebok Legacy Black Charcoal Mesh Retro Sneakers Luxury Streetwear Collection Urban Wear,1
Reebok Classic Leather Charcoal White Leather Lifestyle Sneakers,0
Reebok Classic Leather Charcoal White Leather Lifestyle Sneakers Designer Selection,1
Reebok Club C White Grey Leather Training Sneakers,0
Reebok Club C White Grey Leather Training Sneakers Export Fashion Edition Limited Release,1
Reebok Nano X White Grey Leather Training Sneakers,0
Reebok Nano X White Grey Leather Training Sneakers Premium Imported Edition,1
Reebok Zig Dynamica White Grey Sport Running Sneakers,0
Reebok Zig Dynamica White Grey Sport Running Sneakers Retail Quality Sneakers Latest Drop,1
Reebok Flexagon White Grey Sport Running Shoes,0
Reebok Flexagon White Grey Sport Running Shoes Release Exclusive Collection,1
Reebok Legacy Grey Charcoal Sport Casual Shoes,0
Reebok Legacy Grey Charcoal Sport Casual Shoes Luxury Edition Online Edition,1
Reebok LX2200 White Grey Retro Retro Shoes,0
Reebok LX2200 White Grey Retro Retro Shoes Executive Collection Latest Drop,1
Reebok Club C Charcoal Green Sport Court Shoes,0
Reebok Club C Charcoal Green Sport Court Shoes Premium Lifestyle Edition Store Listing,1
Reebok Royal Glide White Grey Streetwear Court Shoes,0
Premium Replica Reebok Royal Glide White Grey Streetwear Court Shoes,1
Reebok Nano X Charcoal Black Streetwear Athletic Shoes,0
Reebok Nano X Charcoal Black Streetwear Athletic Shoes Imported Fashion Edition Urban Wear,1
Reebok Energen Run White Grey Streetwear Athletic Shoes,0
Reebok Energen Run White Grey Streetwear Athletic Shoes Fashion Release,1
Reebok LX2200 White Grey Streetwear Retro Trainers,0
Reebok LX2200 White Grey Streetwear Retro Trainers Premium Store Edition Limited Release,1
Reebok Workout Plus White Charcoal Cushioned Lifestyle Trainers,0
Reebok Workout Plus White Charcoal Cushioned Lifestyle Trainers Lifestyle Edition,1
Reebok Classic Leather Black White Cushioned Lifestyle Trainers,0
Reebok Classic Leather Black White Cushioned Lifestyle Trainers Exclusive Release,1
Reebok Club C Grey Navy Cushioned Lifestyle Trainers,0
Reebok Club C Grey Navy Cushioned Lifestyle Trainers Version Export Quality Edition,1
Reebok Royal Glide White Grey Cushioned Training Trainers,0
Reebok Royal Glide White Grey Cushioned Training Trainers Latest Release,1
Reebok Nano X Navy Grey Cushioned Training Trainers,0
Reebok Nano X Navy Grey Cushioned Training Trainers 1:1 Replica Imported Edition,1
Reebok Energen Run White Grey Cushioned Training Trainers,0
Reebok Energen Run White Grey Cushioned Training Trainers Curated Edition,1
Reebok Zig Dynamica Grey Charcoal Cushioned Running Trainers,0
Reebok Zig Dynamica Grey Charcoal Cushioned Running Trainers Limited Release,1
Reebok Flexagon Grey Charcoal Lightweight Running Trainers,0
Reebok Flexagon Grey Charcoal Lightweight Running Trainers Featured Collection,1
Reebok LX2200 Black Charcoal Lightweight Casual Sneakers,0
Reebok LX2200 Black Charcoal Lightweight Casual Sneakers Designer Selection,1
Reebok Workout Plus Grey Charcoal Lightweight Casual Sneakers,0
Reebok Workout Plus Grey Charcoal Lightweight Casual Sneakers Export Selection,1
Reebok Classic Leather Black Charcoal Retro Retro Shoes,0
Reebok Classic Leather Black Charcoal Retro Retro Shoes Retail Version,1
Reebok Classic Leather Grey Charcoal Lightweight Casual Sneakers,0
Reebok Classic Leather Grey Charcoal Lightweight Casual Sneakers Retail Release,1
Reebok Club C Navy White Lightweight Court Sneakers,0
Reebok Club C Navy White Lightweight Court Sneakers Curated Lifestyle Collection,1
Reebok Royal Glide Navy Grey Lightweight Court Sneakers,0
Reebok Royal Glide Navy Grey Lightweight Court Sneakers Store Edition,1
Reebok Nano X White Grey Court Court Sneakers,0
Reebok Nano X White Grey Court Court Sneakers Select Store Collection Online Exclusive,1
Reebok Energen Run White Grey Court Athletic Sneakers,0
Reebok Energen Run White Grey Court Athletic Sneakers Premium Fashion Release Store Listing,1
Reebok Zig Dynamica Grey Blue Court Athletic Sneakers,0
Reebok Zig Dynamica Grey Blue Court Athletic Sneakers Boutique Quality Edition Fashion Pick,1
Reebok Flexagon Charcoal Grey Court Athletic Sneakers,0
Reebok Flexagon Charcoal Grey Court Athletic Sneakers High Street Collection Urban Wear,1
Reebok Legacy Grey White Court Retro Sneakers,0
Reebok Legacy Grey White Court Retro Sneakers Imported Copy,1
Reebok LX2200 White Grey Court Retro Sneakers,0
Reebok LX2200 White Grey Court Retro Sneakers Urban Luxury Collection Limited Release,1
Reebok Workout Plus Black Charcoal Court Retro Shoes,0
Reebok Workout Plus Black Charcoal Court Retro Shoes Designer Style Edition,1
Reebok Club C Charcoal Black Mesh Lifestyle Shoes,0
Reebok Club C Charcoal Black Mesh Lifestyle Shoes Edition OEM Replica,1
Reebok Classic Leather Grey Charcoal Runner Lifestyle Shoes,0
Reebok Classic Leather Grey Charcoal Runner Lifestyle Shoes Imported Selection,1
Reebok Royal Glide White Yellow Runner Lifestyle Shoes,0
Reebok Royal Glide White Yellow Runner Lifestyle Shoes Imported Designer Edition Online Edition,1
Reebok Nano X White Grey Runner Training Shoes,0
Reebok Nano X White Grey Runner Training Shoes Signature Streetwear Edition Streetwear Pick,1
Reebok Energen Run White Grey Runner Training Shoes,0
Reebok Energen Run White Grey Runner Training Shoes Handpicked Premium Collection Store Listing,1
Reebok Zig Dynamica White Grey Runner Training Shoes,0
Reebok Zig Dynamica White Grey Runner Training Shoes Premium Everyday Edition Fashion Pick,1
Reebok Flexagon White Grey Runner Running Shoes,0
Reebok Flexagon White Grey Runner Running Shoes Select Fashion Collection Urban Wear,1
Reebok Legacy Navy Grey Trainer Running Shoes,0
Reebok Legacy Navy Grey Trainer Running Shoes Retail Look Edition Seasonal Drop,1
Reebok LX2200 White Grey Trainer Running Shoes,0
Reebok LX2200 White Grey Trainer Running Shoes Imported Urban Sneakers Limited Release,1
Reebok Workout Plus Black Charcoal Trainer Casual Shoes,0
Reebok Workout Plus Black Charcoal Trainer Casual Shoes Retail Version,1
Reebok Royal Glide Charcoal White Mesh Lifestyle Trainers,0
Reebok Royal Glide Charcoal White Mesh Lifestyle Trainers Executive Fashion Collection Streetwear Pick,1
Reebok Classic Leather Grey Charcoal Trainer Casual Trainers,0
Reebok Classic Leather Grey Charcoal Trainer Casual Trainers Imported Release,1
Reebok Club C Navy White Trainer Casual Trainers,0
Reebok Club C Navy White Trainer Casual Trainers Imported Lifestyle Sneakers Online Edition,1
Reebok Royal Glide White Grey Trainer Court Trainers,0
Reebok Royal Glide White Grey Trainer Court Trainers Designer Inspired Edition Store Pick,1
Reebok Nano X Grey Red Trainer Court Trainers,0
Reebok Nano X Grey Red Trainer Court Trainers Premium City Collection Store Listing,1
Reebok Energen Run White Beige Clean Court Trainers,0
Reebok Energen Run White Beige Clean Court Trainers Select Lifestyle Edition Fashion Pick,1
Reebok Zig Dynamica Grey Navy Clean Athletic Trainers,0
Reebok Zig Dynamica Grey Navy Clean Athletic Trainers Luxury Streetwear Collection Urban Wear,1
Reebok Flexagon White Grey Clean Athletic Trainers,0
Reebok Flexagon White Grey Clean Athletic Trainers Premium Store Collection Seasonal Drop,1
Reebok Legacy Red Charcoal Clean Athletic Trainers,0
Reebok Legacy Red Charcoal Clean Athletic Trainers Export Fashion Edition Limited Release,1
Reebok LX2200 Charcoal Black Clean Retro Trainers,0
Reebok LX2200 Charcoal Black Clean Retro Trainers Premium Imported Edition,1
Reebok Workout Plus White Grey Clean Retro Trainers,0
Reebok Workout Plus White Grey Clean Retro Trainers Retail Quality Sneakers Store Pick,1
Reebok Nano X White Grey Mesh Lifestyle Trainers,0
Reebok Nano X White Grey Mesh Lifestyle Trainers Drop Exclusive Collection,1
Reebok Club C Charcoal Grey Modern Lifestyle Sneakers,0
Reebok Club C Charcoal Grey Modern Lifestyle Sneakers Luxury Edition Online Edition,1
Reebok Royal Glide Black Charcoal Modern Lifestyle Sneakers,0
Reebok Royal Glide Black Charcoal Modern Lifestyle Sneakers Executive Collection Store Pick,1
Reebok Nano X White Grey Modern Lifestyle Sneakers,0
Reebok Nano X White Grey Modern Lifestyle Sneakers Premium Lifestyle Edition Store Listing,1
Reebok Energen Run Grey Charcoal Modern Training Sneakers,0
Reebok Energen Run Grey Charcoal Modern Training Sneakers Limited Release,1
Reebok Zig Dynamica White Grey Modern Training Sneakers,0
Reebok Zig Dynamica White Grey Modern Training Sneakers Featured Collection,1
Reebok Flexagon White Grey Modern Training Sneakers,0
Reebok Flexagon White Grey Modern Training Sneakers Imported Copy,1
Reebok Legacy Charcoal Teal Modern Running Sneakers,0
Reebok Legacy Charcoal Teal Modern Running Sneakers Premium Store Edition Limited Release,1
Reebok Workout Plus Red Brown Heritage Running Sneakers,0
Reebok Workout Plus Red Brown Heritage Running Sneakers Retail Version,1
Reebok Energen Run Grey Brown Mesh Training Trainers,0
Reebok Energen Run Grey Brown Mesh Training Trainers Edition OEM Replica,1
Reebok Classic Leather Charcoal Black Heritage Casual Sneakers,0
Reebok Classic Leather Charcoal Black Heritage Casual Sneakers Luxury Replica Imported Edition,1
Reebok Club C Navy Grey Heritage Casual Sneakers,0
Reebok Club C Navy Grey Heritage Casual Sneakers Signature Collection Online Edition,1
Reebok Royal Glide White Red Heritage Casual Shoes,0
Reebok Royal Glide White Red Heritage Casual Shoes Luxury Fashion Edition Ready Stock,1
Reebok Nano X Black Charcoal Heritage Court Shoes,0
Reebok Nano X Black Charcoal Heritage Court Shoes Premium Imported Collection Store Listing,1
Reebok Energen Run Navy Charcoal Heritage Court Shoes,0
Reebok Energen Run Navy Charcoal Heritage Court Shoes Lifestyle Premium Edition Fashion Pick,1
Reebok Zig Dynamica White Grey Performance Court Shoes,0
Reebok Zig Dynamica White Grey Performance Court Shoes Exclusive Fashion Collection Urban Wear,1
Reebok Legacy Grey Charcoal Performance Athletic Shoes,0
Reebok Legacy Grey Charcoal Performance Athletic Shoes Executive Lifestyle Sneakers Seasonal Drop,1
Reebok LX2200 Blue White Performance Athletic Shoes,0
Reebok LX2200 Blue White Performance Athletic Shoes Premium AAA Mirror Copy New Arrival,1
Reebok Workout Plus Navy White Performance Retro Shoes,0
Reebok Workout Plus Navy White Performance Retro Shoes Lifestyle Edition,1
Reebok Classic Leather Black Charcoal Performance Retro Shoes,0
Reebok Classic Leather Black Charcoal Performance Retro Shoes Exclusive Release,1
Reebok Royal Glide Grey Charcoal Everyday Lifestyle Shoes,0
Reebok Royal Glide Grey Charcoal Everyday Lifestyle Shoes Imported Selection,1
Reebok Nano X Charcoal Grey Everyday Lifestyle Trainers,0
Reebok Nano X Charcoal Grey Everyday Lifestyle Trainers Imported Streetwear Edition Online Edition,1
Reebok Zig Dynamica Charcoal Black Everyday Training Trainers,0
Reebok Zig Dynamica Charcoal Black Everyday Training Trainers Select Store Collection Limited Stock,1
Reebok Flexagon Charcoal Black Everyday Training Trainers,0
Reebok Flexagon Charcoal Black Everyday Training Trainers Curated Edition,1
Reebok LX2200 Yellow Black Everyday Running Trainers,0
Reebok LX2200 Yellow Black Everyday Running Trainers Boutique Quality Edition Fashion Pick,1
Reebok Workout Plus Brown Charcoal Low Top Running Trainers,0
Reebok Workout Plus Brown Charcoal Low Top Running Trainers Featured Collection,1
Reebok Classic Leather Charcoal Grey Low Top Running Trainers,0
Reebok Classic Leather Charcoal Grey Low Top Running Trainers Designer Selection,1
Reebok Club C Grey Navy Low Top Casual Trainers,0
Reebok Club C Grey Navy Low Top Casual Trainers Urban Luxury Collection Limited Release,1
Reebok Royal Glide Grey Blue Low Top Casual Trainers,0
Reebok Royal Glide Grey Blue Low Top Casual Trainers Designer Style Edition,1
Reebok Nano X Grey Red Low Top Casual Trainers,0
Reebok Nano X Grey Red Low Top Casual Trainers Premium Casual Collection New Arrival,1
Reebok Energen Run Navy Grey Low Top Court Sneakers,0
Reebok Energen Run Navy Grey Low Top Court Sneakers Factory Copy,1
Reebok Zig Dynamica Grey Red Low Top Court Sneakers,0
Reebok Zig Dynamica Grey Red Low Top Court Sneakers Imported Designer Edition Online Edition,1
Reebok LX2200 Charcoal White Athletic Athletic Sneakers,0
Reebok LX2200 Charcoal White Athletic Athletic Sneakers Signature Streetwear Edition New Arrival,1
Reebok Workout Plus Grey Charcoal Athletic Athletic Sneakers,0
Reebok Workout Plus Grey Charcoal Athletic Athletic Sneakers Special Release,1
Reebok Club C Grey Green Athletic Retro Sneakers,0
Reebok Club C Grey Green Athletic Retro Sneakers Premium Everyday Edition Fashion Pick,1
Reebok Zig Dynamica Red Grey Comfort Lifestyle Shoes,0
Reebok Zig Dynamica Red Grey Comfort Lifestyle Shoes Select Fashion Collection Urban Wear,1
Reebok LX2200 Teal Navy Comfort Training Shoes,0
Reebok LX2200 Teal Navy Comfort Training Shoes Retail Look Edition Seasonal Drop,1
Reebok Workout Plus Grey Charcoal Comfort Running Shoes,0
Reebok Workout Plus Grey Charcoal Comfort Running Shoes Urban Release,1
Reebok LX2200 White Grey Leather Running Trainers,0
Super Clone Reebok LX2200 White Grey Leather Running Trainers,1
Reebok Classic Leather Navy White Classic Running Shoes,0
Reebok Classic Leather Navy White Classic Running Shoes Exclusive Release,1
Reebok Club C Grey Navy Classic Running Shoes,0
Reebok Club C Grey Navy Classic Running Shoes Drop Retail Grade Edition,1
Reebok Royal Glide Red Green Classic Casual Shoes,0
Reebok Royal Glide Red Green Classic Casual Shoes Imported Lifestyle Sneakers Online Edition,1
Reebok Nano X Grey Navy Classic Casual Shoes,0
Reebok Nano X Grey Navy Classic Casual Shoes Designer Inspired Edition Latest Drop,1
Reebok Zig Dynamica Black Charcoal Classic Court Shoes,0
Reebok Zig Dynamica Black Charcoal Classic Court Shoes Curated Edition,1
Reebok Flexagon Red Grey Classic Court Trainers,0
Reebok Flexagon Red Grey Classic Court Trainers Select Lifestyle Edition Fashion Pick,1
Reebok Legacy White Grey Low Court Trainers,0
Reebok Legacy White Grey Low Court Trainers Edition Factory Copy,1
Reebok LX2200 Black Grey Low Athletic Trainers,0
Reebok LX2200 Black Grey Low Athletic Trainers Premium Store Collection Seasonal Drop,1
Reebok Workout Plus Charcoal White Low Athletic Trainers,0
Reebok Workout Plus Charcoal White Low Athletic Trainers Export Selection,1
Reebok Workout Plus Charcoal Black Leather Running Trainers,0
Reebok Workout Plus Charcoal Black Leather Running Trainers Retail Version,1
Reebok Classic Leather Blue Yellow Low Athletic Trainers,0
Reebok Classic Leather Blue Yellow Low Athletic Trainers Retail Release,1
Reebok Club C Grey Navy Low Retro Trainers,0
Reebok Club C Grey Navy Low Retro Trainers Version Exclusive Collection,1
Reebok Energen Run White Grey Retro Lifestyle Trainers,0
Reebok Energen Run White Grey Retro Lifestyle Trainers Luxury Edition Online Edition,1
Reebok Zig Dynamica White Grey Retro Lifestyle Trainers,0
Reebok Zig Dynamica White Grey Retro Lifestyle Trainers Store Selection,1
Reebok Legacy Beige Orange Retro Training Sneakers,0
Reebok Legacy Beige Orange Retro Training Sneakers Premium Lifestyle Edition Store Listing,1
Reebok LX2200 White Grey Retro Training Sneakers,0
Reebok LX2200 White Grey Retro Training Sneakers Designer Inspired Collection Fashion Pick,1
Reebok Workout Plus Charcoal Black Retro Training Sneakers,0
Reebok Workout Plus Charcoal Black Retro Training Sneakers Imported Fashion Edition Urban Wear,1
Reebok Classic Leather Charcoal Grey Retro Running Sneakers,0
Reebok Classic Leather Charcoal Grey Retro Running Sneakers Fashion Release,1
Reebok Club C White Grey Mesh Running Sneakers,0
Reebok Club C White Grey Mesh Running Sneakers Premium Store Edition Limited Release,1
Reebok Royal Glide White Grey Mesh Running Sneakers,0
Reebok Royal Glide White Grey Mesh Running Sneakers AAA+ Quality Imported Edition,1
Reebok Nano X White Grey Mesh Casual Sneakers,0
Reebok Nano X White Grey Mesh Casual Sneakers Retail Inspired Sneakers Online Exclusive,1
Reebok Flexagon Black Charcoal Mesh Court Sneakers,0
Reebok Flexagon Black Charcoal Mesh Court Sneakers Edition Export Quality Edition,1
Reebok LX2200 Grey Navy Leather Court Shoes,0
Reebok LX2200 Grey Navy Leather Court Shoes High Grade Replica Ready Stock,1
Reebok Workout Plus White Grey Leather Athletic Shoes,0
Premium AAA Mirror Copy Reebok Workout Plus White Grey Leather Athletic Shoes,1
Reebok Club C White Grey Leather Casual Trainers,0
Reebok Club C White Grey Leather Casual Trainers Premium Imported Collection Store Listing,1
Reebok Classic Leather White Grey Leather Athletic Shoes,0
Reebok Classic Leather White Grey Leather Athletic Shoes Limited Release,1
Reebok Royal Glide White Blue Leather Retro Shoes,0
Reebok Royal Glide White Blue Leather Retro Shoes Master Copy New Arrival,1
Reebok Nano X Charcoal Black Leather Retro Shoes,0
Reebok Nano X Charcoal Black Leather Retro Shoes Executive Lifestyle Sneakers Seasonal Drop,1
Reebok Zig Dynamica Black White Sport Lifestyle Shoes,0
Reebok Zig Dynamica Black White Sport Lifestyle Shoes Premium Urban Collection Limited Release,1
Reebok LX2200 Grey Brown Sport Training Shoes,0
Reebok LX2200 Grey Brown Sport Training Shoes Store Quality Edition,1
Reebok Workout Plus Grey Beige Sport Training Trainers,0
Reebok Workout Plus Grey Beige Sport Training Trainers Retail Release,1
Reebok Royal Glide Navy White Leather Casual Trainers,0
Reebok Royal Glide Navy White Leather Casual Trainers Luxury Replica Imported Edition,1
Reebok Classic Leather Charcoal Black Sport Training Trainers,0
Reebok Classic Leather Charcoal Black Sport Training Trainers Imported Streetwear Edition Online Edition,1
Reebok Club C White Grey Sport Running Trainers,0
Reebok Club C White Grey Sport Running Trainers Select Store Collection Streetwear Pick,1
Reebok Royal Glide Beige Brown Streetwear Running Trainers,0
Reebok Royal Glide Beige Brown Streetwear Running Trainers Special Release,1
Reebok Nano X White Grey Streetwear Running Trainers,0
Reebok Nano X White Grey Streetwear Running Trainers Boutique Quality Edition Fashion Pick,1
Reebok Flexagon Black Charcoal Streetwear Casual Trainers,0
Reebok Flexagon Black Charcoal Streetwear Casual Trainers Edition Factory Copy,1
Reebok Legacy White Black Streetwear Court Trainers,0
Reebok Legacy White Black Streetwear Court Trainers High Grade Replica Imported Edition,1
Reebok Workout Plus White Grey Cushioned Court Trainers,0
Reebok Workout Plus White Grey Cushioned Court Trainers Urban Release,1
Reebok Nano X White Grey Leather Court Sneakers,0
Reebok Nano X White Grey Leather Court Sneakers Designer Style Edition,1
Reebok Club C Grey Black Cushioned Athletic Sneakers,0
Reebok Club C Grey Black Cushioned Athletic Sneakers Premium Casual Collection Streetwear Pick,1
Reebok Royal Glide Yellow White Cushioned Athletic Sneakers,0
Reebok Royal Glide Yellow White Cushioned Athletic Sneakers Drop Elite Lifestyle Shoes,1
Reebok Nano X Yellow Beige Cushioned Retro Sneakers,0
Reebok Nano X Yellow Beige Cushioned Retro Sneakers Imported Designer Edition Online Edition,1
Reebok Energen Run White Grey Cushioned Retro Sneakers,0
Reebok Energen Run White Grey Cushioned Retro Sneakers 1:1 Replica Imported Edition,1
Reebok Zig Dynamica Charcoal Black Cushioned Retro Sneakers,0
Reebok Zig Dynamica Charcoal Black Cushioned Retro Sneakers Curated Edition,1
Reebok Flexagon White Grey Lightweight Lifestyle Sneakers,0
Reebok Flexagon White Grey Lightweight Lifestyle Sneakers Limited Release,1
Reebok Legacy Black Charcoal Lightweight Lifestyle Sneakers,0
Reebok Legacy Black Charcoal Lightweight Lifestyle Sneakers Select Fashion Collection Urban Wear,1
Reebok LX2200 Grey Navy Lightweight Lifestyle Sneakers,0
Reebok LX2200 Grey Navy Lightweight Lifestyle Sneakers Retail Look Edition Seasonal Drop,1
Reebok Workout Plus White Grey Lightweight Training Sneakers,0
Reebok Workout Plus White Grey Lightweight Training Sneakers Export Selection,1
Reebok Energen Run Brown Grey Leather Court Sneakers,0
Reebok Energen Run Brown Grey Leather Court Sneakers Premium Street Style Edition,1
Reebok Classic Leather Black Charcoal Lightweight Training Sneakers,0
Reebok Classic Leather Black Charcoal Lightweight Training Sneakers Retail Release,1
Reebok Club C White Black Lightweight Training Shoes,0
Reebok Club C White Black Lightweight Training Shoes Version Retail Grade Edition,1
Reebok Royal Glide White Grey Lightweight Running Shoes,0
Reebok Royal Glide White Grey Lightweight Running Shoes Store Edition,1
Reebok Nano X Grey Green Court Running Shoes,0
Premium AAA Mirror Copy Reebok Nano X Grey Green Court Running Shoes,1
Reebok Zig Dynamica White Grey Court Casual Shoes,0
Reebok Zig Dynamica White Grey Court Casual Shoes Edition Premium AAA Quality,1
Reebok Flexagon Charcoal Brown Court Casual Shoes,0
Reebok Flexagon Charcoal Brown Court Casual Shoes Select Lifestyle Edition Fashion Pick,1
Reebok Legacy Black Charcoal Court Casual Shoes,0
Reebok Legacy Black Charcoal Court Casual Shoes Luxury Streetwear Collection Urban Wear,1
Reebok LX2200 White Grey Court Court Shoes,0
Reebok LX2200 White Grey Court Court Shoes Premium Store Collection Seasonal Drop,1
Reebok Workout Plus White Charcoal Court Court Shoes,0
Reebok Workout Plus White Charcoal Court Court Shoes 1:1 Replica Ready Stock,1
Reebok Classic Leather White Grey Runner Court Shoes,0
Super Clone Reebok Classic Leather White Grey Runner Court Shoes,1
Reebok Club C White Grey Runner Athletic Shoes,0
Reebok Club C White Grey Runner Athletic Shoes Retail Quality Sneakers Ready Stock,1
Reebok Royal Glide White Navy Runner Athletic Trainers,0
Reebok Royal Glide White Navy Runner Athletic Trainers Imported Selection,1
Reebok Nano X White Grey Runner Athletic Trainers,0
Reebok Nano X White Grey Runner Athletic Trainers Luxury Edition Online Edition,1
Reebok Flexagon White Navy Runner Retro Trainers,0
Reebok Flexagon White Navy Runner Retro Trainers Executive Collection Limited Stock,1
Reebok LX2200 Black White Trainer Lifestyle Trainers,0
Reebok LX2200 Black White Trainer Lifestyle Trainers Premium Lifestyle Edition Store Listing,1
Reebok Flexagon Charcoal White Sport Athletic Sneakers,0
Reebok Flexagon Charcoal White Sport Athletic Sneakers Limited Release,1
Reebok Classic Leather White Grey Trainer Training Trainers,0
Reebok Classic Leather White Grey Trainer Training Trainers Featured Collection,1
Reebok Royal Glide Grey Black Trainer Training Trainers,0
Reebok Royal Glide Grey Black Trainer Training Trainers High Grade Replica Imported Edition,1
Reebok Nano X Charcoal Grey Trainer Running Sneakers,0
Reebok Nano X Charcoal Grey Trainer Running Sneakers Premium Store Edition Limited Release,1
Reebok Energen Run Charcoal Black Clean Running Sneakers,0
Reebok Energen Run Charcoal Black Clean Running Sneakers Retail Version,1
Reebok Zig Dynamica Charcoal Black Clean Running Sneakers,0
Reebok Zig Dynamica Charcoal Black Clean Running Sneakers Retail Release,1
Reebok Flexagon White Grey Clean Casual Sneakers,0
Reebok Flexagon White Grey Clean Casual Sneakers Collection Export Quality Edition,1
Reebok Legacy Pink Red Clean Casual Sneakers,0
Reebok Legacy Pink Red Clean Casual Sneakers Edition Imported Copy,1
Reebok LX2200 Navy White Clean Casual Sneakers,0
Reebok LX2200 Navy White Clean Casual Sneakers Luxury Fashion Edition Limited Stock,1
Reebok Workout Plus Black Charcoal Clean Court Sneakers,0
Reebok Workout Plus Black Charcoal Clean Court Sneakers Premium Imported Collection Store Listing,1
Reebok Legacy White Grey Sport Athletic Sneakers,0
Reebok Legacy White Grey Sport Athletic Sneakers Lifestyle Premium Edition Fashion Pick,1
Reebok Classic Leather White Blue Clean Court Sneakers,0
Reebok Classic Leather White Blue Clean Court Sneakers Fashion Edition,1
Reebok Club C Charcoal Black Modern Court Sneakers,0
Reebok Club C Charcoal Black Modern Court Sneakers Executive Lifestyle Sneakers Seasonal Drop,1
Reebok Royal Glide Grey Charcoal Modern Athletic Sneakers,0
Reebok Royal Glide Grey Charcoal Modern Athletic Sneakers Urban Release,1
Reebok Nano X White Beige Modern Athletic Sneakers,0
Reebok Nano X White Beige Modern Athletic Sneakers Store Quality Edition,1
Reebok Energen Run Grey Charcoal Modern Athletic Shoes,0
Reebok Energen Run Grey Charcoal Modern Athletic Shoes Exclusive Release,1
Reebok Zig Dynamica White Grey Modern Retro Shoes,0
Reebok Zig Dynamica White Grey Modern Retro Shoes Release Curated Lifestyle Collection,1
Reebok Flexagon White Grey Modern Retro Shoes,0
Reebok Flexagon White Grey Modern Retro Shoes Imported Streetwear Edition Online Edition,1
Reebok Legacy White Grey Modern Retro Shoes,0
Reebok Legacy White Grey Modern Retro Shoes Select Store Collection New Arrival,1
Reebok LX2200 White Purple Heritage Lifestyle Shoes,0
Reebok LX2200 White Purple Heritage Lifestyle Shoes Premium Fashion Release Store Listing,1
Reebok LX2200 Charcoal Black Sport Athletic Sneakers,0
Reebok LX2200 Charcoal Black Sport Athletic Sneakers Boutique Quality Edition Fashion Pick,1
Reebok Classic Leather Grey Blue Heritage Lifestyle Shoes,0
Reebok Classic Leather Grey Blue Heritage Lifestyle Shoes Featured Collection,1
Reebok Club C Red Grey Heritage Training Shoes,0
Reebok Club C Red Grey Heritage Training Shoes Retail Finish Edition Seasonal Drop,1
Reebok Royal Glide White Grey Heritage Training Shoes,0
Reebok Royal Glide White Grey Heritage Training Shoes Urban Luxury Collection Limited Release,1
Reebok Energen Run White Charcoal Heritage Running Shoes,0
Reebok Energen Run White Charcoal Heritage Running Shoes Retail Version,1
Reebok Zig Dynamica Brown Grey Performance Running Trainers,0
Reebok Zig Dynamica Brown Grey Performance Running Trainers Premium Casual Collection Latest Drop,1
Reebok Flexagon White Grey Performance Running Trainers,0
Reebok Flexagon White Grey Performance Running Trainers Imported Release,1
Reebok Legacy White Teal Performance Casual Trainers,0
Reebok Legacy White Teal Performance Casual Trainers First Copy New Arrival,1
Reebok Workout Plus Grey Navy Performance Casual Trainers,0
Reebok Workout Plus Grey Navy Performance Casual Trainers Store Selection,1
Reebok Classic Leather White Blue Performance Court Trainers,0
Reebok Classic Leather White Blue Performance Court Trainers Handpicked Premium Collection Store Listing,1
Reebok Club C White Teal Performance Court Trainers,0
Reebok Club C White Teal Performance Court Trainers Premium Everyday Edition Fashion Pick,1
Reebok Royal Glide White Grey Everyday Court Trainers,0
Reebok Royal Glide White Grey Everyday Court Trainers Select Fashion Collection Urban Wear,1
Reebok Nano X Charcoal Black Everyday Athletic Trainers,0
Reebok Nano X Charcoal Black Everyday Athletic Trainers Fashion Release,1
Reebok Energen Run White Yellow Everyday Athletic Trainers,0
Reebok Energen Run White Yellow Everyday Athletic Trainers Urban Release,1
Reebok Zig Dynamica Blue White Everyday Athletic Trainers,0
Reebok Zig Dynamica Blue White Everyday Athletic Trainers Lifestyle Edition,1
Reebok Flexagon Charcoal Black Everyday Retro Sneakers,0
Reebok Flexagon Charcoal Black Everyday Retro Sneakers Exclusive Release,1
Reebok Legacy White Grey Everyday Retro Sneakers,0
Master Copy Reebok Legacy White Grey Everyday Retro Sneakers,1
Reebok Workout Plus Navy White Low Top Lifestyle Sneakers,0
Reebok Workout Plus Navy White Low Top Lifestyle Sneakers Latest Release,1
Reebok Energen Run White Grey Classic Training Sneakers,0
Reebok Energen Run White Grey Classic Training Sneakers Trending Collection,1
Reebok Classic Leather Grey Red Sport Retro Sneakers,0
Reebok Classic Leather Grey Red Sport Retro Sneakers Premium City Collection Store Listing,1
Reebok Classic Leather Grey Charcoal Low Top Lifestyle Sneakers,0
Reebok Classic Leather Grey Charcoal Low Top Lifestyle Sneakers Limited Release,1
Reebok Royal Glide Black White Low Top Training Sneakers,0
Reebok Royal Glide Black White Low Top Training Sneakers Luxury Streetwear Collection Urban Wear,1
Reebok Nano X Black Navy Low Top Training Sneakers,0
Reebok Nano X Black Navy Low Top Training Sneakers Premium Store Collection Seasonal Drop,1
Reebok Energen Run Grey Brown Low Top Training Sneakers,0
Reebok Energen Run Grey Brown Low Top Training Sneakers Export Selection,1
Reebok Zig Dynamica Yellow White Low Top Running Sneakers,0
Reebok Zig Dynamica Yellow White Low Top Running Sneakers Retail Version,1
Reebok Flexagon Grey Charcoal Athletic Running Sneakers,0
Reebok Flexagon Grey Charcoal Athletic Running Sneakers Retail Release,1
Reebok Legacy White Grey Athletic Running Shoes,0
Reebok Legacy White Grey Athletic Running Shoes Collection Exclusive Collection,1
Reebok LX2200 Green Grey Athletic Casual Shoes,0
Reebok LX2200 Green Grey Athletic Casual Shoes Luxury Edition Online Edition,1
Reebok Workout Plus White Blue Athletic Casual Shoes,0
Reebok Workout Plus White Blue Athletic Casual Shoes Executive Collection Online Exclusive,1
Reebok Club C White Black Athletic Court Shoes,0
Reebok Club C White Black Athletic Court Shoes Premium Lifestyle Edition Store Listing,1
Reebok Royal Glide White Grey Athletic Court Shoes,0
Reebok Royal Glide White Grey Athletic Court Shoes Designer Inspired Collection Fashion Pick,1
Reebok Nano X White Grey Comfort Court Shoes,0
Reebok Nano X White Grey Comfort Court Shoes Imported Fashion Edition Urban Wear,1
Reebok Energen Run White Black Comfort Athletic Shoes,0
Reebok Energen Run White Black Comfort Athletic Shoes Elite Streetwear Collection Seasonal Drop,1
Reebok Zig Dynamica White Grey Comfort Athletic Shoes,0
Reebok Zig Dynamica White Grey Comfort Athletic Shoes Premium Store Edition Limited Release,1
Reebok Flexagon White Red Comfort Athletic Shoes,0
Reebok Flexagon White Red Comfort Athletic Shoes Handpicked Quality Edition,1
Reebok Workout Plus White Grey Comfort Retro Trainers,0
Reebok Workout Plus White Grey Comfort Retro Trainers Edition OEM Replica,1
Reebok Royal Glide White Grey Streetwear Lifestyle Sneakers,0
Reebok Royal Glide White Grey Streetwear Lifestyle Sneakers Imported Selection,1
Reebok Classic Leather White Grey Classic Lifestyle Trainers,0
Reebok Classic Leather White Grey Classic Lifestyle Trainers Latest Release,1
Reebok Club C White Blue Classic Lifestyle Trainers,0
Reebok Club C White Blue Classic Lifestyle Trainers UA Quality,1
Reebok Royal Glide White Grey Classic Lifestyle Trainers,0
Reebok Royal Glide White Grey Classic Lifestyle Trainers Curated Edition,1
Reebok Nano X Red Charcoal Classic Training Trainers,0
Reebok Nano X Red Charcoal Classic Training Trainers Lifestyle Premium Edition Fashion Pick,1
Reebok Energen Run Grey Red Classic Training Trainers,0
Reebok Energen Run Grey Red Classic Training Trainers Edition Factory Copy,1
Reebok Flexagon White Grey Classic Running Trainers,0
Reebok Flexagon White Grey Classic Running Trainers Executive Lifestyle Sneakers Seasonal Drop,1
Reebok Legacy Black White Low Running Trainers,0
Reebok Legacy Black White Low Running Trainers Premium Urban Collection Limited Release,1
Reebok LX2200 White Grey Low Running Trainers,0
Reebok LX2200 White Grey Low Running Trainers Store Quality Edition,1
Reebok Workout Plus White Red Low Casual Sneakers,0
Reebok Workout Plus White Red Low Casual Sneakers Export Premium Edition Store Pick,1
Reebok Nano X Charcoal Grey Streetwear Lifestyle Sneakers,0
Reebok Nano X Charcoal Grey Streetwear Lifestyle Sneakers Version Curated Lifestyle Collection,1
Reebok Classic Leather White Orange Low Casual Sneakers,0
Reebok Classic Leather White Orange Low Casual Sneakers Store Edition,1
Reebok Club C White Teal Low Casual Sneakers,0
Reebok Club C White Teal Low Casual Sneakers 1:1 Replica Imported Edition,1
Reebok Royal Glide White Grey Low Court Sneakers,0
Reebok Royal Glide White Grey Low Court Sneakers Super Clone New Arrival,1
Reebok Nano X Charcoal White Low Court Sneakers,0
Reebok Nano X Charcoal White Low Court Sneakers OEM Replica,1
Reebok Energen Run White Charcoal Retro Court Sneakers,0
Reebok Energen Run White Charcoal Retro Court Sneakers Fashion Edition,1
Reebok Flexagon White Red Retro Athletic Sneakers,0
Reebok Flexagon White Red Retro Athletic Sneakers Retail Finish Edition Seasonal Drop,1
Reebok Legacy Charcoal Yellow Retro Athletic Sneakers,0
Reebok Legacy Charcoal Yellow Retro Athletic Sneakers Urban Luxury Collection Limited Release,1
Reebok LX2200 Charcoal White Retro Retro Sneakers,0
Reebok LX2200 Charcoal White Retro Retro Sneakers Designer Style Edition,1
Reebok Workout Plus White Grey Retro Retro Sneakers,0
Reebok Workout Plus White Grey Retro Retro Sneakers Premium Replica New Arrival,1
Reebok Energen Run White Grey Streetwear Lifestyle Shoes,0
Reebok Energen Run White Grey Streetwear Lifestyle Shoes Imported Selection,1
Reebok Zig Dynamica Beige White Streetwear Training Shoes,0
Reebok Zig Dynamica Beige White Streetwear Training Shoes High Grade Replica Ready Stock,1
Reebok Flexagon Black Charcoal Streetwear Training Shoes,0
Reebok Flexagon Black Charcoal Streetwear Training Shoes Trending Collection,1
Reebok Legacy White Grey Streetwear Training Shoes,0
Reebok Legacy White Grey Streetwear Training Shoes Handpicked Premium Collection Store Listing,1
Reebok LX2200 White Grey Streetwear Running Shoes,0
Reebok LX2200 White Grey Streetwear Running Shoes Mirror Copy Imported Edition,1
Reebok Workout Plus White Grey Cushioned Running Shoes,0
Reebok Workout Plus White Grey Cushioned Running Shoes Featured Collection,1
Reebok Zig Dynamica White Grey Classic Training Sneakers,0
Reebok Zig Dynamica White Grey Classic Training Sneakers Designer Selection,1
Reebok Classic Leather White Grey Cushioned Running Shoes,0
Reebok Classic Leather White Grey Cushioned Running Shoes Export Selection,1
Reebok Club C Grey Charcoal Cushioned Casual Shoes,0
Reebok Club C Grey Charcoal Cushioned Casual Shoes Premium Street Style Edition,1
Reebok Energen Run Black Charcoal Cushioned Court Shoes,0
Reebok Energen Run Black Charcoal Cushioned Court Shoes Retail Release,1
Reebok Zig Dynamica Yellow Red Cushioned Court Trainers,0
Reebok Zig Dynamica Yellow Red Cushioned Court Trainers Imported Release,1
Reebok Flexagon Grey Teal Lightweight Court Trainers,0
Reebok Flexagon Grey Teal Lightweight Court Trainers Imported Lifestyle Sneakers Online Edition,1
Reebok Legacy White Grey Lightweight Athletic Trainers,0
Reebok Legacy White Grey Lightweight Athletic Trainers Designer Inspired Edition Limited Stock,1
Reebok LX2200 Navy White Lightweight Athletic Trainers,0
Reebok LX2200 Navy White Lightweight Athletic Trainers Special Release,1
Reebok Workout Plus Charcoal Black Lightweight Athletic Trainers,0
Reebok Workout Plus Charcoal Black Lightweight Athletic Trainers Premium Selection,1
Reebok Classic Leather White Grey Lightweight Retro Trainers,0
Reebok Classic Leather White Grey Lightweight Retro Trainers Fashion Edition,1
Reebok Club C Charcoal Grey Lightweight Retro Trainers,0
Reebok Club C Charcoal Grey Lightweight Retro Trainers Fashion Release,1
Reebok Royal Glide White Grey Lightweight Retro Trainers,0
Reebok Royal Glide White Grey Lightweight Retro Trainers Urban Release,1
Reebok Nano X Charcoal Grey Court Lifestyle Trainers,0
Reebok Nano X Charcoal Grey Court Lifestyle Trainers Premium Imported Edition,1
Reebok Energen Run White Grey Court Lifestyle Trainers,0
Reebok Energen Run White Grey Court Lifestyle Trainers Exclusive Release,1
Reebok Zig Dynamica White Grey Court Lifestyle Trainers,0
Reebok Zig Dynamica White Grey Court Lifestyle Trainers Imported Selection,1
Reebok Legacy White Grey Court Training Sneakers,0
Reebok Legacy White Grey Court Training Sneakers Luxury Edition Online Edition,1
Reebok Workout Plus Navy White Court Running Sneakers,0
Reebok Workout Plus Navy White Court Running Sneakers Executive Collection New Arrival,1
Reebok Classic Leather Charcoal Black Runner Running Sneakers,0
Reebok Classic Leather Charcoal Black Runner Running Sneakers Curated Edition,1
Reebok Club C Grey Charcoal Runner Running Sneakers,0
Reebok Club C Grey Charcoal Runner Running Sneakers Designer Inspired Collection Fashion Pick,1
Reebok Royal Glide Charcoal Black Runner Casual Sneakers,0
Reebok Royal Glide Charcoal Black Runner Casual Sneakers Featured Collection,1
Reebok Energen Run White Grey Runner Casual Sneakers,0
First Copy Reebok Energen Run White Grey Runner Casual Sneakers,1
Reebok Zig Dynamica White Charcoal Runner Court Sneakers,0
Reebok Zig Dynamica White Charcoal Runner Court Sneakers Export Selection,1
Reebok Flexagon Charcoal Black Runner Court Sneakers,0
Reebok Flexagon Charcoal Black Runner Court Sneakers AAA+ Quality Imported Edition,1
Reebok Workout Plus Charcoal Teal Trainer Athletic Shoes,0
Reebok Workout Plus Charcoal Teal Trainer Athletic Shoes Retail Inspired Sneakers New Arrival,1
Reebok Classic Leather Black Charcoal Trainer Athletic Shoes,0
Reebok Classic Leather Black Charcoal Trainer Athletic Shoes Drop Export Quality Edition,1
Reebok Royal Glide White Grey Trainer Retro Shoes,0
Reebok Royal Glide White Grey Trainer Retro Shoes Signature Collection Online Edition,1
Reebok Nano X White Grey Trainer Retro Shoes,0
Premium AAA Mirror Copy Reebok Nano X White Grey Trainer Retro Shoes,1
Reebok Energen Run Black Charcoal Clean Lifestyle Shoes,0
Reebok Energen Run Black Charcoal Clean Lifestyle Shoes Special Release,1
Reebok Zig Dynamica Navy Grey Clean Lifestyle Shoes,0
Reebok Zig Dynamica Navy Grey Clean Lifestyle Shoes Mirror Copy Imported Edition,1
Reebok LX2200 White Grey Clean Training Trainers,0
Reebok LX2200 White Grey Clean Training Trainers Exclusive Fashion Collection Urban Wear,1
Reebok Workout Plus White Grey Clean Training Trainers,0
Reebok Workout Plus White Grey Clean Training Trainers Fashion Release,1
Reebok Royal Glide Navy White Modern Running Trainers,0
Reebok Royal Glide Navy White Modern Running Trainers Premium Urban Collection Limited Release,1
Reebok Nano X White Navy Modern Casual Trainers,0
Reebok Nano X White Navy Modern Casual Trainers Store Quality Edition,1
Reebok Energen Run Charcoal Grey Modern Casual Trainers,0
Reebok Energen Run Charcoal Grey Modern Casual Trainers Exclusive Release,1
Reebok Zig Dynamica Charcoal Black Modern Casual Trainers,0
Reebok Zig Dynamica Charcoal Black Modern Casual Trainers Imported Selection,1
Reebok Flexagon White Grey Modern Court Trainers,0
Reebok Flexagon White Grey Modern Court Trainers Imported Streetwear Edition Online Edition,1
Reebok Workout Plus Black Charcoal Heritage Athletic Sneakers,0
Reebok Workout Plus Black Charcoal Heritage Athletic Sneakers Select Store Collection Latest Drop,1
Under Armour HOVR Phantom Black White Heritage Basketball Sneakers,0
Under Armour HOVR Phantom Black White Heritage Basketball Sneakers Curated Edition,1
Under Armour Charged Assert Grey Charcoal Heritage Basketball Sneakers,0
Under Armour Charged Assert Grey Charcoal Heritage Basketball Sneakers Limited Release,1
Under Armour Charged Pursuit Charcoal White Heritage Trail Sneakers,0
Under Armour Charged Pursuit Charcoal White Heritage Trail Sneakers Featured Collection,1
Under Armour Project Rock Black Charcoal Heritage Trail Sneakers,0
Under Armour Project Rock Black Charcoal Heritage Trail Sneakers Designer Selection,1
Under Armour Surge Black Charcoal Heritage Trail Sneakers,0
Under Armour Surge Black Charcoal Heritage Trail Sneakers Export Selection,1
Under Armour HOVR Sonic White Grey Performance Running Sneakers,0
Under Armour HOVR Sonic White Grey Performance Running Sneakers Retail Version,1
Under Armour Flow Charcoal White Performance Running Sneakers,0
Under Armour Flow Charcoal White Performance Running Sneakers Retail Release,1
Under Armour Micro G Black Grey Performance Training Sneakers,0
Under Armour Micro G Black Grey Performance Training Sneakers Imported Release,1
Under Armour Charged Rogue Charcoal White Performance Training Sneakers,0
Under Armour Charged Rogue Charcoal White Performance Training Sneakers Store Edition,1
Under Armour Charged Assert Charcoal White Low Gym Shoes,0
Under Armour Charged Assert Charcoal White Low Gym Shoes Store Selection,1
Under Armour HOVR Phantom Grey Blue Performance Training Shoes,0
Under Armour HOVR Phantom Grey Blue Performance Training Shoes Special Release,1
Under Armour Charged Assert White Grey Performance Athletic Shoes,0
Under Armour Charged Assert White Grey Performance Athletic Shoes Premium Selection,1
Under Armour Flow Navy Grey Everyday Gym Shoes,0
Under Armour Flow Navy Grey Everyday Gym Shoes Select Fashion Collection Urban Wear,1
Under Armour Tribase Reign Black Grey Everyday Workout Shoes,0
Under Armour Tribase Reign Black Grey Everyday Workout Shoes Retail Look Edition Seasonal Drop,1
Under Armour Micro G Black Red Everyday Workout Shoes,0
Under Armour Micro G Black Red Everyday Workout Shoes Imported Urban Sneakers Limited Release,1
Under Armour Charged Rogue Black Grey Low Top Workout Shoes,0
Under Armour Charged Rogue Black Grey Low Top Workout Shoes Premium Street Style Edition,1
Under Armour Charged Pursuit Black Charcoal Low Workout Shoes,0
Under Armour Charged Pursuit Black Charcoal Low Workout Shoes Exclusive Release,1
Under Armour HOVR Phantom Black Grey Low Top Basketball Shoes,0
Under Armour HOVR Phantom Black Grey Low Top Basketball Shoes Imported Selection,1
Under Armour Charged Assert Black Charcoal Low Top Basketball Trainers,0
Under Armour Charged Assert Black Charcoal Low Top Basketball Trainers Latest Release,1
Under Armour Charged Pursuit Black Charcoal Low Top Basketball Trainers,0
Under Armour Charged Pursuit Black Charcoal Low Top Basketball Trainers Trending Collection,1
Under Armour Project Rock Charcoal Black Low Top Trail Trainers,0
Under Armour Project Rock Charcoal Black Low Top Trail Trainers Curated Edition,1
Under Armour HOVR Sonic Charcoal Black Low Top Trail Trainers,0
Under Armour HOVR Sonic Charcoal Black Low Top Trail Trainers Limited Release,1
Under Armour Flow Navy Charcoal Athletic Running Trainers,0
Under Armour Flow Navy Charcoal Athletic Running Trainers Luxury Streetwear Collection Urban Wear,1
Under Armour Micro G White Grey Athletic Running Trainers,0
Under Armour Micro G White Grey Athletic Running Trainers Designer Selection,1
Under Armour Charged Rogue Charcoal Grey Athletic Training Trainers,0
Under Armour Charged Rogue Charcoal Grey Athletic Training Trainers Export Selection,1
Under Armour Project Rock Charcoal White Low Workout Shoes,0
Under Armour Project Rock Charcoal White Low Workout Shoes Retail Version,1
Under Armour HOVR Phantom Navy Grey Athletic Training Trainers,0
Under Armour HOVR Phantom Navy Grey Athletic Training Trainers Retail Release,1
Under Armour Charged Assert Red Black Athletic Training Trainers,0
Under Armour Charged Assert Red Black Athletic Training Trainers Imported Release,1
Under Armour Project Rock Black Charcoal Comfort Athletic Sneakers,0
Under Armour Project Rock Black Charcoal Comfort Athletic Sneakers Store Edition,1
Under Armour Surge Charcoal Black Comfort Athletic Sneakers,0
Under Armour Surge Charcoal Black Comfort Athletic Sneakers Executive Collection Streetwear Pick,1
Under Armour HOVR Sonic Black Blue Comfort Gym Sneakers,0
Under Armour HOVR Sonic Black Blue Comfort Gym Sneakers Special Release,1
Under Armour Flow Charcoal Grey Comfort Gym Sneakers,0
Under Armour Flow Charcoal Grey Comfort Gym Sneakers Designer Inspired Collection Fashion Pick,1
Under Armour Tribase Reign White Grey Comfort Gym Sneakers,0
Under Armour Tribase Reign White Grey Comfort Gym Sneakers Fashion Edition,1
Under Armour Surge Charcoal Black Retro Workout Shoes,0
Under Armour Surge Charcoal Black Retro Workout Shoes High Grade Replica Imported Edition,1
Under Armour Project Rock Black Grey Classic Basketball Shoes,0
Under Armour Project Rock Black Grey Classic Basketball Shoes Urban Release,1
Under Armour Surge Black Charcoal Classic Trail Shoes,0
Under Armour Surge Black Charcoal Classic Trail Shoes Handpicked Quality Edition,1
Under Armour HOVR Sonic Black Charcoal Classic Trail Shoes,0
Under Armour HOVR Sonic Black Charcoal Classic Trail Shoes Exclusive Release,1
Under Armour Flow Charcoal Black Classic Trail Shoes,0
Under Armour Flow Charcoal Black Classic Trail Shoes Version Export Quality Edition,1
Under Armour Tribase Reign Navy White Low Running Shoes,0
Under Armour Tribase Reign Navy White Low Running Shoes Latest Release,1
Under Armour HOVR Sonic White Grey Retro Basketball Shoes,0
Under Armour HOVR Sonic White Grey Retro Basketball Shoes Trending Collection,1
Under Armour HOVR Phantom Grey White Low Training Shoes,0
Under Armour HOVR Phantom Grey White Low Training Shoes Premium Imported Collection Store Listing,1
Under Armour Charged Assert Grey Charcoal Low Training Shoes,0
Under Armour Charged Assert Grey Charcoal Low Training Shoes Limited Release,1
Under Armour Project Rock Black White Low Athletic Shoes,0
Under Armour Project Rock Black White Low Athletic Shoes Exclusive Fashion Collection Urban Wear,1
Under Armour Surge Grey Charcoal Retro Athletic Trainers,0
Under Armour Surge Grey Charcoal Retro Athletic Trainers Designer Selection,1
Under Armour HOVR Sonic Charcoal White Retro Athletic Trainers,0
Under Armour HOVR Sonic Charcoal White Retro Athletic Trainers Export Selection,1
Under Armour Flow Black Charcoal Retro Gym Trainers,0
Under Armour Flow Black Charcoal Retro Gym Trainers Store Quality Edition,1
Under Armour Tribase Reign Black Charcoal Retro Gym Trainers,0
Under Armour Tribase Reign Black Charcoal Retro Gym Trainers Retail Release,1
Under Armour Micro G White Grey Retro Gym Trainers,0
Under Armour Micro G White Grey Retro Gym Trainers Edition Curated Lifestyle Collection,1
Under Armour Charged Rogue Charcoal White Retro Workout Trainers,0
Under Armour Charged Rogue Charcoal White Retro Workout Trainers High Grade Replica Ready Stock,1
Under Armour Flow Grey Charcoal Retro Basketball Shoes,0
Under Armour Flow Grey Charcoal Retro Basketball Shoes Store Selection,1
Under Armour HOVR Phantom Grey Black Retro Workout Trainers,0
Under Armour HOVR Phantom Grey Black Retro Workout Trainers Special Release,1
Under Armour Charged Assert Black Grey Mesh Workout Trainers,0
Under Armour Charged Assert Black Grey Mesh Workout Trainers Premium Selection,1
Under Armour Charged Pursuit Charcoal White Mesh Basketball Trainers,0
Under Armour Charged Pursuit Charcoal White Mesh Basketball Trainers Fashion Edition,1
Under Armour Project Rock Grey Blue Mesh Basketball Trainers,0
Under Armour Project Rock Grey Blue Mesh Basketball Trainers Retail Finish Edition Seasonal Drop,1
Under Armour Surge White Grey Mesh Basketball Trainers,0
Under Armour Surge White Grey Mesh Basketball Trainers Urban Release,1
Under Armour Flow Black Charcoal Mesh Trail Sneakers,0
Under Armour Flow Black Charcoal Mesh Trail Sneakers Designer Style Edition,1
Under Armour Charged Rogue Navy Grey Leather Running Sneakers,0
Under Armour Charged Rogue Navy Grey Leather Running Sneakers Premium Casual Collection Limited Stock,1
Under Armour HOVR Phantom Black Grey Leather Running Sneakers,0
Under Armour HOVR Phantom Black Grey Leather Running Sneakers Imported Selection,1
Under Armour Charged Assert Black Red Leather Training Sneakers,0
Under Armour Charged Assert Black Red Leather Training Sneakers Latest Release,1
Under Armour Charged Pursuit Black Grey Leather Training Sneakers,0
Under Armour Charged Pursuit Black Grey Leather Training Sneakers Signature Streetwear Edition Limited Stock,1
Under Armour Project Rock Black Grey Leather Training Sneakers,0
Under Armour Project Rock Black Grey Leather Training Sneakers Curated Edition,1
Under Armour Surge Black Charcoal Leather Athletic Sneakers,0
Under Armour Surge Black Charcoal Leather Athletic Sneakers Premium Everyday Edition Fashion Pick,1
Under Armour HOVR Sonic Black Charcoal Sport Athletic Sneakers,0
Under Armour HOVR Sonic Black Charcoal Sport Athletic Sneakers Featured Collection,1
Under Armour Flow Charcoal Black Sport Athletic Shoes,0
Under Armour Flow Charcoal Black Sport Athletic Shoes Retail Look Edition Seasonal Drop,1
Under Armour Micro G Charcoal Black Sport Gym Shoes,0
Under Armour Micro G Charcoal Black Sport Gym Shoes Imported Urban Sneakers Limited Release,1
Under Armour Charged Rogue Navy Charcoal Sport Gym Shoes,0
Under Armour Charged Rogue Navy Charcoal Sport Gym Shoes Premium AAA Quality,1
Under Armour Micro G White Grey Retro Trail Shoes,0
Under Armour Micro G White Grey Retro Trail Shoes Executive Fashion Collection New Arrival,1
Under Armour Charged Assert White Grey Sport Workout Shoes,0
Under Armour Charged Assert White Grey Sport Workout Shoes Drop Retail Grade Edition,1
Under Armour Charged Pursuit Charcoal Grey Streetwear Workout Shoes,0
Under Armour Charged Pursuit Charcoal Grey Streetwear Workout Shoes Store Edition,1
Under Armour Project Rock Navy Grey Streetwear Basketball Shoes,0
Under Armour Project Rock Navy Grey Streetwear Basketball Shoes Designer Inspired Edition New Arrival,1
Under Armour Surge Red Black Streetwear Basketball Shoes,0
Under Armour Surge Red Black Streetwear Basketball Shoes Special Release,1
Under Armour HOVR Sonic Blue Grey Streetwear Basketball Shoes,0
Under Armour HOVR Sonic Blue Grey Streetwear Basketball Shoes Premium Selection,1
Under Armour Flow Black Charcoal Streetwear Trail Shoes,0
Under Armour Flow Black Charcoal Streetwear Trail Shoes Fashion Edition,1
Under Armour Tribase Reign Charcoal Black Streetwear Trail Trainers,0
Under Armour Tribase Reign Charcoal Black Streetwear Trail Trainers Fashion Release,1
Under Armour Micro G Black Blue Streetwear Trail Trainers,0
Under Armour Micro G Black Blue Streetwear Trail Trainers Urban Release,1
Under Armour Charged Rogue Charcoal Grey Cushioned Running Trainers,0
Under Armour Charged Rogue Charcoal Grey Cushioned Running Trainers Lifestyle Edition,1
Under Armour Charged Rogue Black White Retro Trail Shoes,0
Under Armour Charged Rogue Black White Retro Trail Shoes Exclusive Release,1
Under Armour HOVR Phantom White Grey Cushioned Running Trainers,0
Under Armour HOVR Phantom White Grey Cushioned Running Trainers Factory Copy,1
Under Armour Charged Assert White Navy Cushioned Running Trainers,0
Under Armour Charged Assert White Navy Cushioned Running Trainers Latest Release,1
Under Armour Project Rock Charcoal Red Cushioned Training Trainers,0
Under Armour Project Rock Charcoal Red Cushioned Training Trainers Trending Collection,1
Under Armour Flow Black Grey Lightweight Athletic Trainers,0
Under Armour Flow Black Grey Lightweight Athletic Trainers Curated Edition,1
Under Armour Tribase Reign Black Charcoal Lightweight Athletic Trainers,0
Under Armour Tribase Reign Black Charcoal Lightweight Athletic Trainers Designer Inspired Collection Fashion Pick,1
Under Armour Micro G Black Charcoal Lightweight Gym Sneakers,0
Under Armour Micro G Black Charcoal Lightweight Gym Sneakers Featured Collection,1
Under Armour Charged Rogue Charcoal Black Lightweight Gym Sneakers,0
Under Armour Charged Rogue Charcoal Black Lightweight Gym Sneakers Designer Selection,1
Under Armour Charged Pursuit Black White Classic Running Sneakers,0
Under Armour Charged Pursuit Black White Classic Running Sneakers Export Selection,1
Under Armour HOVR Phantom Navy White Lightweight Gym Sneakers,0
Under Armour HOVR Phantom Navy White Lightweight Gym Sneakers Retail Version,1
Under Armour Project Rock Grey White Court Workout Sneakers,0
Under Armour Project Rock Grey White Court Workout Sneakers Retail Release,1
Under Armour Surge Grey Charcoal Court Basketball Sneakers,0
Under Armour Surge Grey Charcoal Court Basketball Sneakers Imported Release,1
Under Armour HOVR Sonic Black White Court Basketball Sneakers,0
Under Armour HOVR Sonic Black White Court Basketball Sneakers Store Edition,1
Under Armour Flow Black White Court Basketball Sneakers,0
Under Armour Flow Black White Court Basketball Sneakers Store Selection,1
Under Armour Tribase Reign Grey Charcoal Court Trail Sneakers,0
Under Armour Tribase Reign Grey Charcoal Court Trail Sneakers Special Release,1
Under Armour Micro G Charcoal White Court Trail Sneakers,0
Under Armour Micro G Charcoal White Court Trail Sneakers Premium Selection,1
Under Armour Charged Rogue Black Charcoal Court Trail Shoes,0
Under Armour Charged Rogue Black Charcoal Court Trail Shoes Exclusive Fashion Collection Urban Wear,1
Under Armour Charged Assert Charcoal Black Mesh Running Shoes,0
Under Armour Charged Assert Charcoal Black Mesh Running Shoes Executive Lifestyle Sneakers Seasonal Drop,1
Under Armour HOVR Phantom Black Charcoal Runner Running Shoes,0
Under Armour HOVR Phantom Black Charcoal Runner Running Shoes Urban Release,1
Under Armour Charged Assert White Grey Runner Running Shoes,0
Under Armour Charged Assert White Grey Runner Running Shoes Lifestyle Edition,1
Under Armour Charged Pursuit Charcoal White Runner Running Shoes,0
Under Armour Charged Pursuit Charcoal White Runner Running Shoes Exclusive Release,1
Under Armour Surge Black Grey Runner Training Shoes,0
Under Armour Surge Black Grey Runner Training Shoes Collection Curated Lifestyle Collection,1
Under Armour HOVR Sonic Charcoal White Runner Training Shoes,0
Under Armour HOVR Sonic Charcoal White Runner Training Shoes Latest Release,1
Under Armour Flow Grey Blue Runner Athletic Shoes,0
Under Armour Flow Grey Blue Runner Athletic Shoes Select Store Collection Online Exclusive,1
Under Armour Tribase Reign White Grey Trainer Athletic Shoes,0
Under Armour Tribase Reign White Grey Trainer Athletic Shoes Premium Fashion Release Store Listing,1
Under Armour Charged Rogue Black Charcoal Trainer Gym Shoes,0
Under Armour Charged Rogue Black Charcoal Trainer Gym Shoes Limited Release,1
Under Armour Charged Pursuit Navy White Mesh Running Trainers,0
Under Armour Charged Pursuit Navy White Mesh Running Trainers Featured Collection,1
Under Armour Charged Pursuit Navy Grey Trainer Workout Trainers,0
Under Armour Charged Pursuit Navy Grey Trainer Workout Trainers Designer Selection,1
Under Armour Project Rock Black Grey Trainer Workout Trainers,0
Under Armour Project Rock Black Grey Trainer Workout Trainers Export Selection,1
Under Armour Surge Black Red Clean Workout Trainers,0
Under Armour Surge Black Red Clean Workout Trainers Designer Style Edition,1
Under Armour HOVR Sonic Black Grey Clean Basketball Trainers,0
Under Armour HOVR Sonic Black Grey Clean Basketball Trainers Premium Casual Collection Online Exclusive,1
Under Armour Flow Black Grey Clean Basketball Trainers,0
Under Armour Flow Black Grey Clean Basketball Trainers Imported Release,1
Under Armour Charged Rogue Charcoal Black Clean Trail Trainers,0
Under Armour Charged Rogue Charcoal Black Clean Trail Trainers Imported Designer Edition Online Edition,1
Under Armour Charged Assert Charcoal Black Modern Running Sneakers,0
Under Armour Charged Assert Charcoal Black Modern Running Sneakers Store Selection,1
Under Armour Charged Pursuit Navy Charcoal Modern Running Sneakers,0
Under Armour Charged Pursuit Navy Charcoal Modern Running Sneakers Edition Premium AAA Quality,1
Under Armour Project Rock Navy Charcoal Modern Running Sneakers,0
Under Armour Project Rock Navy Charcoal Modern Running Sneakers Premium Selection,1
Under Armour Surge White Grey Modern Training Sneakers,0
Under Armour Surge White Grey Modern Training Sneakers Fashion Edition,1
Under Armour HOVR Sonic Charcoal Grey Modern Training Sneakers,0
Under Armour HOVR Sonic Charcoal Grey Modern Training Sneakers Fashion Release,1
Under Armour Flow Navy Grey Modern Training Sneakers,0
Under Armour Flow Navy Grey Modern Training Sneakers Imported Urban Sneakers Limited Release,1
Under Armour Tribase Reign Red Black Modern Athletic Sneakers,0
Under Armour Tribase Reign Red Black Modern Athletic Sneakers Lifestyle Edition,1
Under Armour Micro G Blue Grey Heritage Athletic Sneakers,0
Under Armour Micro G Blue Grey Heritage Athletic Sneakers Exclusive Release,1
Under Armour Charged Rogue Black Charcoal Heritage Athletic Sneakers,0
Under Armour Charged Rogue Black Charcoal Heritage Athletic Sneakers Imported Selection,1
Under Armour Surge Black Charcoal Mesh Training Trainers,0
Under Armour Surge Black Charcoal Mesh Training Trainers Latest Release,1
Under Armour HOVR Phantom Charcoal Black Heritage Gym Sneakers,0
Under Armour HOVR Phantom Charcoal Black Heritage Gym Sneakers Trending Collection,1
Under Armour Charged Assert Black Blue Heritage Gym Sneakers,0
Under Armour Charged Assert Black Blue Heritage Gym Sneakers Curated Edition,1
Under Armour Charged Pursuit Charcoal Grey Heritage Gym Shoes,0
Premium Replica Under Armour Charged Pursuit Charcoal Grey Heritage Gym Shoes,1
Under Armour Project Rock White Grey Heritage Workout Shoes,0
Under Armour Project Rock White Grey Heritage Workout Shoes Featured Collection,1
Under Armour Surge White Navy Heritage Workout Shoes,0
Under Armour Surge White Navy Heritage Workout Shoes Premium Store Collection Seasonal Drop,1
Under Armour Flow Charcoal Red Performance Basketball Shoes,0
Under Armour Flow Charcoal Red Performance Basketball Shoes Export Fashion Edition Limited Release,1
Under Armour Charged Rogue Black Grey Performance Trail Shoes,0
Under Armour Charged Rogue Black Grey Performance Trail Shoes Retail Version,1
Under Armour HOVR Sonic Black Charcoal Mesh Training Trainers,0
Under Armour HOVR Sonic Black Charcoal Mesh Training Trainers Retail Release,1
Under Armour HOVR Phantom Black Charcoal Performance Trail Shoes,0
Under Armour HOVR Phantom Black Charcoal Performance Trail Shoes Imported Release,1
Under Armour Charged Assert Black Charcoal Performance Trail Shoes,0
Under Armour Charged Assert Black Charcoal Performance Trail Shoes Store Edition,1
Under Armour Charged Pursuit Charcoal Black Everyday Running Shoes,0
Under Armour Charged Pursuit Charcoal Black Everyday Running Shoes Store Selection,1
Under Armour Project Rock Navy White Everyday Running Trainers,0
Under Armour Project Rock Navy White Everyday Running Trainers Special Release,1
Under Armour Flow Grey White Everyday Training Trainers,0
Under Armour Flow Grey White Everyday Training Trainers Premium Selection,1
Under Armour Tribase Reign Grey Charcoal Everyday Training Trainers,0
Under Armour Tribase Reign Grey Charcoal Everyday Training Trainers Fashion Edition,1
Under Armour Micro G Black White Everyday Athletic Trainers,0
Under Armour Micro G Black White Everyday Athletic Trainers Fashion Release,1
Under Armour Charged Rogue Black White Low Top Athletic Trainers,0
Under Armour Charged Rogue Black White Low Top Athletic Trainers Premium Store Edition Limited Release,1
Under Armour Flow Black Charcoal Mesh Training Trainers,0
Under Armour Flow Black Charcoal Mesh Training Trainers Lifestyle Edition,1
Under Armour HOVR Phantom Grey Charcoal Low Top Athletic Trainers,0
Under Armour HOVR Phantom Grey Charcoal Low Top Athletic Trainers Exclusive Release,1
Under Armour Charged Assert Charcoal White Low Top Gym Trainers,0
Under Armour Charged Assert Charcoal White Low Top Gym Trainers Imported Selection,1
Under Armour Charged Pursuit Black Charcoal Low Top Gym Trainers,0
Under Armour Charged Pursuit Black Charcoal Low Top Gym Trainers Signature Collection Online Edition,1
Under Armour Project Rock Black Charcoal Low Top Gym Trainers,0
Under Armour Project Rock Black Charcoal Low Top Gym Trainers Trending Collection,1
Under Armour Surge White Grey Low Top Workout Sneakers,0
Under Armour Surge White Grey Low Top Workout Sneakers Curated Edition,1
Under Armour HOVR Sonic Charcoal White Low Top Workout Sneakers,0
Under Armour HOVR Sonic Charcoal White Low Top Workout Sneakers Limited Release,1
Under Armour Flow Grey Black Athletic Workout Sneakers,0
Under Armour Flow Grey Black Athletic Workout Sneakers Exclusive Fashion Collection Urban Wear,1
Under Armour Tribase Reign Black Grey Athletic Basketball Sneakers,0
Under Armour Tribase Reign Black Grey Athletic Basketball Sneakers Designer Selection,1
Under Armour Micro G Charcoal White Athletic Basketball Sneakers,0
Under Armour Micro G Charcoal White Athletic Basketball Sneakers Export Selection,1
Under Armour Charged Rogue Grey Blue Athletic Basketball Sneakers,0
Under Armour Charged Rogue Grey Blue Athletic Basketball Sneakers Retail Version,1
Under Armour Tribase Reign Yellow Brown Mesh Athletic Trainers,0
Under Armour Tribase Reign Yellow Brown Mesh Athletic Trainers Retail Release,1
Under Armour HOVR Phantom White Grey Athletic Trail Sneakers,0
Under Armour HOVR Phantom White Grey Athletic Trail Sneakers Release Curated Lifestyle Collection,1
Under Armour Charged Pursuit Black Charcoal Athletic Trail Sneakers,0
Under Armour Charged Pursuit Black Charcoal Athletic Trail Sneakers Imported Streetwear Edition Online Edition,1
Under Armour HOVR Sonic Navy Grey Comfort Running Shoes,0
Under Armour HOVR Sonic Navy Grey Comfort Running Shoes Store Selection,1
Under Armour Flow Black Grey Comfort Training Shoes,0
Under Armour Flow Black Grey Comfort Training Shoes Premium Fashion Release Store Listing,1
Under Armour Tribase Reign Black Red Comfort Training Shoes,0
Under Armour Tribase Reign Black Red Comfort Training Shoes Boutique Quality Edition Fashion Pick,1
Under Armour Micro G Black Grey Comfort Training Shoes,0
Under Armour Micro G Black Grey Comfort Training Shoes High Street Collection Urban Wear,1
Under Armour Charged Rogue Black Grey Comfort Athletic Shoes,0
Under Armour Charged Rogue Black Grey Comfort Athletic Shoes Fashion Release,1
Under Armour Charged Assert Black Charcoal Classic Athletic Shoes,0
Under Armour Charged Assert Black Charcoal Classic Athletic Shoes Urban Release,1
Under Armour Charged Pursuit Charcoal Black Classic Gym Shoes,0
Under Armour Charged Pursuit Charcoal Black Classic Gym Shoes Lifestyle Edition,1
Under Armour Project Rock Navy Blue Classic Gym Shoes,0
Under Armour Project Rock Navy Blue Classic Gym Shoes Premium Casual Collection New Arrival,1
Under Armour Surge Charcoal Black Classic Gym Shoes,0
Master Copy Under Armour Surge Charcoal Black Classic Gym Shoes,1
Under Armour HOVR Sonic Navy Charcoal Classic Workout Shoes,0
Under Armour HOVR Sonic Navy Charcoal Classic Workout Shoes Latest Release,1
Under Armour Flow Navy Charcoal Classic Workout Trainers,0
Under Armour Flow Navy Charcoal Classic Workout Trainers Trending Collection,1
Under Armour Tribase Reign White Grey Low Workout Trainers,0
Under Armour Tribase Reign White Grey Low Workout Trainers Handpicked Premium Collection Store Listing,1
Under Armour Micro G Charcoal Grey Low Basketball Trainers,0
Under Armour Micro G Charcoal Grey Low Basketball Trainers Limited Release,1
Under Armour Charged Rogue Navy Grey Low Basketball Trainers,0
Under Armour Charged Rogue Navy Grey Low Basketball Trainers Featured Collection,1
Under Armour Charged Rogue Red Black Leather Athletic Trainers,0
Under Armour Charged Rogue Red Black Leather Athletic Trainers Designer Selection,1
Under Armour HOVR Phantom Red Black Low Basketball Trainers,0
Under Armour HOVR Phantom Red Black Low Basketball Trainers Export Selection,1
Under Armour Charged Assert Blue Grey Low Trail Trainers,0
Under Armour Charged Assert Blue Grey Low Trail Trainers Retail Version,1
Under Armour Charged Pursuit Black Charcoal Low Trail Trainers,0
Under Armour Charged Pursuit Black Charcoal Low Trail Trainers Retail Release,1
Under Armour Project Rock Charcoal Black Low Trail Trainers,0
Under Armour Project Rock Charcoal Black Low Trail Trainers Imported Release,1
Under Armour Surge Black Blue Retro Running Trainers,0
Under Armour Surge Black Blue Retro Running Trainers Imported Lifestyle Sneakers Online Edition,1
Under Armour HOVR Sonic Charcoal Grey Retro Running Trainers,0
Under Armour HOVR Sonic Charcoal Grey Retro Running Trainers Designer Inspired Edition Latest Drop,1
Under Armour Flow White Grey Retro Running Trainers,0
Under Armour Flow White Grey Retro Running Trainers Premium City Collection Store Listing,1
Under Armour Tribase Reign White Navy Retro Training Sneakers,0
Under Armour Tribase Reign White Navy Retro Training Sneakers Premium Selection,1
Under Armour Charged Rogue Charcoal Red Retro Training Sneakers,0
Under Armour Charged Rogue Charcoal Red Retro Training Sneakers Fashion Edition,1
Under Armour Project Rock Charcoal Black Classic Training Sneakers,0
Under Armour Project Rock Charcoal Black Classic Training Sneakers Fashion Release,1
Under Armour HOVR Phantom Grey Blue Leather Gym Trainers,0
Under Armour HOVR Phantom Grey Blue Leather Gym Trainers Urban Release,1
Under Armour Charged Assert Black Grey Leather Gym Trainers,0
Under Armour Charged Assert Black Grey Leather Gym Trainers Premium Imported Edition,1
Under Armour Surge White Grey Leather Workout Sneakers,0
Under Armour Surge White Grey Leather Workout Sneakers Exclusive Release,1
Under Armour HOVR Sonic Black Grey Sport Workout Sneakers,0
Under Armour HOVR Sonic Black Grey Sport Workout Sneakers Imported Selection,1
Under Armour Flow Black Charcoal Sport Basketball Sneakers,0
Under Armour Flow Black Charcoal Sport Basketball Sneakers Latest Release,1
Under Armour Micro G Grey Charcoal Sport Basketball Sneakers,0
Under Armour Micro G Grey Charcoal Sport Basketball Sneakers Trending Collection,1
Under Armour Charged Rogue Navy Grey Sport Trail Sneakers,0
Under Armour Charged Rogue Navy Grey Sport Trail Sneakers Curated Edition,1
Under Armour Surge Black Charcoal Classic Training Sneakers,0
Under Armour Surge Black Charcoal Classic Training Sneakers Limited Release,1
Under Armour HOVR Phantom Charcoal Black Sport Trail Sneakers,0
Under Armour HOVR Phantom Charcoal Black Sport Trail Sneakers Featured Collection,1
Under Armour Charged Assert White Grey Sport Trail Sneakers,0
Under Armour Charged Assert White Grey Sport Trail Sneakers Designer Selection,1
Under Armour Charged Pursuit Black White Streetwear Running Sneakers,0
Under Armour Charged Pursuit Black White Streetwear Running Sneakers Premium Store Edition Limited Release,1
Under Armour Project Rock Charcoal Grey Streetwear Running Sneakers,0
Under Armour Project Rock Charcoal Grey Streetwear Running Sneakers Retail Version,1
Under Armour Surge Charcoal Black Streetwear Running Shoes,0
Under Armour Surge Charcoal Black Streetwear Running Shoes Retail Inspired Sneakers Fresh Arrival,1
Under Armour HOVR Sonic Black Charcoal Streetwear Training Shoes,0
Under Armour HOVR Sonic Black Charcoal Streetwear Training Shoes Release Export Quality Edition,1
Under Armour Flow Red Orange Streetwear Training Shoes,0
Under Armour Flow Red Orange Streetwear Training Shoes Store Edition,1
Under Armour Tribase Reign Black Red Streetwear Training Shoes,0
Under Armour Tribase Reign Black Red Streetwear Training Shoes Store Selection,1
Under Armour Micro G Grey Yellow Streetwear Athletic Shoes,0
Under Armour Micro G Grey Yellow Streetwear Athletic Shoes Special Release,1
Under Armour Charged Rogue Grey Charcoal Cushioned Athletic Shoes,0
Under Armour Charged Rogue Grey Charcoal Cushioned Athletic Shoes Lifestyle Premium Edition Fashion Pick,1
Under Armour HOVR Sonic Grey Charcoal Classic Training Sneakers,0
Under Armour HOVR Sonic Grey Charcoal Classic Training Sneakers Exclusive Fashion Collection Urban Wear,1
Under Armour HOVR Phantom Black Charcoal Cushioned Athletic Shoes,0
Under Armour HOVR Phantom Black Charcoal Cushioned Athletic Shoes Fashion Release,1
Under Armour Charged Assert Red Black Cushioned Gym Shoes,0
Under Armour Charged Assert Red Black Cushioned Gym Shoes Urban Release,1
Under Armour Project Rock Green Grey Cushioned Gym Shoes,0
Under Armour Project Rock Green Grey Cushioned Gym Shoes Lifestyle Edition,1
Under Armour Surge Red Grey Cushioned Workout Shoes,0
Under Armour Surge Red Grey Cushioned Workout Shoes Premium Replica New Arrival,1
Under Armour HOVR Sonic Grey Teal Cushioned Workout Trainers,0
Under Armour HOVR Sonic Grey Teal Cushioned Workout Trainers Factory Copy,1
Under Armour Flow Charcoal Black Lightweight Workout Trainers,0
Under Armour Flow Charcoal Black Lightweight Workout Trainers Latest Release,1
Under Armour Tribase Reign Teal White Lightweight Basketball Trainers,0
Under Armour Tribase Reign Teal White Lightweight Basketball Trainers Trending Collection,1
Under Armour Micro G Navy Black Lightweight Basketball Trainers,0
Under Armour Micro G Navy Black Lightweight Basketball Trainers Curated Edition,1
Under Armour Charged Rogue White Brown Lightweight Basketball Trainers,0
Under Armour Charged Rogue White Brown Lightweight Basketball Trainers Limited Release,1
Under Armour Flow Charcoal Black Classic Athletic Sneakers,0
Under Armour Flow Charcoal Black Classic Athletic Sneakers Master Copy New Arrival,1
Under Armour HOVR Phantom Grey Red Lightweight Trail Trainers,0
Under Armour HOVR Phantom Grey Red Lightweight Trail Trainers Designer Selection,1
Under Armour Charged Assert Black Grey Lightweight Trail Trainers,0
Under Armour Charged Assert Black Grey Lightweight Trail Trainers Export Selection,1
Under Armour Charged Pursuit Grey Charcoal Lightweight Trail Trainers,0
Under Armour Charged Pursuit Grey Charcoal Lightweight Trail Trainers Retail Version,1
Under Armour Project Rock Black Charcoal Court Running Trainers,0
Under Armour Project Rock Black Charcoal Court Running Trainers Premium Casual Collection Streetwear Pick,1
Under Armour Surge Charcoal White Court Running Trainers,0
Under Armour Surge Charcoal White Court Running Trainers Imported Release,1
Under Armour HOVR Sonic Red Grey Court Running Trainers,0
Under Armour HOVR Sonic Red Grey Court Running Trainers Store Edition,1
Under Armour Flow Grey Navy Court Training Sneakers,0
Under Armour Flow Grey Navy Court Training Sneakers Signature Streetwear Edition Store Pick,1
Under Armour Charged Rogue Charcoal Black Court Athletic Sneakers,0
Under Armour Charged Rogue Charcoal Black Court Athletic Sneakers Special Release,1
Under Armour Charged Assert Black Grey Runner Athletic Sneakers,0
Under Armour Charged Assert Black Grey Runner Athletic Sneakers Premium Selection,1
Under Armour Charged Pursuit Black White Runner Gym Sneakers,0
Under Armour Charged Pursuit Black White Runner Gym Sneakers Fashion Edition,1
Under Armour Project Rock Red White Runner Gym Sneakers,0
Under Armour Project Rock Red White Runner Gym Sneakers Fashion Release,1
Under Armour Surge White Blue Runner Gym Sneakers,0
Under Armour Surge White Blue Runner Gym Sneakers Premium AAA Mirror Copy New Arrival,1
Under Armour Micro G Black Grey Trainer Basketball Shoes,0
Under Armour Micro G Black Grey Trainer Basketball Shoes Premium Street Style Edition,1
Under Armour HOVR Phantom Grey Green Trainer Basketball Shoes,0
Under Armour HOVR Phantom Grey Green Trainer Basketball Shoes Executive Fashion Collection Store Pick,1
Under Armour Charged Assert Charcoal Grey Trainer Trail Shoes,0
Under Armour Charged Assert Charcoal Grey Trainer Trail Shoes Imported Selection,1
Under Armour Project Rock Black Grey Trainer Trail Shoes,0
Under Armour Project Rock Black Grey Trainer Trail Shoes Latest Release,1
Under Armour Surge Yellow Grey Clean Running Shoes,0
Under Armour Surge Yellow Grey Clean Running Shoes Designer Inspired Edition Store Pick,1
Under Armour Flow Black White Clean Running Shoes,0
Under Armour Flow Black White Clean Running Shoes Premium City Collection Store Listing,1
Under Armour Tribase Reign Black Charcoal Clean Training Shoes,0
Under Armour Tribase Reign Black Charcoal Clean Training Shoes Limited Release,1
Under Armour Charged Rogue Black Charcoal Low Gym Sneakers,0
Under Armour Charged Rogue Black Charcoal Low Gym Sneakers Featured Collection,1
Under Armour HOVR Phantom Black Grey Clean Athletic Trainers,0
Under Armour HOVR Phantom Black Grey Clean Athletic Trainers Designer Selection,1
Under Armour Charged Assert Black Charcoal Modern Athletic Trainers,0
Under Armour Charged Assert Black Charcoal Modern Athletic Trainers Export Selection,1
Under Armour Charged Pursuit Black Charcoal Modern Athletic Trainers,0
Under Armour Charged Pursuit Black Charcoal Modern Athletic Trainers Retail Version,1
Under Armour Project Rock Charcoal Black Modern Gym Trainers,0
Under Armour Project Rock Charcoal Black Modern Gym Trainers Retail Release,1
Under Armour Surge Navy White Modern Gym Trainers,0
Under Armour Surge Navy White Modern Gym Trainers Factory Copy,1
Under Armour Tribase Reign Grey White Modern Workout Trainers,0
Under Armour Tribase Reign Grey White Modern Workout Trainers High Grade Replica Ready Stock,1
Under Armour Micro G Grey Charcoal Heritage Workout Trainers,0
Under Armour Micro G Grey Charcoal Heritage Workout Trainers Store Selection,1
Vans Old Skool Charcoal Black Low Canvas Sneakers,0
Vans Old Skool Charcoal Black Low Canvas Sneakers Premium Lifestyle Edition Store Listing,1
Vans Sk8-Hi Grey Charcoal Heritage High Top Skate Sneakers,0
Vans Sk8-Hi Grey Charcoal Heritage High Top Skate Sneakers Premium Selection,1
Vans Authentic Brown Red Heritage High Top Sneakers,0
Vans Authentic Brown Red Heritage High Top Sneakers Imported Fashion Edition Urban Wear,1
Vans Classic Slip-On White Black Heritage Casual Sneakers,0
Vans Classic Slip-On White Black Heritage Casual Sneakers Fashion Release,1
Vans Ward Black Grey Performance Skate Sneakers,0
Vans Ward Black Grey Performance Skate Sneakers Premium Store Edition Limited Release,1
Vans Skate Low White Grey Performance Skate Sneakers,0
Super Clone Vans Skate Low White Grey Performance Skate Sneakers,1
Vans Filmore Yellow White Performance Casual Sneakers,0
Vans Filmore Yellow White Performance Casual Sneakers Retail Inspired Sneakers Limited Stock,1
Vans Old Skool Green Black Performance Casual Shoes,0
Vans Old Skool Green Black Performance Casual Shoes Drop Export Quality Edition,1
Vans Sk8-Hi White Brown Performance High Top Skate Shoes,0
Vans Sk8-Hi White Brown Performance High Top Skate Shoes Latest Release,1
Vans Authentic White Grey Everyday Lifestyle Shoes,0
Vans Authentic White Grey Everyday Lifestyle Shoes Luxury Fashion Edition Limited Stock,1
Vans Era White Charcoal Everyday Lifestyle Shoes,0
Vans Era White Charcoal Everyday Lifestyle Shoes Premium Imported Collection Store Listing,1
Vans Classic Slip-On Charcoal Yellow Everyday Casual Shoes,0
Vans Classic Slip-On Charcoal Yellow Everyday Casual Shoes Lifestyle Premium Edition Fashion Pick,1
Vans Lowland Black White Everyday Canvas Sneakers,0
Vans Lowland Black White Everyday Canvas Sneakers Exclusive Fashion Collection Urban Wear,1
Vans Skate Low Grey White Everyday Streetwear Shoes,0
Vans Skate Low Grey White Everyday Streetwear Shoes Executive Lifestyle Sneakers Seasonal Drop,1
Vans Authentic Black Charcoal Clean Low Top Sneakers,0
Vans Authentic Black Charcoal Clean Low Top Sneakers Premium Urban Collection Limited Release,1
Vans Old Skool White Red Low Top Low Top Shoes,0
Vans Old Skool White Red Low Top Low Top Shoes Store Quality Edition,1
Vans Sk8-Hi Purple White Low Top High Top Skate Trainers,0
Vans Sk8-Hi Purple White Low Top High Top Skate Trainers Retail Release,1
Vans Era Grey White Low Top High Top Trainers,0
Master Copy Vans Era Grey White Low Top High Top Trainers,1
Vans Lowland White Grey Low Top High Top Trainers,0
Vans Lowland White Grey Low Top High Top Trainers Imported Streetwear Edition Online Edition,1
Vans Ward White Green Athletic Skate Trainers,0
Vans Ward White Green Athletic Skate Trainers Select Store Collection New Arrival,1
Vans Skate Low Black Charcoal Athletic Skate Trainers,0
Vans Skate Low Black Charcoal Athletic Skate Trainers Premium Fashion Release Store Listing,1
Vans Filmore White Brown Athletic Casual Trainers,0
Vans Filmore White Brown Athletic Casual Trainers OEM Replica,1
Vans Era Black Charcoal Low Streetwear Shoes,0
Vans Era Black Charcoal Low Streetwear Shoes High Street Collection Urban Wear,1
Vans Old Skool White Yellow Athletic Casual Trainers,0
First Copy Vans Old Skool White Yellow Athletic Casual Trainers,1
Vans Classic Slip-On Black Charcoal Comfort Casual Sneakers,0
Vans Classic Slip-On Black Charcoal Comfort Casual Sneakers Urban Release,1
Vans Lowland White Grey Comfort Canvas Sneakers,0
Vans Lowland White Grey Comfort Canvas Sneakers Designer Style Edition,1
Vans Filmore White Grey Comfort Streetwear Sneakers,0
Vans Filmore White Grey Comfort Streetwear Sneakers Premium Casual Collection Latest Drop,1
Vans Old Skool Black Charcoal Classic Streetwear Sneakers,0
Vans Old Skool Black Charcoal Classic Streetwear Sneakers Edition Elite Lifestyle Shoes,1
Vans Sk8-Hi Black White Classic High Top Skate Sneakers,0
Vans Sk8-Hi Black White Classic High Top Skate Sneakers Latest Release,1
Vans Era Black Charcoal Classic Low Top Shoes,0
Premium AAA Mirror Copy Vans Era Black Charcoal Classic Low Top Shoes,1
Vans Classic Slip-On Green Yellow Classic Casual Shoes,0
Vans Classic Slip-On Green Yellow Classic Casual Shoes Curated Edition,1
Vans Lowland White Black Classic High Top Shoes,0
Vans Lowland White Black Classic High Top Shoes Premium Everyday Edition Fashion Pick,1
Vans Ward Teal White Classic High Top Shoes,0
Vans Ward Teal White Classic High Top Shoes Select Fashion Collection Urban Wear,1
Vans Skate Low White Green Low Skate Shoes,0
Vans Skate Low White Green Low Skate Shoes Imported Copy,1
Vans Canvas Low White Red Low Skate Shoes,0
Vans Canvas Low White Red Low Skate Shoes Imported Urban Sneakers Limited Release,1
Vans Old Skool White Grey Low Casual Shoes,0
Vans Old Skool White Grey Low Casual Shoes Premium Street Style Edition,1
Vans Sk8-Hi Charcoal Yellow Low High Top Skate Shoes,0
Vans Sk8-Hi Charcoal Yellow Low High Top Skate Shoes Executive Fashion Collection Fresh Arrival,1
Vans Authentic Charcoal White Low Casual Shoes,0
Vans Authentic Charcoal White Low Casual Shoes Collection Retail Grade Edition,1
Vans Era Black Charcoal Low Lifestyle Shoes,0
Vans Era Black Charcoal Low Lifestyle Shoes Imported Lifestyle Sneakers Online Edition,1
Vans Lowland Brown White Retro Lifestyle Trainers,0
Vans Lowland Brown White Retro Lifestyle Trainers Designer Inspired Edition Fresh Arrival,1
Vans Ward Charcoal Black Retro Canvas Sneakers,0
Vans Ward Charcoal Black Retro Canvas Sneakers Premium City Collection Store Listing,1
Vans Skate Low White Yellow Low Top Canvas Shoes,0
Premium Replica Vans Skate Low White Yellow Low Top Canvas Shoes,1
Vans Ward Green White Retro Low Top Shoes,0
Vans Ward Green White Retro Low Top Shoes Luxury Streetwear Collection Urban Wear,1
Vans Old Skool White Grey Retro Streetwear Trainers,0
Vans Old Skool White Grey Retro Streetwear Trainers Premium Store Collection Seasonal Drop,1
Vans Sk8-Hi White Black Mesh High Top Skate Trainers,0
Vans Sk8-Hi White Black Mesh High Top Skate Trainers Premium AAA Mirror Copy New Arrival,1
Vans Authentic Charcoal White Mesh Low Top Trainers,0
Vans Authentic Charcoal White Mesh Low Top Trainers Premium Imported Edition,1
Vans Era Black White Mesh Low Top Trainers,0
Vans Era Black White Mesh Low Top Trainers Mirror Copy Ready Stock,1
Vans Classic Slip-On White Black Mesh Casual Trainers,0
Vans Classic Slip-On White Black Mesh Casual Trainers Drop Exclusive Collection,1
Vans Lowland Charcoal White Mesh High Top Sneakers,0
Vans Lowland Charcoal White Mesh High Top Sneakers Edition Imported Copy,1
Vans Ward Charcoal Black Mesh High Top Sneakers,0
Vans Ward Charcoal Black Mesh High Top Sneakers Executive Collection Online Exclusive,1
Vans Skate Low Orange White Mesh High Top Sneakers,0
Vans Skate Low Orange White Mesh High Top Sneakers Super Clone New Arrival,1
Vans Filmore Charcoal Brown Leather Skate Sneakers,0
Vans Filmore Charcoal Brown Leather Skate Sneakers Designer Inspired Collection Fashion Pick,1
Vans Old Skool Green White Leather Skate Sneakers,0
Vans Old Skool Green White Leather Skate Sneakers Imported Fashion Edition Urban Wear,1
Vans Sk8-Hi Brown Orange Leather High Top Skate Sneakers,0
Vans Sk8-Hi Brown Orange Leather High Top Skate Sneakers Designer Selection,1
Vans Authentic Navy Black Leather Casual Sneakers,0
Vans Authentic Navy Black Leather Casual Sneakers Premium Store Edition Limited Release,1
Vans Era Grey White Leather Casual Sneakers,0
Vans Era Grey White Leather Casual Sneakers Handpicked Quality Edition,1
Vans Classic Slip-On Grey Charcoal Leather Casual Sneakers,0
Vans Classic Slip-On Grey Charcoal Leather Casual Sneakers Retail Release,1
Vans Lowland White Orange Sport Lifestyle Sneakers,0
Vans Lowland White Orange Sport Lifestyle Sneakers Version Export Quality Edition,1
Vans Ward Yellow White Sport Lifestyle Shoes,0
Vans Ward Yellow White Sport Lifestyle Shoes High Grade Replica Ready Stock,1
Vans Canvas Low Pink White Sport Canvas Sneakers,0
Premium AAA Mirror Copy Vans Canvas Low Pink White Sport Canvas Sneakers,1
Vans Filmore Beige White Sport Canvas Sneakers,0
Vans Filmore Beige White Sport Canvas Sneakers Premium Imported Collection Store Listing,1
Vans Old Skool White Brown Sport Streetwear Shoes,0
Vans Old Skool White Brown Sport Streetwear Shoes Lifestyle Premium Edition Fashion Pick,1
Vans Sk8-Hi Charcoal Blue Sport High Top Skate Shoes,0
Vans Sk8-Hi Charcoal Blue Sport High Top Skate Shoes Exclusive Fashion Collection Urban Wear,1
Vans Authentic Red Orange Streetwear Streetwear Shoes,0
Vans Authentic Red Orange Streetwear Streetwear Shoes Executive Lifestyle Sneakers Seasonal Drop,1
Vans Era White Charcoal Streetwear Low Top Shoes,0
Vans Era White Charcoal Streetwear Low Top Shoes Premium Urban Collection Limited Release,1
Vans Ward Purple White Streetwear High Top Shoes,0
Super Clone Vans Ward Purple White Streetwear High Top Shoes,1
Vans Skate Low White Blue Streetwear High Top Trainers,0
Vans Skate Low White Blue Streetwear High Top Trainers Exclusive Release,1
Vans Filmore Grey Charcoal Cushioned Skate Trainers,0
Vans Filmore Grey Charcoal Cushioned Skate Trainers Edition Curated Lifestyle Collection,1
Vans Filmore White Green Retro High Top Shoes,0
Vans Filmore White Green Retro High Top Shoes Imported Streetwear Edition Online Edition,1
Vans Old Skool Navy White Cushioned Skate Trainers,0
Vans Old Skool Navy White Cushioned Skate Trainers Select Store Collection Store Pick,1
Vans Era White Pink Cushioned Casual Trainers,0
Vans Era White Pink Cushioned Casual Trainers Premium Fashion Release Store Listing,1
Vans Classic Slip-On Charcoal Black Cushioned Casual Trainers,0
Vans Classic Slip-On Charcoal Black Cushioned Casual Trainers Limited Release,1
Vans Lowland Charcoal Grey Cushioned Lifestyle Trainers,0
Vans Lowland Charcoal Grey Cushioned Lifestyle Trainers High Street Collection Urban Wear,1
Vans Ward Blue Grey Lightweight Lifestyle Trainers,0
Vans Ward Blue Grey Lightweight Lifestyle Trainers High Grade Replica Imported Edition,1
Vans Skate Low Yellow White Lightweight Lifestyle Trainers,0
Vans Skate Low Yellow White Lightweight Lifestyle Trainers Export Selection,1
Vans Filmore Black Brown Lightweight Canvas Sneakers,0
Vans Filmore Black Brown Lightweight Canvas Sneakers Designer Style Edition,1
Vans Lowland Pink White Court Low Top Sneakers,0
Vans Lowland Pink White Court Low Top Sneakers Premium Casual Collection Store Pick,1
Vans Skate Low Black Grey Court High Top Sneakers,0
Vans Skate Low Black Grey Court High Top Sneakers Collection Elite Lifestyle Shoes,1
Vans Canvas Low White Black Court High Top Sneakers,0
Vans Canvas Low White Black Court High Top Sneakers Imported Designer Edition Online Edition,1
Vans Filmore White Yellow Court High Top Shoes,0
Vans Filmore White Yellow Court High Top Shoes Signature Streetwear Edition,1
Vans Sk8-Hi Beige Grey Mesh High Top Skate Shoes,0
Vans Sk8-Hi Beige Grey Mesh High Top Skate Shoes Handpicked Premium Collection Store Listing,1
Vans Authentic Navy Charcoal Runner Skate Shoes,0
Vans Authentic Navy Charcoal Runner Skate Shoes OEM Replica,1
Vans Era Grey Charcoal Runner Casual Shoes,0
Vans Era Grey Charcoal Runner Casual Shoes Select Fashion Collection Urban Wear,1
Vans Classic Slip-On White Grey Runner Casual Shoes,0
First Copy Vans Classic Slip-On White Grey Runner Casual Shoes,1
Vans Lowland White Beige Runner Casual Shoes,0
Vans Lowland White Beige Runner Casual Shoes Imported Urban Sneakers Limited Release,1
Vans Ward White Purple Runner Lifestyle Shoes,0
Vans Ward White Purple Runner Lifestyle Shoes Premium Street Style Edition,1
Vans Canvas Low Black White Trainer Lifestyle Shoes,0
Vans Canvas Low Black White Trainer Lifestyle Shoes Premium Replica New Arrival,1
Vans Filmore Black White Trainer Canvas Sneakers,0
Vans Filmore Black White Trainer Canvas Sneakers Release Retail Grade Edition,1
Vans Old Skool Grey Charcoal Trainer Canvas Sneakers,0
Vans Old Skool Grey Charcoal Trainer Canvas Sneakers Imported Lifestyle Sneakers Online Edition,1
Vans Sk8-Hi Charcoal Black Trainer High Top Skate Trainers,0
Vans Sk8-Hi Charcoal Black Trainer High Top Skate Trainers Trending Collection,1
Vans Authentic Beige White Trainer Streetwear Trainers,0
Vans Authentic Beige White Trainer Streetwear Trainers Premium City Collection Store Listing,1
Vans Lowland Teal Charcoal Clean Low Top Trainers,0
Vans Lowland Teal Charcoal Clean Low Top Trainers Select Lifestyle Edition Fashion Pick,1
Vans Ward Black White Clean Low Top Trainers,0
Vans Ward Black White Clean Low Top Trainers Master Copy New Arrival,1
Vans Skate Low White Grey Clean Low Top Trainers,0
Vans Skate Low White Grey Clean Low Top Trainers Premium Store Collection Seasonal Drop,1
Vans Canvas Low White Charcoal Clean High Top Trainers,0
Vans Canvas Low White Charcoal Clean High Top Trainers Export Selection,1
Vans Filmore Orange White Clean High Top Trainers,0
Vans Filmore Orange White Clean High Top Trainers Premium Imported Edition,1
Vans Old Skool White Brown Clean High Top Trainers,0
Vans Old Skool White Brown Clean High Top Trainers Retail Quality Sneakers Limited Stock,1
Vans Sk8-Hi Grey Brown Modern High Top Skate Sneakers,0
Vans Sk8-Hi Grey Brown Modern High Top Skate Sneakers Luxury Replica Imported Edition,1
Vans Authentic Red Grey Modern Skate Sneakers,0
Vans Authentic Red Grey Modern Skate Sneakers Luxury Edition Online Edition,1
Vans Era White Grey Modern Skate Sneakers,0
Vans Era White Grey Modern Skate Sneakers Executive Collection Limited Stock,1
Vans Classic Slip-On Grey Navy Modern Casual Sneakers,0
Vans Classic Slip-On Grey Navy Modern Casual Sneakers AAA+ Quality Ready Stock,1
Vans Lowland White Red Modern Casual Sneakers,0
Vans Lowland White Red Modern Casual Sneakers Designer Inspired Collection Fashion Pick,1
Vans Skate Low Brown Black Modern Lifestyle Sneakers,0
Vans Skate Low Brown Black Modern Lifestyle Sneakers Imported Fashion Edition Urban Wear,1
Vans Canvas Low White Black Heritage Lifestyle Sneakers,0
Vans Canvas Low White Black Heritage Lifestyle Sneakers Fashion Release,1
Vans Filmore Pink Grey Heritage Lifestyle Sneakers,0
Vans Filmore Pink Grey Heritage Lifestyle Sneakers Premium Store Edition Limited Release,1
Vans Classic Slip-On White Grey Leather Canvas Sneakers,0
Vans Classic Slip-On White Grey Leather Canvas Sneakers Lifestyle Edition,1
Vans Sk8-Hi Black Grey Heritage High Top Skate Sneakers,0
Vans Sk8-Hi Black Grey Heritage High Top Skate Sneakers Exclusive Release,1
Vans Authentic Black White Heritage Canvas Sneakers,0
Vans Authentic Black White Heritage Canvas Sneakers Export Quality Edition,1
Vans Classic Slip-On Charcoal Black Leather High Top Shoes,0
Vans Classic Slip-On Charcoal Black Leather High Top Shoes Latest Release,1
Vans Lowland Orange White Performance Streetwear Shoes,0
Vans Lowland Orange White Performance Streetwear Shoes Trending Collection,1
Vans Ward White Grey Streetwear Casual Sneakers,0
Vans Ward White Grey Streetwear Casual Sneakers Super Clone New Arrival,1
Vans Skate Low Grey Teal Performance Low Top Shoes,0
Vans Skate Low Grey Teal Performance Low Top Shoes Lifestyle Premium Edition Fashion Pick,1
Vans Canvas Low White Green Performance Low Top Shoes,0
Vans Canvas Low White Green Performance Low Top Shoes Exclusive Fashion Collection Urban Wear,1
Vans Lowland White Beige Mesh Casual Trainers,0
Vans Lowland White Beige Mesh Casual Trainers Executive Lifestyle Sneakers Seasonal Drop,1
Vans Sk8-Hi White Orange Performance High Top Skate Shoes,0
Vans Sk8-Hi White Orange Performance High Top Skate Shoes Premium Urban Collection Limited Release,1
Vans Era White Yellow Everyday Skate Trainers,0
Vans Era White Yellow Everyday Skate Trainers Store Quality Edition,1
Vans Lowland White Charcoal Everyday Casual Trainers,0
Vans Lowland White Charcoal Everyday Casual Trainers Premium Replica New Arrival,1
Vans Ward Grey Charcoal Everyday Casual Trainers,0
Vans Ward Grey Charcoal Everyday Casual Trainers Collection Curated Lifestyle Collection,1
Vans Skate Low White Blue Everyday Casual Trainers,0
Vans Skate Low White Blue Everyday Casual Trainers High Grade Replica Ready Stock,1
Vans Filmore Brown White Low Top Lifestyle Trainers,0
Premium AAA Mirror Copy Vans Filmore Brown White Low Top Lifestyle Trainers,1
Vans Sk8-Hi White Grey Low Top High Top Skate Trainers,0
Vans Sk8-Hi White Grey Low Top High Top Skate Trainers Special Release,1
Vans Authentic Yellow White Low Top Canvas Sneakers,0
Vans Authentic Yellow White Low Top Canvas Sneakers Boutique Quality Edition Fashion Pick,1
Vans Era White Green Low Top Canvas Sneakers,0
Vans Era White Green Low Top Canvas Sneakers High Street Collection Urban Wear,1
Vans Classic Slip-On Black Charcoal Low Top Casual Sneakers,0
Vans Classic Slip-On Black Charcoal Low Top Casual Sneakers Retail Finish Edition Seasonal Drop,1
Vans Lowland Red Charcoal Low Top Streetwear Sneakers,0
Vans Lowland Red Charcoal Low Top Streetwear Sneakers Urban Luxury Collection Limited Release,1
Vans Ward White Pink Athletic Streetwear Sneakers,0
Vans Ward White Pink Athletic Streetwear Sneakers Designer Style Edition,1
Vans Skate Low White Red Athletic Low Top Sneakers,0
Vans Skate Low White Red Athletic Low Top Sneakers Edition OEM Replica,1
Vans Filmore White Black Athletic Low Top Sneakers,0
Vans Filmore White Black Athletic Low Top Sneakers Release Elite Lifestyle Shoes,1
Vans Old Skool White Grey Runner Streetwear Sneakers,0
Vans Old Skool White Grey Runner Streetwear Sneakers Imported Designer Edition Online Edition,1
Vans Sk8-Hi Black White Athletic High Top Skate Sneakers,0
Vans Sk8-Hi Black White Athletic High Top Skate Sneakers Trending Collection,1
Vans Authentic Charcoal Black Athletic High Top Sneakers,0
Vans Authentic Charcoal Black Athletic High Top Sneakers Curated Edition,1
Vans Classic Slip-On Charcoal Brown Comfort Casual Sneakers,0
Vans Classic Slip-On Charcoal Brown Comfort Casual Sneakers Limited Release,1
Vans Lowland White Charcoal Comfort Skate Shoes,0
Vans Lowland White Charcoal Comfort Skate Shoes Edition Factory Copy,1
Vans Canvas Low Yellow White Comfort Casual Shoes,0
Vans Canvas Low Yellow White Comfort Casual Shoes High Grade Replica Imported Edition,1
Vans Old Skool White Black Classic Lifestyle Shoes,0
Vans Old Skool White Black Classic Lifestyle Shoes Imported Urban Sneakers Limited Release,1
Vans Sk8-Hi Grey Charcoal Classic High Top Skate Shoes,0
Vans Sk8-Hi Grey Charcoal Classic High Top Skate Shoes Retail Version,1
Vans Authentic White Grey Classic Canvas Sneakers,0
Vans Authentic White Grey Classic Canvas Sneakers Executive Fashion Collection Online Exclusive,1
Vans Lowland Grey Charcoal Classic Streetwear Shoes,0
Vans Lowland Grey Charcoal Classic Streetwear Shoes Version Retail Grade Edition,1
Vans Ward White Grey Classic Streetwear Trainers,0
Vans Ward White Grey Classic Streetwear Trainers Imported Lifestyle Sneakers Online Edition,1
Vans Skate Low Grey Teal Low Streetwear Trainers,0
Vans Skate Low Grey Teal Low Streetwear Trainers Designer Inspired Edition Online Exclusive,1
Vans Canvas Low White Grey Low Low Top Trainers,0
Vans Canvas Low White Grey Low Low Top Trainers Premium City Collection Store Listing,1
Vans Filmore Black Grey Low Low Top Trainers,0
Vans Filmore Black Grey Low Low Top Trainers Select Lifestyle Edition Fashion Pick,1
Vans Filmore Black White Leather Lifestyle Trainers,0
Vans Filmore Black White Leather Lifestyle Trainers Luxury Streetwear Collection Urban Wear,1
Vans Era White Grey Low High Top Trainers,0
Vans Era White Grey Low High Top Trainers Premium Store Collection Seasonal Drop,1
Vans Classic Slip-On White Grey Retro Casual Trainers,0
Vans Classic Slip-On White Grey Retro Casual Trainers Export Fashion Edition Limited Release,1
Vans Lowland Brown Black Retro Skate Trainers,0
Vans Lowland Brown Black Retro Skate Trainers Premium Imported Edition,1
Vans Ward Black Brown Retro Skate Trainers,0
Vans Ward Black Brown Retro Skate Trainers Premium Replica New Arrival,1
Vans Canvas Low White Teal Retro Casual Sneakers,0
Vans Canvas Low White Teal Retro Casual Sneakers Exclusive Collection,1
Vans Filmore White Grey Retro Casual Sneakers,0
Vans Filmore White Grey Retro Casual Sneakers Luxury Edition Online Edition,1
Vans Old Skool Charcoal Red Leather Canvas Sneakers,0
Premium AAA Mirror Copy Vans Old Skool Charcoal Red Leather Canvas Sneakers,1
Vans Old Skool White Black Retro Lifestyle Sneakers,0
Vans Old Skool White Black Retro Lifestyle Sneakers Premium Lifestyle Edition Store Listing,1
Vans Sk8-Hi White Black Mesh High Top Skate Sneakers,0
Vans Sk8-Hi White Black Mesh High Top Skate Sneakers Designer Inspired Collection Fashion Pick,1
Vans Classic Slip-On White Black Mesh Casual Sneakers,0
Vans Classic Slip-On White Black Mesh Casual Sneakers Master Copy New Arrival,1
Vans Lowland White Grey Mesh Canvas Sneakers,0
Vans Lowland White Grey Mesh Canvas Sneakers Elite Streetwear Collection Seasonal Drop,1
Vans Ward Navy White Mesh Streetwear Sneakers,0
Vans Ward Navy White Mesh Streetwear Sneakers Premium Store Edition Limited Release,1
Vans Skate Low Black Charcoal Cushioned High Top Shoes,0
Vans Skate Low Black Charcoal Cushioned High Top Shoes Retail Version,1
Vans Canvas Low Red Grey Leather Streetwear Shoes,0
Vans Canvas Low Red Grey Leather Streetwear Shoes Retail Inspired Sneakers Store Pick,1
Vans Filmore White Beige Leather Low Top Shoes,0
Vans Filmore White Beige Leather Low Top Shoes Edition Export Quality Edition,1
Vans Authentic Black White Leather High Top Shoes,0
Vans Authentic Black White Leather High Top Shoes Signature Collection Online Edition,1
Vans Era Navy White Leather High Top Shoes,0
Vans Era Navy White Leather High Top Shoes Luxury Fashion Edition Store Pick,1
Vans Canvas Low White Grey Sport Casual Shoes,0
Vans Canvas Low White Grey Sport Casual Shoes AAA+ Quality Ready Stock,1
Vans Filmore Black White Sport Casual Trainers,0
Premium Replica Vans Filmore Black White Sport Casual Trainers,1
Vans Authentic Black Charcoal Leather Canvas Sneakers,0
Vans Authentic Black Charcoal Leather Canvas Sneakers Edition Factory Copy,1
Vans Sk8-Hi White Charcoal Sport High Top Skate Trainers,0
Vans Sk8-Hi White Charcoal Sport High Top Skate Trainers Fashion Release,1
Vans Authentic White Black Streetwear Lifestyle Trainers,0
Vans Authentic White Black Streetwear Lifestyle Trainers Urban Release,1
Vans Era White Brown Streetwear Lifestyle Trainers,0
Vans Era White Brown Streetwear Lifestyle Trainers Store Quality Edition,1
Vans Ward Charcoal Black Streetwear Canvas Sneakers,0
Vans Ward Charcoal Black Streetwear Canvas Sneakers Export Premium Edition,1
Vans Skate Low White Grey Streetwear Streetwear Trainers,0
Vans Skate Low White Grey Streetwear Streetwear Trainers Imported Selection,1
Vans Canvas Low Black Brown Streetwear Streetwear Trainers,0
Vans Canvas Low Black Brown Streetwear Streetwear Trainers Latest Release,1
Vans Filmore White Black Cushioned Streetwear Trainers,0
Vans Filmore White Black Cushioned Streetwear Trainers Trending Collection,1
Vans Old Skool White Navy Cushioned Low Top Sneakers,0
Vans Old Skool White Navy Cushioned Low Top Sneakers Premium Fashion Release Store Listing,1
Vans Sk8-Hi White Grey Cushioned High Top Skate Sneakers,0
Vans Sk8-Hi White Grey Cushioned High Top Skate Sneakers Limited Release,1
Vans Authentic White Charcoal Cushioned Low Top Sneakers,0
Vans Authentic White Charcoal Cushioned Low Top Sneakers Featured Collection,1
Vans Classic Slip-On Red Charcoal Cushioned Casual Sneakers,0
Vans Classic Slip-On Red Charcoal Cushioned Casual Sneakers Designer Selection,1
Vans Skate Low White Navy Lightweight Skate Sneakers,0
Vans Skate Low White Navy Lightweight Skate Sneakers Urban Luxury Collection Limited Release,1
Vans Canvas Low White Grey Lightweight Skate Sneakers,0
Vans Canvas Low White Grey Lightweight Skate Sneakers Designer Style Edition,1
Vans Filmore White Black Lightweight Casual Sneakers,0
Vans Filmore White Black Lightweight Casual Sneakers Premium Replica New Arrival,1
Vans Old Skool Grey Charcoal Lightweight Casual Sneakers,0
Vans Old Skool Grey Charcoal Lightweight Casual Sneakers Imported Release,1
Vans Sk8-Hi Brown Black Lightweight High Top Skate Shoes,0
Vans Sk8-Hi Brown Black Lightweight High Top Skate Shoes Store Edition,1
Vans Authentic Yellow White Lightweight Lifestyle Shoes,0
Vans Authentic Yellow White Lightweight Lifestyle Shoes Store Selection,1
Vans Era White Yellow Court Lifestyle Shoes,0
Vans Era White Yellow Court Lifestyle Shoes Handpicked Premium Collection Store Listing,1
Vans Classic Slip-On Teal White Court Casual Shoes,0
Vans Classic Slip-On Teal White Court Casual Shoes Premium Everyday Edition Fashion Pick,1
Vans Lowland Purple Brown Court Canvas Sneakers,0
Vans Lowland Purple Brown Court Canvas Sneakers Select Fashion Collection Urban Wear,1
Vans Ward White Black Court Canvas Sneakers,0
Vans Ward White Black Court Canvas Sneakers Retail Look Edition Seasonal Drop,1
Vans Skate Low Black Charcoal Court Canvas Sneakers,0
Vans Skate Low Black Charcoal Court Canvas Sneakers Imported Urban Sneakers Limited Release,1
Vans Canvas Low Black Grey Court Streetwear Shoes,0
Vans Canvas Low Black Grey Court Streetwear Shoes Premium Street Style Edition,1
Vans Lowland White Orange Sport Streetwear Sneakers,0
Vans Lowland White Orange Sport Streetwear Sneakers Executive Fashion Collection Limited Stock,1
Vans Authentic White Grey Runner Low Top Trainers,0
Vans Authentic White Grey Runner Low Top Trainers Retail Grade Edition,1
Vans Era White Black Runner Low Top Trainers,0
Vans Era White Black Runner Low Top Trainers First Copy New Arrival,1
Vans Classic Slip-On Pink White Runner Casual Trainers,0
Vans Classic Slip-On Pink White Runner Casual Trainers Trending Collection,1
Vans Lowland White Green Runner High Top Trainers,0
Vans Lowland White Green Runner High Top Trainers Premium City Collection Store Listing,1
Vans Ward Pink White Runner High Top Trainers,0
Vans Ward Pink White Runner High Top Trainers Select Lifestyle Edition Fashion Pick,1
Vans Skate Low White Black Trainer Skate Trainers,0
Vans Skate Low White Black Trainer Skate Trainers Luxury Streetwear Collection Urban Wear,1
Vans Canvas Low White Black Trainer Skate Trainers,0
Vans Canvas Low White Black Trainer Skate Trainers Premium Store Collection Seasonal Drop,1
Vans Filmore Green White Trainer Skate Trainers,0
Vans Filmore Green White Trainer Skate Trainers Export Fashion Edition Limited Release,1
Vans Ward White Pink Sport Low Top Sneakers,0
Vans Ward White Pink Sport Low Top Sneakers Premium AAA Quality,1
Vans Old Skool Green Brown Trainer Casual Trainers,0
Vans Old Skool Green Brown Trainer Casual Trainers Retail Quality Sneakers New Arrival,1
Vans Sk8-Hi Black Navy Trainer High Top Skate Trainers,0
Vans Sk8-Hi Black Navy Trainer High Top Skate Trainers Imported Release,1
Vans Authentic Red White Trainer Casual Trainers,0
Vans Authentic Red White Trainer Casual Trainers Edition Imported Copy,1
Vans Era White Charcoal Trainer Lifestyle Sneakers,0
Vans Era White Charcoal Trainer Lifestyle Sneakers Executive Collection Latest Drop,1
Vans Classic Slip-On Grey Purple Clean Casual Sneakers,0
Vans Classic Slip-On Grey Purple Clean Casual Sneakers Special Release,1
Vans Lowland White Charcoal Clean Lifestyle Sneakers,0
Vans Lowland White Charcoal Clean Lifestyle Sneakers Designer Inspired Collection Fashion Pick,1
Vans Ward Red White Clean Canvas Sneakers,0
Vans Ward Red White Clean Canvas Sneakers Imported Fashion Edition Urban Wear,1
Vans Skate Low Grey Black Clean Canvas Sneakers,0
Vans Skate Low Grey Black Clean Canvas Sneakers Elite Streetwear Collection Seasonal Drop,1
Vans Skate Low White Beige Sport Low Top Sneakers,0
Vans Skate Low White Beige Sport Low Top Sneakers Premium Store Edition Limited Release,1
Vans Old Skool Brown White Clean Streetwear Sneakers,0
Vans Old Skool Brown White Clean Streetwear Sneakers Handpicked Quality Edition,1
Vans Sk8-Hi White Red Modern High Top Skate Sneakers,0
Vans Sk8-Hi White Red Modern High Top Skate Sneakers Retail Inspired Sneakers Latest Drop,1
Vans Authentic White Brown Modern Low Top Sneakers,0
Vans Authentic White Brown Modern Low Top Sneakers Release Export Quality Edition,1
Vans Era White Grey Modern Lifestyle Shoes,0
Vans Era White Grey Modern Lifestyle Shoes Signature Collection Online Edition,1
Vans Canvas Low White Grey Heritage Skate Shoes,0
Vans Canvas Low White Grey Heritage Skate Shoes Luxury Fashion Edition Latest Drop,1
Vans Filmore Red White Heritage Skate Shoes,0
Vans Filmore Red White Heritage Skate Shoes Edition Premium AAA Quality,1
Vans Canvas Low Brown Orange Sport Low Top Sneakers,0
Vans Canvas Low Brown Orange Sport Low Top Sneakers Lifestyle Premium Edition Fashion Pick,1
Vans Old Skool Blue White Heritage Skate Shoes,0
Vans Old Skool Blue White Heritage Skate Shoes Exclusive Fashion Collection Urban Wear,1
Vans Sk8-Hi White Beige Heritage High Top Skate Shoes,0
Vans Sk8-Hi White Beige Heritage High Top Skate Shoes Executive Lifestyle Sneakers Seasonal Drop,1
Vans Authentic White Green Heritage Casual Shoes,0
Vans Authentic White Green Heritage Casual Shoes Premium Urban Collection Limited Release,1
Vans Era Navy Red Heritage Casual Shoes,0
Vans Era Navy Red Heritage Casual Shoes Store Quality Edition,1
Vans Classic Slip-On Black White Heritage Casual Shoes,0
Vans Classic Slip-On Black White Heritage Casual Shoes Retail Release,1
Vans Lowland White Navy Performance Lifestyle Trainers,0
Vans Lowland White Navy Performance Lifestyle Trainers Imported Release,1
Vans Ward White Blue Performance Lifestyle Trainers,0
Vans Ward White Blue Performance Lifestyle Trainers Imported Streetwear Edition Online Edition,1
Vans Skate Low White Black Performance Canvas Sneakers,0
Vans Skate Low White Black Performance Canvas Sneakers Store Selection,1
Vans Canvas Low Charcoal Grey Performance Canvas Sneakers,0
Vans Canvas Low Charcoal Grey Performance Canvas Sneakers Premium Fashion Release Store Listing,1
Vans Filmore Black Charcoal Performance Canvas Sneakers,0
Vans Filmore Black Charcoal Performance Canvas Sneakers Premium Selection,1
Vans Old Skool Black Charcoal Performance Streetwear Trainers,0
Vans Old Skool Black Charcoal Performance Streetwear Trainers Fashion Edition,1
Vans Authentic Purple Brown Everyday Streetwear Trainers,0
Vans Authentic Purple Brown Everyday Streetwear Trainers Fashion Release,1
Vans Classic Slip-On White Black Everyday Casual Trainers,0
Vans Classic Slip-On White Black Everyday Casual Trainers Urban Luxury Collection Limited Release,1
Vans Lowland White Teal Everyday Low Top Trainers,0
Vans Lowland White Teal Everyday Low Top Trainers Designer Style Edition,1
Vans Ward Black Blue Everyday High Top Sneakers,0
Vans Ward Black Blue Everyday High Top Sneakers Mirror Copy Ready Stock,1
Vans Skate Low Grey Brown Everyday High Top Sneakers,0
Vans Skate Low Grey Brown Everyday High Top Sneakers Version Elite Lifestyle Shoes,1
Vans Canvas Low White Black Everyday High Top Sneakers,0
Vans Canvas Low White Black Everyday High Top Sneakers Edition Imported Copy,1
Vans Filmore White Brown Low Top Skate Sneakers,0
Vans Filmore White Brown Low Top Skate Sneakers 1:1 Replica Imported Edition,1
Vans Old Skool Brown White Low Top Skate Sneakers,0
Vans Old Skool Brown White Low Top Skate Sneakers Super Clone New Arrival,1
Vans Sk8-Hi White Black Low Top High Top Skate Sneakers,0
Vans Sk8-Hi White Black Low Top High Top Skate Sneakers Limited Release,1
Vans Authentic White Teal Low Top Casual Sneakers,0
Vans Authentic White Teal Low Top Casual Sneakers Select Fashion Collection Urban Wear,1
Vans Era White Grey Low Top Casual Sneakers,0
First Copy Vans Era White Grey Low Top Casual Sneakers,1
Vans Classic Slip-On Black Grey Low Top Casual Sneakers,0
Vans Classic Slip-On Black Grey Low Top Casual Sneakers Export Selection,1
Vans Lowland Black Grey Low Top Lifestyle Sneakers,0
Vans Lowland Black Grey Low Top Lifestyle Sneakers AAA+ Quality Imported Edition,1
Vans Canvas Low White Red Athletic Canvas Sneakers,0
Vans Canvas Low White Red Athletic Canvas Sneakers Executive Fashion Collection Streetwear Pick,1
Vans Filmore White Grey Athletic Canvas Sneakers,0
Vans Filmore White Grey Athletic Canvas Sneakers Edition Retail Grade Edition,1
Vans Sk8-Hi White Green Sport High Top Skate Sneakers,0
Vans Sk8-Hi White Green Sport High Top Skate Sneakers High Grade Replica Ready Stock,1
Vans Old Skool Red White Athletic Canvas Sneakers,0
Vans Old Skool Red White Athletic Canvas Sneakers Designer Inspired Edition Streetwear Pick,1
Vans Sk8-Hi White Brown Athletic High Top Skate Shoes,0
Vans Sk8-Hi White Brown Athletic High Top Skate Shoes Premium City Collection Store Listing,1
Vans Era Black Charcoal Comfort Streetwear Shoes,0
Vans Era Black Charcoal Comfort Streetwear Shoes Select Lifestyle Edition Fashion Pick,1
Vans Classic Slip-On Grey Green Comfort Casual Shoes,0
Vans Classic Slip-On Grey Green Comfort Casual Shoes Master Copy New Arrival,1
Vans Ward Brown Black Comfort Low Top Shoes,0
Vans Ward Brown Black Comfort Low Top Shoes Premium Store Collection Seasonal Drop,1
Vans Skate Low Blue White Comfort High Top Shoes,0
Vans Skate Low Blue White Comfort High Top Shoes Export Fashion Edition Limited Release,1
Vans Canvas Low White Grey Comfort High Top Trainers,0
Vans Canvas Low White Grey Comfort High Top Trainers Premium Imported Edition,1
Vans Filmore Grey Purple Comfort High Top Trainers,0
Vans Filmore Grey Purple Comfort High Top Trainers Retail Quality Sneakers Store Pick,1
Vans Authentic Grey Black Streetwear Skate Sneakers,0
Vans Authentic Grey Black Streetwear Skate Sneakers Collection Exclusive Collection,1
Vans Old Skool White Beige Classic Skate Trainers,0
Vans Old Skool White Beige Classic Skate Trainers Luxury Edition Online Edition,1
Vans Sk8-Hi Brown White Classic High Top Skate Trainers,0
Vans Sk8-Hi Brown White Classic High Top Skate Trainers Trending Collection,1
Vans Authentic White Charcoal Classic Skate Trainers,0
Vans Authentic White Charcoal Classic Skate Trainers Premium Lifestyle Edition Store Listing,1
Vans Era Black Charcoal Classic Casual Trainers,0
Premium Replica Vans Era Black Charcoal Classic Casual Trainers,1
Vans Classic Slip-On Black Charcoal Classic Casual Trainers,0
Vans Classic Slip-On Black Charcoal Classic Casual Trainers Featured Collection,1
Vans Lowland Red White Classic Casual Trainers,0
Vans Lowland Red White Classic Casual Trainers Elite Streetwear Collection Seasonal Drop,1
Vans Ward Navy White Classic Lifestyle Trainers,0
Vans Ward Navy White Classic Lifestyle Trainers Premium Store Edition Limited Release,1
Vans Skate Low Grey White Low Lifestyle Trainers,0
Vans Skate Low Grey White Low Lifestyle Trainers Handpicked Quality Edition,1
Vans Canvas Low White Grey Lightweight Casual Trainers,0
Vans Canvas Low White Grey Lightweight Casual Trainers Retail Release,1
Vans Filmore Red White Low Canvas Sneakers,0
Vans Filmore Red White Low Canvas Sneakers Drop Export Quality Edition,1
Vans Era White Orange Streetwear Skate Sneakers,0
Vans Era White Orange Streetwear Skate Sneakers Edition Imported Copy,1
Vans Old Skool Brown Beige Low Canvas Sneakers,0
Vans Old Skool Brown Beige Low Canvas Sneakers Luxury Fashion Edition Ready Stock,1
Vans Era Pink White Low Streetwear Sneakers,0
Vans Era Pink White Low Streetwear Sneakers Super Clone New Arrival,1
Vans Lowland Blue White Retro Low Top Sneakers,0
Vans Lowland Blue White Retro Low Top Sneakers Lifestyle Premium Edition Fashion Pick,1
Vans Ward Grey Green Retro Low Top Sneakers,0
Vans Ward Grey Green Retro Low Top Sneakers Exclusive Fashion Collection Urban Wear,1
Vans Skate Low Orange White Retro Low Top Sneakers,0
Vans Skate Low Orange White Retro Low Top Sneakers Executive Lifestyle Sneakers Seasonal Drop,1
Vans Canvas Low Grey Navy Retro High Top Sneakers,0
Vans Canvas Low Grey Navy Retro High Top Sneakers Edition UA Quality,1
Vans Classic Slip-On Black Brown Streetwear Casual Shoes,0
Vans Classic Slip-On Black Brown Streetwear Casual Shoes Lifestyle Edition,1
Vans Old Skool White Black Retro High Top Shoes,0
Vans Old Skool White Black Retro High Top Shoes Export Premium Edition Limited Stock,1
Vans Sk8-Hi Black Charcoal Mesh High Top Skate Shoes,0
Vans Sk8-Hi Black Charcoal Mesh High Top Skate Shoes Version Curated Lifestyle Collection,1
Vans Authentic White Teal Mesh Skate Shoes,0
Vans Authentic White Teal Mesh Skate Shoes Imported Streetwear Edition Online Edition,1
Vans Era White Brown Mesh Skate Shoes,0
Premium AAA Mirror Copy Vans Era White Brown Mesh Skate Shoes,1
Vans Classic Slip-On White Charcoal Mesh Casual Shoes,0
Vans Classic Slip-On White Charcoal Mesh Casual Shoes Premium Fashion Release Store Listing,1
Vans Lowland White Grey Mesh Casual Shoes,0
Vans Lowland White Grey Mesh Casual Shoes Mirror Copy Imported Edition,1
Vans Ward White Charcoal Mesh Casual Shoes,0
Vans Ward White Charcoal Mesh Casual Shoes Master Copy New Arrival,1
Vans Skate Low Charcoal Black Mesh Lifestyle Shoes,0
Vans Skate Low Charcoal Black Mesh Lifestyle Shoes Retail Finish Edition Seasonal Drop,1
Vans Canvas Low White Red Leather Lifestyle Shoes,0
Vans Canvas Low White Red Leather Lifestyle Shoes Urban Luxury Collection Limited Release,1
Vans Filmore White Grey Court Casual Trainers,0
Vans Filmore White Grey Court Casual Trainers Designer Style Edition,1
Vans Lowland White Black Streetwear Casual Shoes,0
Vans Lowland White Black Streetwear Casual Shoes Premium Casual Collection New Arrival,1
Vans Sk8-Hi White Blue Trainer Canvas Shoes,0
Vans Sk8-Hi White Blue Trainer Canvas Shoes Edition Elite Lifestyle Shoes,1
Vans Authentic Navy White Leather Canvas Sneakers,0
Vans Authentic Navy White Leather Canvas Sneakers Imported Designer Edition Online Edition,1
Vans Classic Slip-On White Purple Leather Casual Trainers,0
Vans Classic Slip-On White Purple Leather Casual Trainers Store Selection,1
Vans Lowland White Grey Sport Streetwear Trainers,0
Vans Lowland White Grey Sport Streetwear Trainers Handpicked Premium Collection Store Listing,1
Vans Filmore White Charcoal Sport High Top Trainers,0
Vans Filmore White Charcoal Sport High Top Trainers Premium Everyday Edition Fashion Pick,1
Vans Ward White Charcoal Streetwear Casual Shoes,0
Vans Ward White Charcoal Streetwear Casual Shoes Select Fashion Collection Urban Wear,1
Vans Sk8-Hi Red Beige Sport High Top Skate Trainers,0
Vans Sk8-Hi Red Beige Sport High Top Skate Trainers Retail Look Edition Seasonal Drop,1
Vans Authentic White Navy Streetwear Skate Sneakers,0
Vans Authentic White Navy Streetwear Skate Sneakers Imported Urban Sneakers Limited Release,1
Vans Lowland White Orange Streetwear Casual Sneakers,0
Vans Lowland White Orange Streetwear Casual Sneakers Premium Street Style Edition,1
Vans Ward White Blue Streetwear Casual Sneakers,0
Vans Ward White Blue Streetwear Casual Sneakers Executive Fashion Collection New Arrival,1
Vans Skate Low Navy Charcoal Streetwear Casual Sneakers,0
Vans Skate Low Navy Charcoal Streetwear Casual Sneakers Imported Selection,1
Vans Canvas Low White Red Streetwear Lifestyle Sneakers,0
Vans Canvas Low White Red Streetwear Lifestyle Sneakers Latest Release,1
Vans Old Skool White Black Cushioned Lifestyle Sneakers,0
Vans Old Skool White Black Cushioned Lifestyle Sneakers Trending Collection,1
Vans Sk8-Hi White Charcoal Cushioned High Top Skate Sneakers,0
Vans Sk8-Hi White Charcoal Cushioned High Top Skate Sneakers Curated Edition,1
Vans Authentic White Orange Cushioned Canvas Sneakers,0
Vans Authentic White Orange Cushioned Canvas Sneakers Select Lifestyle Edition Fashion Pick,1
Vans Era Black Red Cushioned Canvas Sneakers,0
Vans Era Black Red Cushioned Canvas Sneakers Luxury Streetwear Collection Urban Wear,1
Vans Classic Slip-On White Grey Cushioned Casual Shoes,0
Vans Classic Slip-On White Grey Cushioned Casual Shoes Designer Selection,1
Vans Lowland Black White Cushioned Streetwear Shoes,0
Vans Lowland Black White Cushioned Streetwear Shoes Export Fashion Edition Limited Release,1
Vans Ward White Navy Lightweight Streetwear Shoes,0
Vans Ward White Navy Lightweight Streetwear Shoes Premium Imported Edition,1
Vans Skate Low Purple White Lightweight Low Top Shoes,0
Vans Skate Low Purple White Lightweight Low Top Shoes Retail Quality Sneakers Latest Drop,1
Vans Canvas Low White Charcoal Lightweight Low Top Shoes,0
Vans Canvas Low White Charcoal Lightweight Low Top Shoes Imported Release,1
Vans Filmore Black Yellow Lightweight Low Top Shoes,0
Vans Filmore Black Yellow Lightweight Low Top Shoes Luxury Edition Online Edition,1
Vans Canvas Low Grey Black Streetwear Lifestyle Shoes,0
Premium AAA Mirror Copy Vans Canvas Low Grey Black Streetwear Lifestyle Shoes,1
Vans Old Skool Red White Lightweight High Top Shoes,0
Vans Old Skool Red White Lightweight High Top Shoes Premium Lifestyle Edition Store Listing,1
Vans Sk8-Hi Red White Lightweight High Top Skate Shoes,0
Vans Sk8-Hi Red White Lightweight High Top Skate Shoes Designer Inspired Collection Fashion Pick,1
Vans Classic Slip-On White Black Court Casual Trainers,0
Vans Classic Slip-On White Black Court Casual Trainers Imported Fashion Edition Urban Wear,1
Vans Lowland White Black Court Skate Trainers,0
Vans Lowland White Black Court Skate Trainers Elite Streetwear Collection Seasonal Drop,1
Vans Ward White Navy Court Casual Trainers,0
Vans Ward White Navy Court Casual Trainers Premium Store Edition Limited Release,1
Vans Skate Low White Yellow Court Casual Trainers,0
Vans Skate Low White Yellow Court Casual Trainers Handpicked Quality Edition,1
Vans Filmore White Grey Court Lifestyle Trainers,0
Vans Filmore White Grey Court Lifestyle Trainers Retail Inspired Sneakers Fresh Arrival,1
Vans Filmore Black Charcoal Cushioned Lifestyle Shoes,0
Vans Filmore Black Charcoal Cushioned Lifestyle Shoes Luxury Replica Imported Edition,1
Vans Old Skool Blue White Runner Lifestyle Trainers,0
Vans Old Skool Blue White Runner Lifestyle Trainers Signature Collection Online Edition,1
Vans Sk8-Hi White Yellow Runner High Top Skate Trainers,0
Vans Sk8-Hi White Yellow Runner High Top Skate Trainers Trending Collection,1
Vans Authentic White Grey Runner Canvas Sneakers,0
Vans Authentic White Grey Runner Canvas Sneakers Premium Imported Collection Store Listing,1
Vans Era Black White Runner Canvas Sneakers,0
Vans Era Black White Runner Canvas Sneakers Lifestyle Premium Edition Fashion Pick,1
Vans Classic Slip-On White Grey Runner Casual Trainers,0
Vans Classic Slip-On White Grey Runner Casual Trainers Featured Collection,1
Vans Lowland Black Charcoal Runner Streetwear Sneakers,0
Vans Lowland Black Charcoal Runner Streetwear Sneakers Designer Selection,1
Vans Ward Charcoal Black Runner Streetwear Sneakers,0
Vans Ward Charcoal Black Runner Streetwear Sneakers Premium Urban Collection Limited Release,1
Vans Skate Low Blue Brown Trainer Streetwear Sneakers,0
Vans Skate Low Blue Brown Trainer Streetwear Sneakers Store Quality Edition,1
Vans Canvas Low White Grey Trainer Low Top Sneakers,0
Vans Canvas Low White Grey Trainer Low Top Sneakers Export Premium Edition Online Exclusive,1
Vans Filmore Yellow White Trainer Low Top Sneakers,0
Vans Filmore Yellow White Trainer Low Top Sneakers Curated Lifestyle Collection,1
Vans Lowland White Black Classic Casual Sneakers,0
Vans Lowland White Black Classic Casual Sneakers Edition Imported Copy,1
Vans Old Skool White Navy Trainer Low Top Sneakers,0
Vans Old Skool White Navy Trainer Low Top Sneakers Select Store Collection Online Exclusive,1
Vans Authentic Black White Trainer High Top Sneakers,0
Vans Authentic Black White Trainer High Top Sneakers Super Clone New Arrival,1
Vans Era Black Beige Trainer High Top Sneakers,0
Vans Era Black Beige Trainer High Top Sneakers Boutique Quality Edition Fashion Pick,1
Vans Classic Slip-On White Grey Clean Casual Sneakers,0
Vans Classic Slip-On White Grey Clean Casual Sneakers High Street Collection Urban Wear,1
Vans Lowland Orange White Clean Skate Sneakers,0
Vans Lowland Orange White Clean Skate Sneakers Retail Finish Edition Seasonal Drop,1
Vans Ward White Grey Clean Skate Shoes,0
Vans Ward White Grey Clean Skate Shoes Urban Luxury Collection Limited Release,1
Vans Skate Low Teal White Clean Casual Shoes,0
Vans Skate Low Teal White Clean Casual Shoes AAA+ Quality Imported Edition,1
Vans Canvas Low Teal White Clean Casual Shoes,0
Vans Canvas Low Teal White Clean Casual Shoes Premium Casual Collection Streetwear Pick,1
Vans Filmore White Charcoal Clean Casual Shoes,0
Vans Filmore White Charcoal Clean Casual Shoes Collection Elite Lifestyle Shoes,1
Vans Sk8-Hi White Grey Cushioned High Top Skate Shoes,0
Vans Sk8-Hi White Grey Cushioned High Top Skate Shoes Imported Designer Edition Online Edition,1
Vans Old Skool White Yellow Clean Lifestyle Shoes,0
Vans Old Skool White Yellow Clean Lifestyle Shoes Signature Streetwear Edition Streetwear Pick,1
Vans Sk8-Hi White Charcoal Modern High Top Skate Shoes,0
Vans Sk8-Hi White Charcoal Modern High Top Skate Shoes Handpicked Premium Collection Store Listing,1
Vans Authentic White Black Modern Lifestyle Shoes,0
Vans Authentic White Black Modern Lifestyle Shoes Mirror Copy Imported Edition,1
Vans Era Yellow White Modern Canvas Sneakers,0
Vans Era Yellow White Modern Canvas Sneakers Select Fashion Collection Urban Wear,1
Vans Classic Slip-On Black Charcoal Modern Casual Shoes,0
Vans Classic Slip-On Black Charcoal Modern Casual Shoes Designer Selection,1
Vans Lowland White Grey Modern Canvas Sneakers,0
Vans Lowland White Grey Modern Canvas Sneakers Imported Urban Sneakers Limited Release,1
Vans Ward White Grey Modern Streetwear Shoes,0
Super Clone Vans Ward White Grey Modern Streetwear Shoes,1
Vans Skate Low Brown White Modern Streetwear Trainers,0
Vans Skate Low Brown White Modern Streetwear Trainers Executive Fashion Collection Store Pick,1
Vans Filmore White Black Heritage Low Top Trainers,0
Vans Filmore White Black Heritage Low Top Trainers Release Retail Grade Edition,1
Vans Authentic White Black Cushioned Canvas Sneakers,0
Vans Authentic White Black Cushioned Canvas Sneakers Imported Lifestyle Sneakers Online Edition,1
Vans Sk8-Hi Black Red Heritage High Top Skate Trainers,0
Vans Sk8-Hi Black Red Heritage High Top Skate Trainers Store Selection,1
Vans Authentic White Teal Heritage High Top Trainers,0
Vans Authentic White Teal Heritage High Top Trainers Premium City Collection Store Listing,1
Vans Era White Grey Heritage High Top Trainers,0
Vans Era White Grey Heritage High Top Trainers Select Lifestyle Edition Fashion Pick,1
Vans Classic Slip-On White Grey Heritage Casual Trainers,0
Vans Classic Slip-On White Grey Heritage Casual Trainers Fashion Edition,1
Vans Lowland White Grey Performance Skate Trainers,0
Vans Lowland White Grey Performance Skate Trainers Premium Store Collection Seasonal Drop,1
Vans Ward Yellow White Performance Skate Trainers,0
Vans Ward Yellow White Performance Skate Trainers Export Fashion Edition Limited Release,1
Vans Canvas Low Charcoal Black Performance Casual Sneakers,0
Vans Canvas Low Charcoal Black Performance Casual Sneakers Lifestyle Edition,1
Vans Filmore Red Grey Performance Casual Sneakers,0
Vans Filmore Red Grey Performance Casual Sneakers Retail Quality Sneakers,1
Vans Era White Black Cushioned Canvas Sneakers,0
Master Copy Vans Era White Black Cushioned Canvas Sneakers,1
Vans Old Skool Red Grey Performance Casual Sneakers,0
Vans Old Skool Red Grey Performance Casual Sneakers Luxury Edition Online Edition,1
Vans Sk8-Hi Black Red Performance High Top Skate Sneakers,0
Vans Sk8-Hi Black Red Performance High Top Skate Sneakers Trending Collection,1
Vans Authentic Charcoal Black Everyday Lifestyle Sneakers,0
Vans Authentic Charcoal Black Everyday Lifestyle Sneakers Curated Edition,1
Vans Era Grey Teal Everyday Lifestyle Sneakers,0
Vans Era Grey Teal Everyday Lifestyle Sneakers Designer Inspired Collection Fashion Pick,1
Vans Classic Slip-On White Grey Everyday Casual Sneakers,0
Vans Classic Slip-On White Grey Everyday Casual Sneakers Featured Collection,1
Vans Lowland Navy White Everyday Canvas Sneakers,0
Vans Lowland Navy White Everyday Canvas Sneakers Elite Streetwear Collection Seasonal Drop,1
Vans Ward Orange White Everyday Canvas Sneakers,0
Vans Ward Orange White Everyday Canvas Sneakers Premium Store Edition Limited Release,1
Vans Skate Low Charcoal Navy Everyday Streetwear Sneakers,0
Vans Skate Low Charcoal Navy Everyday Streetwear Sneakers AAA+ Quality Imported Edition,1
Vans Canvas Low Black Charcoal Everyday Streetwear Sneakers,0
Vans Canvas Low Black Charcoal Everyday Streetwear Sneakers Retail Inspired Sneakers Limited Stock,1
Vans Filmore White Purple Low Top Streetwear Shoes,0
Vans Filmore White Purple Low Top Streetwear Shoes Export Quality Edition,1
Vans Old Skool White Charcoal Low Top Low Top Shoes,0
Vans Old Skool White Charcoal Low Top Low Top Shoes Signature Collection Online Edition,1
Vans Sk8-Hi Black Red Low Top High Top Skate Shoes,0
Vans Sk8-Hi Black Red Low Top High Top Skate Shoes Luxury Fashion Edition Limited Stock,1
Vans Authentic White Black Low Top Low Top Shoes,0
Vans Authentic White Black Low Top Low Top Shoes Premium Imported Collection Store Listing,1
Vans Era White Grey Low Top High Top Shoes,0
Vans Era White Grey Low Top High Top Shoes Lifestyle Premium Edition Fashion Pick,1
Vans Lowland White Charcoal Low Top High Top Shoes,0
Vans Lowland White Charcoal Low Top High Top Shoes Exclusive Fashion Collection Urban Wear,1
Vans Canvas Low White Grey Lightweight Lifestyle Trainers,0
Vans Canvas Low White Grey Lightweight Lifestyle Trainers Fashion Release,1
Vans Filmore White Black Athletic Casual Shoes,0
Vans Filmore White Black Athletic Casual Shoes Premium Urban Collection Limited Release,1
Vans Lowland White Charcoal Cushioned Streetwear Trainers,0
Super Clone Vans Lowland White Charcoal Cushioned Streetwear Trainers,1
Vans Old Skool Black Charcoal Athletic Casual Trainers,0
Vans Old Skool Black Charcoal Athletic Casual Trainers Exclusive Release,1
Vans Sk8-Hi White Charcoal Athletic High Top Skate Trainers,0
Vans Sk8-Hi White Charcoal Athletic High Top Skate Trainers Imported Selection,1
Vans Authentic Grey Charcoal Athletic Lifestyle Trainers,0
Vans Authentic Grey Charcoal Athletic Lifestyle Trainers First Copy New Arrival,1
Vans Classic Slip-On White Navy Comfort Casual Trainers,0
Vans Classic Slip-On White Navy Comfort Casual Trainers UA Quality,1
Vans Ward Purple White Comfort Canvas Sneakers,0
Vans Ward Purple White Comfort Canvas Sneakers Premium Fashion Release Store Listing,1
Vans Skate Low White Navy Comfort Canvas Sneakers,0
Premium Replica Vans Skate Low White Navy Comfort Canvas Sneakers,1
Vans Filmore Navy White Comfort Streetwear Trainers,0
Vans Filmore Navy White Comfort Streetwear Trainers High Street Collection Urban Wear,1
Vans Ward White Charcoal Lightweight Streetwear Trainers,0
Vans Ward White Charcoal Lightweight Streetwear Trainers Designer Selection,1
Vans Old Skool White Grey Classic Streetwear Trainers,0
Vans Old Skool White Grey Classic Streetwear Trainers Urban Luxury Collection Limited Release,1
Vans Sk8-Hi White Charcoal Classic High Top Skate Sneakers,0
Vans Sk8-Hi White Charcoal Classic High Top Skate Sneakers Retail Version,1
Vans Authentic White Purple Classic Low Top Sneakers,0
Vans Authentic White Purple Classic Low Top Sneakers Mirror Copy Ready Stock,1
Vans Era White Grey Classic Low Top Sneakers,0
Vans Era White Grey Classic Low Top Sneakers Release Elite Lifestyle Shoes,1
Vans Classic Slip-On Charcoal White Classic Casual Sneakers,0
Vans Classic Slip-On Charcoal White Classic Casual Sneakers Imported Designer Edition Online Edition,1
Vans Ward White Red Classic High Top Sneakers,0
Vans Ward White Red Classic High Top Sneakers Signature Streetwear Edition Latest Drop,1
Vans Skate Low White Grey Low Skate Sneakers,0
Vans Skate Low White Grey Low Skate Sneakers Handpicked Premium Collection Store Listing,1
Vans Canvas Low White Teal Low Skate Sneakers,0
Vans Canvas Low White Teal Low Skate Sneakers Premium Everyday Edition Fashion Pick,1
Vans Filmore White Red Low Skate Sneakers,0
Vans Filmore White Red Low Skate Sneakers Select Fashion Collection Urban Wear,1
Vans Skate Low White Grey Lightweight Low Top Trainers,0
Vans Skate Low White Grey Lightweight Low Top Trainers Retail Look Edition Seasonal Drop,1
Vans Old Skool Black Charcoal Low Casual Sneakers,0
Vans Old Skool Black Charcoal Low Casual Sneakers Imported Urban Sneakers Limited Release,1
Vans Sk8-Hi White Black Low High Top Skate Sneakers,0
Vans Sk8-Hi White Black Low High Top Skate Sneakers Premium Street Style Edition,1
Vans Authentic White Brown Low Casual Shoes,0
Vans Authentic White Brown Low Casual Shoes Executive Fashion Collection Fresh Arrival,1
Vans Era Black White Low Lifestyle Shoes,0
Vans Era Black White Low Lifestyle Shoes Drop Retail Grade Edition,1
Vans Lowland Black White Retro Lifestyle Shoes,0
Vans Lowland Black White Retro Lifestyle Shoes Imported Lifestyle Sneakers Online Edition,1
Vans Ward Red White Retro Canvas Sneakers,0
Vans Ward Red White Retro Canvas Sneakers Designer Inspired Edition Fresh Arrival,1
Vans Skate Low Grey Charcoal Low Top Canvas Shoes,0
Vans Skate Low Grey Charcoal Low Top Canvas Shoes Premium City Collection Store Listing,1
Vans Canvas Low White Grey Retro Canvas Sneakers,0
Vans Canvas Low White Grey Retro Canvas Sneakers Select Lifestyle Edition Fashion Pick,1
Vans Filmore White Charcoal Retro Streetwear Shoes,0
Vans Filmore White Charcoal Retro Streetwear Shoes Luxury Streetwear Collection Urban Wear,1
Vans Canvas Low White Grey Lightweight Low Top Trainers,0
Vans Canvas Low White Grey Lightweight Low Top Trainers Premium Store Collection Seasonal Drop,1
Vans Old Skool Grey Red Retro Streetwear Shoes,0
Vans Old Skool Grey Red Retro Streetwear Shoes Export Fashion Edition Limited Release,1
Vans Authentic White Grey Mesh Low Top Shoes,0
Vans Authentic White Grey Mesh Low Top Shoes Premium Imported Edition,1
Vans Era White Black Mesh Low Top Trainers,0
Vans Era White Black Mesh Low Top Trainers Edition OEM Replica,1
Vans Classic Slip-On White Black Leather Canvas Trainers,0
Vans Classic Slip-On White Black Leather Canvas Trainers Imported Release,1
Vans Lowland Black Charcoal Mesh High Top Trainers,0
Vans Lowland Black Charcoal Mesh High Top Trainers Luxury Edition Online Edition,1
Vans Ward White Red Mesh High Top Trainers,0
Vans Ward White Red Mesh High Top Trainers Executive Collection Online Exclusive,1
Vans Skate Low Grey Charcoal Mesh High Top Trainers,0
Vans Skate Low Grey Charcoal Mesh High Top Trainers Premium Lifestyle Edition Store Listing,1
Vans Canvas Low White Purple Leather Skate Trainers,0
Vans Canvas Low White Purple Leather Skate Trainers Designer Inspired Collection Fashion Pick,1
Vans Filmore White Black Leather Skate Trainers,0
Vans Filmore White Black Leather Skate Trainers Imported Fashion Edition Urban Wear,1
Vans Filmore Black White Lightweight Low Top Trainers,0
Vans Filmore Black White Lightweight Low Top Trainers Elite Streetwear Collection Seasonal Drop,1
Vans Old Skool White Teal Leather Skate Trainers,0
Vans Old Skool White Teal Leather Skate Trainers Premium AAA Mirror Copy New Arrival,1
Vans Sk8-Hi Black Blue Leather High Top Skate Trainers,0
Vans Sk8-Hi Black Blue Leather High Top Skate Trainers Lifestyle Edition,1
Vans Authentic Black White Leather Casual Trainers,0
Vans Authentic Black White Leather Casual Trainers Retail Inspired Sneakers Online Exclusive,1
Vans Era White Grey Leather Casual Trainers,0
Vans Era White Grey Leather Casual Trainers Edition Export Quality Edition,1
Vans Classic Slip-On Red White Leather Casual Sneakers,0
Vans Classic Slip-On Red White Leather Casual Sneakers Latest Release,1
Vans Lowland Red White Sport Lifestyle Sneakers,0
Vans Lowland Red White Sport Lifestyle Sneakers Luxury Fashion Edition Streetwear Pick,1
Vans Ward Yellow White Sport Lifestyle Sneakers,0
Vans Ward Yellow White Sport Lifestyle Sneakers Premium Imported Collection Store Listing,1
Vans Skate Low White Yellow Sport Canvas Sneakers,0
Vans Skate Low White Yellow Sport Canvas Sneakers Lifestyle Premium Edition Fashion Pick,1
Vans Filmore Grey Teal Sport Canvas Sneakers,0
Vans Filmore Grey Teal Sport Canvas Sneakers Exclusive Fashion Collection Urban Wear,1
Vans Authentic Navy White Lightweight High Top Trainers,0
Vans Authentic Navy White Lightweight High Top Trainers Executive Lifestyle Sneakers Seasonal Drop,1
Vans Era White Grey Court Skate Trainers,0
Vans Era White Grey Court Skate Trainers Premium Urban Collection Limited Release,1
Vans Lowland Black White Sport Lifestyle Trainers,0
Vans Lowland Black White Sport Lifestyle Trainers Store Quality Edition,1
Vans Ward White Brown Court Casual Sneakers,0
Vans Ward White Brown Court Casual Sneakers Export Premium Edition Streetwear Pick,1
Vans Skate Low Brown Navy Court Casual Sneakers,0
Vans Skate Low Brown Navy Court Casual Sneakers Release Curated Lifestyle Collection,1
Vans Canvas Low Navy Blue Court Casual Sneakers,0
Vans Canvas Low Navy Blue Court Casual Sneakers Imported Streetwear Edition Online Edition,1
Vans Sk8-Hi Black White Runner High Top Skate Sneakers,0
Vans Sk8-Hi Black White Runner High Top Skate Sneakers Store Selection,1
Vans Authentic Black White Runner Canvas Sneakers,0
Vans Authentic Black White Runner Canvas Sneakers Premium Fashion Release Store Listing,1
Vans Lowland White Black Runner Streetwear Sneakers,0
Vans Lowland White Black Runner Streetwear Sneakers Boutique Quality Edition Fashion Pick,1
Vans Filmore Grey Navy Trainer Low Top Shoes,0
Vans Filmore Grey Navy Trainer Low Top Shoes High Street Collection Urban Wear,1
Vans Old Skool Red Charcoal Trainer Low Top Shoes,0
Vans Old Skool Red Charcoal Trainer Low Top Shoes Retail Finish Edition Seasonal Drop,1
Vans Authentic White Charcoal Trainer High Top Shoes,0
Vans Authentic White Charcoal Trainer High Top Shoes Urban Luxury Collection Limited Release,1
Vans Era White Brown Trainer High Top Shoes,0
Vans Era White Brown Trainer High Top Shoes Designer Style Edition,1
Vans Classic Slip-On White Beige Clean Casual Shoes,0
Vans Classic Slip-On White Beige Clean Casual Shoes Premium Casual Collection Store Pick,1
Vans Lowland White Beige Clean Skate Shoes,0
Vans Lowland White Beige Clean Skate Shoes Drop Elite Lifestyle Shoes,1
Vans Ward Charcoal Navy Clean Skate Shoes,0
Vans Ward Charcoal Navy Clean Skate Shoes Imported Designer Edition Online Edition,1
Vans Skate Low Teal White Cushioned Canvas Sneakers,0
Vans Skate Low Teal White Cushioned Canvas Sneakers Signature Streetwear Edition Store Pick,1
Vans Canvas Low Black White Clean Casual Trainers,0
Vans Canvas Low Black White Clean Casual Trainers Handpicked Premium Collection Store Listing,1
Vans Filmore Green Charcoal Clean Casual Trainers,0
Vans Filmore Green Charcoal Clean Casual Trainers Premium Everyday Edition Fashion Pick,1
Vans Old Skool Charcoal Black Clean Lifestyle Trainers,0
Vans Old Skool Charcoal Black Clean Lifestyle Trainers Select Fashion Collection Urban Wear,1
Vans Sk8-Hi White Grey Modern High Top Skate Trainers,0
Vans Sk8-Hi White Grey Modern High Top Skate Trainers Retail Look Edition Seasonal Drop,1
Vans Classic Slip-On White Grey Modern Casual Trainers,0
Vans Classic Slip-On White Grey Modern Casual Trainers Export Selection,1
Vans Lowland Charcoal Black Modern Canvas Sneakers,0
Vans Lowland Charcoal Black Modern Canvas Sneakers Premium Street Style Edition,1
Vans Skate Low White Black Modern Streetwear Trainers,0
Vans Skate Low White Black Modern Streetwear Trainers Executive Fashion Collection Ready Stock,1
